,X_draw_graph_fa-0,X_draw_graph_fa-1
cell_2467,188.73291347275125,14161.03358974985
cell_274,-6176.388642324851,12033.037488093056
cell_2580,2052.8258296125714,11519.329075901778
cell_144,-5935.957192188381,11423.685598203596
cell_1521,2183.1642439342845,9713.807104448422
cell_2159,1195.601769725804,13751.294830082505
cell_2150,1096.2190857034839,14374.117540950248
cell_2025,685.0360593228775,14774.706429846718
cell_1681,1754.2491619328841,11722.31751628944
cell_1620,3013.276109876739,7572.032811386992
cell_2242,-1346.2888963793457,11678.545900222707
cell_2187,2298.1885167186015,12634.210958748066
cell_1868,-501.20679485961745,13067.163895718457
cell_2221,3371.5341139158477,10235.997321171732
cell_344,-2050.773030155916,11100.445213355437
cell_312,-6127.428749600462,11990.621339832398
cell_2378,1602.6714951457445,12312.701805664294
cell_2082,-955.4395335313577,13223.543687594254
cell_206,-6080.830368642186,11874.713046298588
cell_1907,1227.2839194722724,13986.513823555762
cell_321,-3151.076057957054,9448.322093993287
cell_1634,1233.252843275159,-40440.55869353183
cell_2210,1636.0695241560006,11901.229153946186
cell_2347,2396.265358409729,12414.107931122448
cell_2536,513.6463277246941,14316.56978533882
cell_1887,1102.8243194215463,13524.196265601826
cell_2379,2834.9866370997274,11829.238842503137
cell_2602,2127.0819796091823,11802.90484171107
cell_1930,723.1974834502095,14504.325981458856
cell_149,386.4344867885044,6667.017965038996
cell_192,-5139.565233198589,10675.787407541073
cell_1553,2852.0012962357837,13728.026012530212
cell_2261,430.83116874114273,14694.953979290962
cell_198,1606.5231666530588,-37678.795216981176
cell_246,-3700.366691836877,12121.344467961706
cell_1573,-857.5291881793286,13528.878085823617
cell_1512,3884.0628856736494,9078.407146570711
cell_58,-2408.5993238026367,-35781.79941014194
cell_1667,2502.002771874785,12941.89609987937
cell_299,1916.1190573738731,5684.971192823823
cell_183,-3258.463953925339,-28110.908575445468
cell_2103,499.70054080480975,13013.332568113037
cell_1943,-702.6604013767175,15513.862565952659
cell_1531,2364.698073924327,15179.45352496642
cell_2287,-662.6979274049314,12323.449250332375
cell_83,-2471.0721439860686,-32318.946654705458
cell_1946,-35.5938453860219,13602.384893205368
cell_2551,2855.4357139820145,9776.017661169271
cell_21,-4900.944688011899,9697.23855169655
cell_1505,685.0346200234966,12211.62785200005
cell_154,-5920.163983552611,12066.354634019575
cell_1534,1673.949642625549,13102.10628505077
cell_1601,971.9000168400498,13729.893744698536
cell_1580,-273.17542544315967,12656.34109358774
cell_2350,1916.1213144317478,10743.261630081473
cell_2365,2481.1543109674435,12889.579413659518
cell_1826,-934.4926537221037,14086.643987168796
cell_317,-4918.371001447842,9479.734124260021
cell_2423,901.1728933765364,12600.651307618917
cell_2369,1324.073333076323,13858.286311962222
cell_1940,937.7988941293448,14452.06588802628
cell_210,-5219.6160684829465,9580.884573591566
cell_197,-5731.997094963304,11475.168540569768
cell_37,-4810.5773373834245,11521.751882101162
cell_1530,749.1175837268654,12042.37443443882
cell_1562,1315.3471399700072,12835.345464723945
cell_2066,1397.5266538065575,14477.673880872386
cell_1969,528.5572466873712,14036.984254311334
cell_2124,3719.2020201704026,8194.013719807446
cell_2228,2132.4444364358765,12297.502060440664
cell_1841,694.6588446108989,13320.894183408744
cell_2075,1040.8773981362674,14562.988791907752
cell_1824,1553.702994366441,11317.166778813411
cell_2607,560.4991236470107,14209.20253954878
cell_2457,-2609.0597185042475,-34327.83272969267
cell_2030,1267.2340659308593,13488.770658121552
cell_1812,1083.6464092157184,14121.019237285656
cell_2272,912.3082521786583,14611.903236114858
cell_87,-4651.602656043443,9891.807910336152
cell_338,-4442.696881428358,12405.579694078866
cell_2200,959.3684488709723,14539.186080604544
cell_2225,2857.0333156888996,14017.392863704006
cell_345,-5940.278843389065,11966.71173475988
cell_2562,1035.7674852650005,13542.149793268045
cell_1854,2021.3577411347408,12589.471546271348
cell_1904,814.0060361892599,13742.95226751602
cell_255,-2463.081056572247,-34042.20949113325
cell_1797,-3772.990976876087,-28676.704523564273
cell_2492,1103.6816104508646,12630.04991013626
cell_187,-1439.852237158687,8040.716025863529
cell_331,-1343.64818971995,-40307.80902616671
cell_2403,2848.1373958686513,13123.308960417131
cell_2364,2216.539525760993,14460.562497274288
cell_111,-96.66029940977177,7006.454074268976
cell_337,-2307.1996093329735,11222.551304099907
cell_1823,-2561.633746998831,-34398.91874413964
cell_2405,-1680.170005553891,-40148.889502099795
cell_320,-1714.9969231881628,9162.823700266903
cell_1584,-66.74728669213442,-40488.70241314186
cell_2606,322.3706463412561,13538.303345097118
cell_65,-4462.973016347716,11729.547173777395
cell_2323,1668.457695816459,9610.404104110055
cell_2233,2888.0312387858967,10143.167676934429
cell_1586,-1680.8501577507166,14037.07846416697
cell_202,-2933.4338128068953,8580.025304437824
cell_2550,709.4811382211382,13240.643857039082
cell_257,-4727.187361115874,9276.175167869564
cell_1688,2374.090435360687,11337.984098466197
cell_348,-1597.38986106684,-34960.60315120855
cell_1610,3760.946842686149,9810.426474276199
cell_162,-4624.673892853073,9860.496005201641
cell_273,-5067.836467920301,11356.857588682278
cell_1871,-72.63541912832208,14707.964391076775
cell_2392,-300.26471700809265,14279.49910684416
cell_1967,987.3772430592728,14636.82540640811
cell_191,-5590.593839945444,12175.939718874064
cell_2545,917.3565802866418,13030.036499252723
cell_18,-5397.032515239452,11975.685735355268
cell_2646,2083.125835264829,10876.081493023137
cell_186,-5220.769796235253,9627.22939662862
cell_354,4552.520615935269,4125.828082527736
cell_2561,1514.627082263168,13793.159119122562
cell_2100,-1912.690583800143,13848.779579711312
cell_1673,1496.832150276979,13832.185814308563
cell_2644,-470.19997683855655,12915.785814845663
cell_70,-2913.564862359963,9639.036495022323
cell_284,-3244.300162906517,-28248.58455551585
cell_167,-2953.5773813097903,-29126.73024368034
cell_1908,2401.5784248550003,11721.110758932455
cell_271,-4740.0828002127355,11586.027368298424
cell_1915,-3491.7111963797806,-27561.55548419495
cell_2622,2447.9275926225278,12025.038079055932
cell_134,-6060.062667441654,11958.869982162616
cell_281,-5113.1019722387255,9800.78358484179
cell_2177,1369.9399378723538,-39655.536687531916
cell_2037,4001.510993241013,7660.55460332158
cell_96,-2081.307680507354,-35818.70305094658
cell_1566,1309.4445587674147,12270.552556751116
cell_2495,-2854.9886926529903,-32939.64274662504
cell_129,-5618.746190826846,10875.216542050484
cell_1656,597.0571520479971,12710.654591676363
cell_2581,474.0598181673143,13913.847677902308
cell_2256,3626.3232331446275,7715.553442079679
cell_303,4639.289523656394,3936.854291581949
cell_293,-2598.386250926886,11493.953647021259
cell_1695,80.1695525279103,12795.43138725023
cell_118,-4960.251703421456,9659.477364014045
cell_2297,733.506018066435,13443.094572870003
cell_230,-5085.611676834966,11418.505757047442
cell_1484,-369.80436285178445,13574.75900797205
cell_2599,718.0833412675566,11989.637090536507
cell_49,-3292.123322465237,8488.759084256795
cell_2255,2101.162106309332,-39465.49970254759
cell_1565,2201.1165615462837,12885.639473521416
cell_2362,1176.9466252435543,12410.26426632458
cell_2427,-1999.2693770840708,13338.950568557391
cell_268,-4934.906485271348,9598.421261622376
cell_1468,1290.6454950148786,14512.171889692592
cell_2334,1397.639009073458,14068.85076807079
cell_2372,-1707.0160532625666,-40087.33118447847
cell_2552,821.1192395385749,-39566.44316716094
cell_2446,762.3254874425247,14585.566345060834
cell_2519,1156.8022374566415,14282.949928520233
cell_1684,1861.757737930116,9377.549241092638
cell_1,-5949.2811471584755,11900.468810210976
cell_1698,1898.92813535755,12722.493093708828
cell_264,-5798.896406042238,11210.765447788344
cell_1544,1314.0860675635624,13301.373370141322
cell_1729,456.5979340486237,14464.651703138436
cell_226,-1081.1587522500702,7986.807093943131
cell_1460,2027.4212730353265,13986.043877379208
cell_289,-5052.787730956466,11716.010695728142
cell_1911,1235.3057393665147,12993.2103702759
cell_347,321.4382123044216,-40767.44345202708
cell_1951,-598.1520714412732,12534.951755383285
cell_159,-338.7431181886285,-38977.45162611457
cell_188,-6032.043872847108,12123.767689155986
cell_1819,1479.3963837672761,14106.800657357731
cell_2387,928.2035184660868,13480.522547282093
cell_1896,-85.11211904977355,14414.938469711824
cell_2138,1933.3909831915594,14240.939998405547
cell_233,-5559.619953126521,11679.764490509966
cell_2300,5.689239503251082,14584.109735337512
cell_1572,2805.0409689157896,-40141.45912112709
cell_2249,-1041.2739647745207,12938.688900576988
cell_1556,-2410.803132781351,-32498.892676614538
cell_1488,1358.363101546226,13505.241266507961
cell_1631,1380.5804879357572,14239.405909259598
cell_1705,2128.866890450334,13173.035983688776
cell_2092,345.29230790418643,13856.421565476412
cell_2657,2049.5811075203133,14250.479752609346
cell_1609,2208.5289441133373,11717.457983089029
cell_276,1007.9634633167835,7749.750128105455
cell_2557,2716.657951329221,8813.845240664583
cell_2254,3338.095704879116,8531.156129687688
cell_318,-4648.755780681961,11988.437549367969
cell_11,-6235.527446790756,11806.23010165291
cell_2577,-161.3007634879534,-37027.62850295689
cell_2027,1682.678196634003,11269.251063129532
cell_104,-4146.639678714934,9060.10934901656
cell_2430,410.2689475149527,12249.25806546936
cell_1757,1019.7388430169701,13696.233182480466
cell_2316,2756.3487008558136,10177.138649842895
cell_29,-5304.46706469746,11342.302554885791
cell_1968,2847.4033609121007,9515.532315450218
cell_2212,-527.0728324031184,13599.447628517577
cell_74,-4354.346442192012,9049.040784323566
cell_1963,1272.4596186687054,11613.327814749375
cell_2435,1938.141225906892,14074.549901091452
cell_2179,1154.8410954408596,14027.593949232383
cell_35,1622.9660300093954,5598.422905303793
cell_1745,-3693.127373135388,-28429.14585459478
cell_2061,1821.3511694828096,8163.321393286851
cell_1709,1621.0682880638758,14326.9831156356
cell_1898,3433.235623756777,6510.364184821734
cell_1657,350.052806962963,13039.882334822027
cell_189,151.5113734360519,7133.494532212271
cell_2544,833.0902913679255,14692.929432148789
cell_1543,-881.1657720287561,13279.189543995437
cell_309,-4218.830644334145,10155.707784679686
cell_2506,1162.8725358640447,13619.102644901863
cell_2245,2108.6334614010425,12724.477554225952
cell_190,-3835.799613440355,11765.565508025958
cell_2383,627.8613384870413,10429.28221566244
cell_2238,-683.7305918297901,13712.789981021546
cell_2137,131.01986611228045,13397.090033267692
cell_2566,557.3692862082636,13506.369691108765
cell_1893,897.0816283532995,13976.83250821514
cell_1974,-1640.1819825788646,13239.946754153121
cell_209,-5862.724290371658,11871.641922619847
cell_1661,4170.410114613772,7235.103757682819
cell_1686,2599.1815626215625,9250.211351150263
cell_1862,-1758.2621032914421,-40865.49184391454
cell_1839,74.8573223566099,14803.719992097358
cell_173,-4200.210664745486,10059.347195285674
cell_1699,2483.9915906368606,10630.08677942849
cell_1746,974.157166477667,14218.402255103058
cell_1714,1598.5328842716326,12565.69890793217
cell_1918,-570.4249599494029,12432.882470630173
cell_80,-5909.259273661366,11366.868082893521
cell_2312,-1914.3447558645,-40145.98311752398
cell_2571,1166.0394898688023,14183.147240461918
cell_2289,1639.9559598028968,13202.571950626001
cell_2455,-548.5854768993944,-39095.854516045234
cell_277,-3987.358146871349,10461.101103988458
cell_2096,1221.8184754411864,14591.508396350202
cell_2207,-299.72356761825586,10105.515902201867
cell_1990,1464.2356425325352,13398.707393121596
cell_117,1379.030866107089,5733.042805039847
cell_341,-5635.546841594655,10456.886521433442
cell_66,-5980.733730938086,11602.41946100814
cell_2414,1066.0110899465346,13390.798228894806
cell_1965,1891.1501699807623,13696.538178957942
cell_2412,3059.939388748861,8889.332921614645
cell_2632,951.7087143913128,14114.646175020445
cell_2114,1641.1360604730867,13404.04790060797
cell_63,-5883.2341495276405,12021.423331391805
cell_243,-5113.826538550017,9978.128313095602
cell_1664,237.29526311325884,13043.202848875822
cell_1970,3092.669773570754,7955.578068367171
cell_2601,-2932.0677459838603,-32860.61052252684
cell_2576,2135.722878681942,12109.223160477146
cell_76,-5450.659612053655,11924.659041825995
cell_1884,644.5413126247115,14681.90868827282
cell_1493,1493.9081886290548,12846.171761349542
cell_1559,911.100954687713,12502.182349562341
cell_2413,2221.7308635831214,8771.254832741897
cell_223,-4475.873987683102,9016.331188209144
cell_1696,857.2387169704701,12792.553459943929
cell_336,1197.6034913188425,5697.662045033394
cell_250,-5707.306192280681,11618.845361290436
cell_120,-5005.824209528378,10108.048164439057
cell_1595,-1974.3972658012021,-36308.07712614474
cell_2175,2486.672134997297,9409.326711623382
cell_1992,-2757.958520333429,-30195.38645596774
cell_2195,557.687317309757,14638.195498112213
cell_2173,1471.2142556852493,14484.465717466084
cell_2331,1490.6411635661423,12754.119069571962
cell_1795,4992.447951577565,6388.180996036915
cell_1477,-237.29761286546778,13795.556711780519
cell_145,-5571.9920283201045,10686.00475436006
cell_33,1125.207794751994,5929.620404726219
cell_26,-3301.5158360614178,9420.18384682021
cell_2402,1686.7788483897582,10567.28271678553
cell_1844,101.65565380682506,12463.551741153125
cell_2452,1237.338492047711,10047.621050713637
cell_1849,2524.719676376801,12273.511746686827
cell_1540,4614.889453187471,6151.217615625085
cell_47,2115.073169005506,6403.1735612857765
cell_302,-2745.467179162475,11305.522700524123
cell_2182,1471.1678841152125,13288.26559449567
cell_2152,2850.6128452088547,8538.369034202655
cell_2301,1807.3904697564815,9903.873560220996
cell_2021,-380.0644391920809,12420.418775096126
cell_1662,-784.4006263895578,-39190.47705475109
cell_2615,74.53300324426553,14090.053810526935
cell_2462,1637.5664202726884,13572.183201661093
cell_2265,1901.2461922721754,10758.387055193334
cell_2236,1456.657579425995,13561.657782508595
cell_2251,1545.0801946701724,13945.330176087631
cell_2642,957.7290727521022,13154.232667259395
cell_238,-5643.805610783604,11715.371968261012
cell_1672,1827.9362062586076,12448.667992257988
cell_2052,761.5619189884299,12105.861635566227
cell_2120,507.3856341054851,12936.142590802232
cell_1945,1379.4663863693816,11682.67111618952
cell_2318,-3567.652107488318,-27761.949997263266
cell_1649,182.07823850958417,12700.188977346554
cell_1650,1610.1627967296474,15287.086807679678
cell_2121,348.9130160912973,9170.736598366731
cell_2534,1137.578107481497,14704.641187770509
cell_1464,2166.577375905487,13025.677902780126
cell_2650,1409.2481899487836,13555.23646225491
cell_2351,2804.147676897407,8816.718799630504
cell_1791,-2685.3311699979163,-30326.543826703015
cell_2296,2732.016397943196,13544.467246418246
cell_181,-5523.207718565781,10847.11129086515
cell_2366,3794.9698211710233,7631.640336586647
cell_2135,1563.241373237938,13144.669058967516
cell_2117,961.5322666770513,12766.858181224134
cell_1585,1019.0196426397446,14604.29027647674
cell_2278,-3302.5967139119034,-27438.56198852375
cell_236,4343.184210080016,2672.31385214189
cell_1483,1666.8972852074169,13926.391695822114
cell_1465,1042.1135603186888,13794.069715754606
cell_1926,-279.4270705847383,14144.42064377006
cell_1614,1986.4368624799556,13459.833831218803
cell_1623,0.11061997651612099,14497.176907190395
cell_225,2829.6450913061326,6822.209703456711
cell_1790,977.6456050752221,12217.414329980347
cell_1481,2014.0247133365162,10618.280032442683
cell_2097,1922.8011201619215,12575.737581157862
cell_296,4856.6872710827465,5674.454620767045
cell_1783,-344.80678093895494,13507.03449259326
cell_1527,849.6408263187295,14003.156623801377
cell_2205,-2126.6600947215948,-36571.66572276932
cell_2006,-1231.3275405279808,13298.591138187146
cell_2285,1247.0111814568002,11225.335877311003
cell_2489,1621.245490402388,13159.110330377718
cell_214,-1018.12234233703,-40717.66137403166
cell_1959,2469.6273172710803,14405.127534849102
cell_248,-2103.6548049761213,8266.794634269887
cell_113,-1056.125205999617,-40778.41850653826
cell_2635,3629.915317852049,9221.485087443682
cell_2270,3545.0036736836773,9379.326789344677
cell_2342,1241.0195380611501,12673.128924447126
cell_227,2500.3073790261406,7159.812998666009
cell_2486,1635.4720644916729,11178.589317210744
cell_1637,1061.1234045543556,12560.328203919693
cell_2155,1675.666558033102,12750.247233816855
cell_1646,2512.273291677808,14339.204891441437
cell_1921,545.2769727626084,13629.448773888695
cell_133,-4705.1536082816165,9461.95818122555
cell_1978,3524.402772298411,8920.644755894697
cell_2156,3506.4008733891824,8252.401146170847
cell_1579,871.4929132251057,12673.660928087822
cell_1499,1007.4510428150694,13963.990433797637
cell_2420,-1978.3280566277986,-40187.058934219065
cell_1803,908.8953925650214,15268.680018238638
cell_2007,1751.9175964597332,12613.426974631811
cell_2283,-235.99058913111324,12560.952769610833
cell_2556,1444.7504623420627,11352.873648074363
cell_2619,-2098.065510984547,-36541.3505866281
cell_2629,-347.19292004299484,14188.089401070472
cell_2229,380.84824269789124,14117.799434367244
cell_254,-4396.289228519111,10907.856718366982
cell_2317,1992.7073689329252,12737.228746247913
cell_175,968.9840987178584,6260.310689157639
cell_269,-3117.443762786051,-30184.498532611993
cell_2101,-2246.8254170583114,-35765.66238412893
cell_2271,673.2070829447637,14619.469453459076
cell_1728,3107.016784367303,13834.90684877893
cell_1822,-2340.2523352016806,-35857.88594799411
cell_45,-1647.9544216867896,-40230.289396746564
cell_2444,1700.7380680191238,10980.619422025906
cell_2631,1572.6815255777594,13553.124305540801
cell_260,427.273515193488,-37830.388547804854
cell_2308,1721.928147757293,13195.028735001213
cell_2620,1533.225730778052,12276.51448340453
cell_2396,1175.0470470905645,14494.583645420762
cell_279,-757.6511544696172,7908.028955504366
cell_2418,1287.2816262384656,13620.857206586841
cell_1995,-2272.897418193227,-35247.499223523366
cell_2428,1576.1654083953965,13875.500284483669
cell_1454,-457.416256939078,13574.816811591245
cell_1900,-2498.4829032781486,-34689.55869514541
cell_1603,1962.6369512740316,10166.901508069835
cell_1937,-788.8792109955857,13082.697596895105
cell_2579,-74.96594946611762,12728.505205470083
cell_1762,1245.4218025134924,14396.370550337617
cell_2153,123.77416218210573,13981.957298754738
cell_2081,1641.0803069907945,-39893.86767740453
cell_1770,1017.7126450830679,14302.931079329237
cell_1753,2090.8197971029667,12642.723799976155
cell_2485,146.37154900777767,13873.252500590273
cell_1467,1639.9751104647282,10289.543779175921
cell_2424,1101.645781353804,14438.791882737365
cell_1748,879.5456463887363,12935.55395114144
cell_64,-2880.764231389395,-28945.12202499246
cell_1856,-1540.395951402312,13047.791222423046
cell_2464,347.03999579057955,12819.1559089915
cell_2274,954.9164434706162,12251.446528494727
cell_1787,-2148.02248172637,-37563.44975909065
cell_79,-6191.0217815834985,11856.77319262704
cell_2530,1732.8685102703298,12383.99230475951
cell_2181,-280.3481598355493,-41718.146888852316
cell_1756,-323.9243238457025,13983.957141692623
cell_2468,1669.403260048787,13471.084107128414
cell_2174,1867.895858804655,14499.99344462581
cell_1563,2540.8311438364217,14575.24186205125
cell_1636,518.5679950991987,13684.363029966278
cell_1724,2399.476324080093,12578.174533905189
cell_1789,505.54287372028926,11856.194710858284
cell_1801,-499.5392026471262,-40061.823813845054
cell_1767,1180.8905581575102,13845.61284282696
cell_2540,2181.5143744801085,11420.65199138337
cell_2417,2105.03537266071,12151.452874005596
cell_2381,1650.915139925705,12817.62383671526
cell_55,-1466.557777677748,-37374.14474338253
cell_2020,299.4318143606485,14322.713024454624
cell_2253,1706.5974782124756,13550.428613303866
cell_1869,-2644.0396590710648,-34420.289074024935
cell_2386,1795.98703651022,14073.307749169186
cell_319,-3437.837879154108,8286.68464412993
cell_2458,1606.7254643427063,13356.843883307709
cell_2130,1540.767053436775,13452.877860274899
cell_2483,-2873.58288596476,-32859.81927354857
cell_1463,-2070.026854078493,-35472.139725636895
cell_1782,2005.6206007070095,12698.069830353652
cell_1811,1475.0853410762945,12471.297002011504
cell_2613,1366.476709885155,13104.734017089057
cell_2370,1169.949555729352,13481.293366097203
cell_2637,21.503839333719966,12977.328961528401
cell_1942,651.7992694132005,14640.074530322054
cell_150,-6165.198811983157,11832.767528318669
cell_1944,458.845137358512,14728.16100291632
cell_346,-4042.3278119531396,11433.117995978693
cell_1754,-1603.056531401915,-35935.02344034135
cell_1525,3647.57076807436,8720.14616617827
cell_1622,1386.1083641957741,13416.40108961871
cell_1456,2379.696865775917,12287.4231022564
cell_1936,1908.9171492775126,13769.795180186491
cell_2522,704.5183602110252,13794.651878207407
cell_325,-4876.829961467567,10072.237501245647
cell_1805,1454.7570100533842,12570.578236236455
cell_2437,1536.6381705012063,12378.85298882915
cell_91,-2443.3976033861304,-34367.61492010002
cell_2002,2238.0118200777815,11071.926002900778
cell_311,-1353.71464455498,11832.12270480604
cell_1739,2225.879448040541,13130.130245406172
cell_2087,1322.3263248865114,10869.738918831894
cell_2280,1226.8020141007112,-40598.80116401061
cell_2269,650.847382022818,14077.080596891765
cell_1980,805.47950240398,14539.491606270705
cell_2176,2005.3203656923256,12973.113741896916
cell_1618,1496.9993834016811,13448.622054538695
cell_2608,954.28936915759,13778.291053790092
cell_1833,-360.3766638605484,13797.058471148435
cell_2185,801.6195224410558,11040.457137463764
cell_1476,1041.009303458866,12996.512965979147
cell_2507,1119.2914516683184,14666.924904530213
cell_1458,1343.879201654848,11321.502293621963
cell_2160,1355.569483560455,14013.261002521427
cell_122,-5825.069949614823,12167.720682515386
cell_2651,827.2062007043418,14118.945978119697
cell_2434,710.8165770865655,13856.153202698579
cell_2327,-195.3569448101156,14291.697359951668
cell_2408,878.482691124716,14217.29290441085
cell_2584,3709.595515615409,7556.024862611476
cell_2190,1825.4688766430058,13940.368256209134
cell_2564,219.85421483678599,14575.497483066409
cell_2057,443.4368476758267,14900.799880786019
cell_2559,2150.2295144800446,12556.281102157207
cell_1501,1872.292788155973,9335.330671031785
cell_160,-2072.0200262337294,-35513.150911769866
cell_2514,406.8746475109124,-41260.82984533856
cell_1548,1622.1499126186177,12932.709490269342
cell_1619,1163.8111769455672,12850.518010848944
cell_2400,777.2484884254824,13503.552954455516
cell_2432,1355.7177938515167,14132.094729183495
cell_1613,2157.198905805005,12176.06219650171
cell_2421,1471.3510717647384,13758.650091179781
cell_2239,-2333.0318666986614,-33686.41624006864
cell_127,-4791.780189710322,9763.19889149611
cell_2202,446.7405622693947,14569.89733277228
cell_2513,1782.444509735068,11973.02719932076
cell_2141,3146.9619088219033,15783.033830925526
cell_1755,375.428718666481,13072.614803861597
cell_165,-5761.014529182841,11960.86432151309
cell_326,-1935.4124204691095,8046.81637963775
cell_2504,1719.3665667772004,12522.087038104415
cell_2005,1303.0094497319546,14029.317234354403
cell_288,1575.8687044189692,6156.817893230498
cell_1766,754.9474457132308,14078.360269315404
cell_2211,3690.833880851063,9396.10767073037
cell_307,-4657.722120165937,10146.933625416495
cell_2526,1748.9121631897572,12920.433044585898
cell_322,-2125.85231509534,9182.254733638158
cell_72,-205.60286394043874,-40690.547948809726
cell_2056,1801.1098130069872,12811.397816563484
cell_247,-1821.7710412106198,10667.858213285215
cell_1629,1472.9472347926212,15952.26153988422
cell_2180,4549.379859345889,6747.299885194196
cell_1491,-3808.443772795723,-29715.555759436327
cell_2520,1879.793924032693,12150.85548227387
cell_1903,805.9388676529585,14217.857415206738
cell_107,-826.2396808751723,-40524.65470456926
cell_2029,361.2315227204416,13483.288838617951
cell_2080,1698.915201477673,13432.085942491001
cell_1658,556.1496326687895,14718.646255923632
cell_2454,1050.1993544980223,14643.087795134476
cell_1775,2758.9774825009813,8857.449622370086
cell_2463,1966.70369167378,10310.263673172316
cell_2102,2385.961435607271,12348.383610269504
cell_2656,1362.5701046244624,12833.133860749513
cell_1742,1226.423617179397,14138.993856687814
cell_161,-4895.864423643571,12262.434030946839
cell_27,-4423.730175054857,11483.166097729476
cell_2024,2474.8931626852986,14592.529661714238
cell_2422,2039.6697511942061,13545.383047545896
cell_1567,602.951007107836,14435.022619853045
cell_1906,676.5273625366925,14289.199550455767
cell_2094,-257.0248759845876,14821.618245883807
cell_334,-202.09840567170727,10262.580525015954
cell_2578,-339.25025252367953,13117.222519681834
cell_1677,1208.3749939569043,13373.076513311667
cell_328,-3057.07642083685,-32983.70404556556
cell_308,-5416.248168752381,10409.040823000365
cell_1842,1276.2043307043286,13664.65663104074
cell_330,-5497.633317522682,11326.121069348965
cell_2460,-3321.9421684305426,-27639.827682997016
cell_2078,1493.460664004262,12203.781179831634
cell_94,-5393.611114291757,11192.817399784648
cell_2143,2313.8594836286557,12419.330538283724
cell_17,84.90135571157192,6266.198954206936
cell_2036,2749.180597521034,9436.354771976445
cell_1966,1130.0817972964096,12778.725652020335
cell_1642,1967.6382178372326,10679.819244457292
cell_2537,2778.0078747191237,10988.652157338007
cell_2621,1123.1019207007284,14561.72436051528
cell_1500,1269.0548986837855,14100.204074821087
cell_2597,628.2664112063176,11633.502158017416
cell_1682,983.8192214006178,13219.146540923784
cell_239,2904.8748619281837,4996.69095285703
cell_2585,1997.3513211315774,13080.706367423629
cell_2277,338.06967904646586,-36574.62082352893
cell_12,-3236.564219677406,-28513.93260972208
cell_339,-609.2075466116573,-38616.03351667374
cell_2528,2345.5071478348395,10921.33314275678
cell_1549,5144.060535959419,5355.536236276814
cell_114,3669.635866918318,4477.575037992153
cell_152,-5581.443611835527,11990.801859798861
cell_130,900.1061102384144,5902.998982242121
cell_1815,-1094.57252547742,11350.904292949519
cell_2290,-201.07794239721358,14851.20277810808
cell_1726,113.80713959388014,14177.08557596889
cell_2054,2299.6232442509076,10115.74749743309
cell_1932,3196.4434665248286,8587.104240650531
cell_1958,1623.3755640313038,11500.10194217589
cell_6383,2148.625691770434,9259.260948534009
cell_5926,26.467785525708205,12949.034432561573
cell_7551,1365.6784684890547,8661.101969833313
cell_6879,1146.3991976280154,7458.759433249287
cell_5745,139.97304318348762,13726.220523358714
cell_6703,1392.9313461006961,11628.719154608973
cell_6649,-1379.7211566171493,-40345.888716390895
cell_6081,1745.1459265336212,11085.656038584562
cell_5710,1916.3132374030558,-39844.9251696307
cell_5829,374.45556462866426,13104.864792267294
cell_7487,-503.41845445562774,14115.198237781431
cell_6446,850.1604573061788,14709.597268446374
cell_6611,615.8008676186865,12106.67706135407
cell_5901,153.31372781565835,13180.090928912587
cell_6773,-113.74347173344431,13112.719979261725
cell_6281,-1033.7245450611792,14342.109218581081
cell_5836,1764.5235842137683,9429.311149584892
cell_5673,-292.77841727766247,12630.525067985716
cell_5571,-915.9554806824433,13596.990731093741
cell_5889,1227.9840523798075,10890.007209814192
cell_6444,1882.4075926037638,10177.021817429655
cell_7359,-486.11336741512974,13557.519179391373
cell_6442,2013.6576351520225,10155.383887104434
cell_7600,1856.5400994620095,9947.378753198382
cell_6861,218.35976738292825,13088.74025263378
cell_6590,-3431.582989476356,-28013.822413358608
cell_5822,-93.73188699660405,11950.237789085315
cell_5657,-3965.8424095726014,-29131.952768735067
cell_6007,1251.152659637656,11546.49668373985
cell_7156,-2952.8336484047163,-32902.712098585194
cell_5560,-1261.9739705617367,11965.666496207361
cell_5788,137.95626023141173,12819.04172844028
cell_6483,-3133.256648767207,-26831.686579005207
cell_7231,820.1367020338615,13978.66434783979
cell_6866,1555.8273356265133,9428.286362151399
cell_7368,1236.4603698966728,11614.100632469272
cell_6006,126.85093269972747,12402.65960344848
cell_6040,2916.6999381750593,7827.004177589664
cell_6694,2418.7512468659575,13498.547655209477
cell_6982,-245.29816486804526,13449.45494385417
cell_5584,4736.3747655224115,4941.972027262372
cell_6843,-186.7646023382026,13983.447079389647
cell_7155,1499.7003074800875,11389.269888979055
cell_5682,1457.5338229039671,9837.449872286188
cell_5487,3626.587111793375,7653.759213435892
cell_7510,-786.1124052504932,12658.912071537858
cell_6713,195.21149447268056,12856.57835801112
cell_6878,4518.589788706336,3782.0849389493455
cell_6957,1276.9972831379548,13380.927591620059
cell_6780,416.05438163677377,9694.422285813229
cell_6622,-1248.1119099214086,11183.863330638016
cell_5958,851.1497758141995,11512.905561621945
cell_5842,-12.789950203588427,13110.16658403181
cell_6012,-1101.5101197916842,13413.991134155629
cell_6538,293.4874273673079,-40344.59125284343
cell_6447,3326.3046736979586,6059.60699031327
cell_5645,4737.0467885057815,2626.474255326258
cell_7566,-133.2150090326117,13939.72528086025
cell_5956,68.50391029193874,12306.03671844195
cell_6623,-103.3014274523141,12617.406545450453
cell_7054,-3422.5240708733504,-27518.34270843584
cell_7139,-408.19241920618873,14830.114503334144
cell_6287,1917.5341387173005,10904.772098644702
cell_6642,5106.576660584465,-2114.843443739045
cell_5588,926.0859159622362,11708.619251131478
cell_5674,151.61110598512604,14209.981945853699
cell_6235,904.3554845918056,11890.570723941308
cell_7176,-249.62933240965125,12886.396093756819
cell_6283,318.6809923481774,12189.928666697038
cell_6616,1450.0121894089536,10725.576707423892
cell_7616,-1200.8874503173558,12326.575490397252
cell_7115,1660.7697404207815,4988.703616802932
cell_6865,-2327.2302950554376,-32098.463165489396
cell_6597,3747.9429557812996,7217.173407109839
cell_7442,-563.3001639017024,-37200.3638510784
cell_6527,-479.86036016999344,14614.553849512138
cell_6815,4199.864468871862,6277.939004119659
cell_7373,4325.878380591375,5899.0467966263905
cell_6450,-264.37945044916717,14747.511446441518
cell_5771,-2558.9362041811705,-34293.16937117536
cell_5961,243.07593383124097,13419.149279885632
cell_6102,865.4344412059756,11445.56990384537
cell_5972,-630.9425468165877,-40285.19646240352
cell_6032,-1758.5524040581988,-38262.94319193495
cell_6992,1351.5870444918169,10734.074318863099
cell_6090,4900.039252999766,4779.777293716876
cell_5672,2571.0300722415905,9205.059220697582
cell_7223,1410.14663592755,11183.51890955376
cell_6313,-720.6655680050293,-36607.35943793129
cell_6862,1067.8394710512143,10064.474399403118
cell_6011,2991.871657874911,6934.010184996247
cell_5861,-4132.2167894894055,-28581.42399964929
cell_6961,685.7838951238276,11013.923409996292
cell_7469,4001.783097399265,6835.5375892778175
cell_7148,161.38143189030583,13745.60588628761
cell_7498,-1167.8866733116433,14809.6065676314
cell_6021,476.23682194466556,13098.237264223959
cell_6996,151.23014211196363,12904.524459346676
cell_7222,879.0583890294445,13756.644103412187
cell_5905,256.73206704641115,13118.998632804567
cell_6752,1054.8655175861002,15099.717728149019
cell_6508,-634.7842402729269,14227.462436010732
cell_7060,-322.72287676434934,13343.900416584718
cell_7185,519.9685830190123,12542.368460942243
cell_6242,4774.639002100218,5892.588396693431
cell_6449,4512.332221342631,5426.803041671695
cell_6549,4375.1072222563935,6598.322150747962
cell_5763,-907.7823390128916,14157.672655883449
cell_6562,-415.0217770340731,12729.402479970528
cell_5559,-3938.363683261263,-27822.401061095567
cell_6828,2548.7830760192146,9832.012554446366
cell_5702,-834.8940775336006,14906.891438119066
cell_6585,-1082.8045099716528,13945.902802680697
cell_6357,3548.258557151842,7033.2217277853
cell_5772,-660.4303792560686,-38288.16303255873
cell_7038,376.41846409804083,13414.584223116502
cell_6813,562.865057042081,12004.22585572501
cell_6374,-3011.0293018659186,-32708.76645413125
cell_7234,-1468.6452014514687,-34678.44054461513
cell_5885,2254.3567668898877,9397.246765566331
cell_6516,-394.20944985287696,13851.325651721445
cell_5649,-193.9329076584802,12834.967919504643
cell_6506,-3603.949777742325,-28164.120895978325
cell_6542,1657.7283275999425,9990.72867533839
cell_7516,3438.5597306485856,8192.278184354624
cell_6747,-705.6009133969186,14365.273295507475
cell_6316,1850.569504789319,6174.0224296474335
cell_7072,4951.519545478805,4380.421616500128
cell_5937,-274.95647332378144,13714.302864208019
cell_7093,3019.0230765093656,8203.093185903652
cell_5714,-154.7665004658268,8969.003303635067
cell_7506,612.5875394575753,12402.194426685268
cell_7224,4078.5206024353256,6902.080891251228
cell_7266,4996.259785125732,3912.9902571450875
cell_7492,-71.64648421084821,13111.937803619583
cell_7215,-783.4357183220775,14493.269523006617
cell_7377,651.1912605508886,12922.719327148852
cell_6094,-146.5056312072669,14038.190713421216
cell_5883,1368.9570680384443,7442.952653876053
cell_7230,-191.4685225456187,12639.188938044977
cell_6366,3708.788366181992,7666.756605883761
cell_6380,4037.373589562914,3970.9789888450787
cell_7417,1810.423115148737,8093.268988327504
cell_6407,2626.4725463929703,9601.314288165322
cell_5791,400.2088107320936,12574.306905470634
cell_6493,373.9159342471116,10820.594973070754
cell_7124,6846.29019150358,-5400.4923687489
cell_6680,1317.4022882058634,11732.803592729915
cell_6905,799.8121597007636,9944.645071319037
cell_6052,-3.751832628711527,14114.088697808562
cell_6410,324.25103202442455,12755.240533428343
cell_7534,-1010.1386994782263,12292.007188930926
cell_7570,1153.843806098274,11493.629252360151
cell_6728,-461.8869210387262,13034.465351870696
cell_7453,4757.441692269362,4379.493240178724
cell_6408,4728.9195027605665,6278.556254104203
cell_6062,-495.3202354697929,13644.488219001893
cell_5954,-413.7941673877619,14622.953020818597
cell_6845,3667.227981088786,7104.085520619644
cell_6601,160.33793723421724,12429.020061594794
cell_7220,-1501.8651730257789,12920.367347379915
cell_5580,4128.851206897021,4965.1661139468015
cell_6974,-577.9212768257009,12091.275305091904
cell_6155,154.36569473494743,12347.06018623076
cell_6236,528.1430738166237,13496.5842523707
cell_6358,3406.2347266087168,5819.863733344064
cell_5959,1139.9598687429998,10843.011310681946
cell_5595,670.1315772770843,12691.428364662292
cell_7457,1014.8810226046012,13302.035592552484
cell_6308,-1043.146806318467,14149.647281596326
cell_7426,-15.938069744692937,12980.287257200018
cell_6263,645.8108759685564,12476.1613186092
cell_7153,-458.16691358262096,14321.369757146667
cell_7568,2557.869652843425,9978.33448939569
cell_7419,-3306.34758932267,-31013.67978571592
cell_7484,-944.5798229376715,12337.835469913973
cell_6009,241.06007368866645,13382.33577593222
cell_5717,471.8630731503928,10946.292779844645
cell_7080,-198.34506919650613,14743.321019554498
cell_6280,-2973.1383610996854,-31863.080473881666
cell_7383,-24.600863636455955,14071.462008961937
cell_6552,-1210.615051639001,12371.755931956352
cell_7062,-1197.4678602234426,14830.858449743399
cell_6690,118.97328117469443,13833.389039000904
cell_6822,3220.5079105700015,7815.2541773708335
cell_7199,-1090.3673714462925,14601.477758858233
cell_6743,-2956.4560284171944,-32654.130161547473
cell_6437,-52.27671793035771,12770.422075615663
cell_5834,1289.2523794968026,10553.374998913634
cell_6469,-1064.595335068287,14346.948153403637
cell_6859,1843.5848042727314,9701.634395669309
cell_5753,-2543.83252175655,-30563.999845843864
cell_6959,-1605.9461185470016,13168.979738783722
cell_5481,4664.38013071594,4038.2660553695355
cell_5507,-2335.9703221824816,-34302.816165300734
cell_5783,320.9510740585957,13360.880316014303
cell_7027,133.45356883444532,11790.670868594305
cell_6836,293.7434265627996,13507.101832603565
cell_7312,-1930.7526933728407,12097.985438790653
cell_6197,-1501.933918765386,-36511.79417845251
cell_5764,-3458.0881719171784,-27805.176117939227
cell_7274,-801.9716526758465,13250.024098910873
cell_6712,3750.945451443146,7337.667865953442
cell_5898,-2448.75082446929,-32420.923321848964
cell_6194,4073.431272029956,6787.443618325295
cell_5819,2604.9133333931627,8559.813826357664
cell_7612,-2840.2678032189483,-29115.066193742525
cell_7177,177.11827158872143,12993.788545380245
cell_5891,-2572.6923410802906,-30867.47586315143
cell_5719,2277.0855258393863,9753.252926419751
cell_6063,-689.252122736834,12076.257946570406
cell_7317,-296.78224563064697,14399.242650179249
cell_7610,5677.558441420141,-239.72540268756575
cell_6536,667.497546331222,-36800.37852682152
cell_6070,337.7507691629855,12707.364726367783
cell_6837,-3409.042304236724,-27603.1867651719
cell_6684,134.05557249652065,11989.005457995187
cell_6911,-186.6925646517419,12703.077581145983
cell_6066,-369.14163526335915,14092.112994431247
cell_6428,174.7689541725924,12219.875224066069
cell_5733,2270.9766951295387,7791.484287839519
cell_6139,-204.15518275425143,12929.45972288653
cell_7108,284.2760496780165,11920.930435693874
cell_7021,-1829.8056220857682,13872.787608558792
cell_5818,-2581.6921672479716,-28905.158445392262
cell_5904,-158.16743104712384,-40477.196124863796
cell_5483,278.06647674445776,11222.39760503662
cell_5536,4001.4820008760094,63.695912578991326
cell_7145,5356.552525162414,1640.5491454524454
cell_6882,-2322.508121508232,-32006.708894547177
cell_5849,583.7225138240408,-40107.89186789369
cell_6388,-569.7235150948468,13520.859233231948
cell_5664,4143.425162070186,6431.560872899386
cell_6995,3395.5163573084565,6242.473034329477
cell_6648,200.2393596171538,11279.534814080505
cell_6671,745.6873441233882,13008.616234804436
cell_6741,610.380836518372,12559.432970886632
cell_7605,1331.6149542002906,-39786.422015371536
cell_5653,586.3089412063522,13102.709899992831
cell_6190,3147.5683608275867,7542.350718753572
cell_6230,-2337.042106823288,13301.706873259027
cell_6980,-1176.2174483488332,-38597.28415628555
cell_5680,149.6197255187455,11900.020521784989
cell_6208,-3326.6659575373983,-27949.68382914466
cell_7579,3973.574895461425,7321.546904088069
cell_6451,629.7829228220041,11493.367830286665
cell_6177,-2420.163482799557,-33050.9607838778
cell_6282,-624.9346045028198,12802.624674916002
cell_6629,4164.104622893874,7064.705315476078
cell_5517,2306.899446679804,9259.537635934836
cell_6134,1167.8833787201,11630.84755020995
cell_5971,616.6485468788584,12750.768881889244
cell_6827,-442.6120300211457,13797.74263763988
cell_5531,1783.7230901582832,10459.756145141804
cell_6564,-764.070218188199,12910.63660531726
cell_5850,3641.8305494176993,7020.138323000487
cell_7149,-530.5184563238311,12481.0493734686
cell_6088,-2438.377954981936,-31886.32855308307
cell_7146,-3654.4988987657275,-28195.04783495869
cell_5851,-1035.1218119914006,14782.760080903334
cell_7435,-1269.9087844442417,12726.019768676228
cell_5534,-262.002294178962,14521.241676017793
cell_7563,-22.730131766895564,11729.035760212293
cell_7018,-906.2046431408188,13012.87867563116
cell_6515,-1210.5021140382987,14962.079912895357
cell_7537,652.806638305601,12526.143658504861
cell_6191,1422.648272965771,10693.32730110223
cell_6060,679.0147912053035,-37777.150391676274
cell_6807,456.1012604608283,12827.869197260785
cell_5488,1000.929410105843,9937.206504225758
cell_7326,-3588.9802382127277,-28049.132130975842
cell_7601,-1633.0973166108843,-34332.80333636921
cell_6801,-3098.519476211688,-32071.437474811708
cell_7446,-60.20257501925458,12891.728841251692
cell_7030,-386.25680136339383,-39028.09711857717
cell_7576,-51.763672148759966,12024.833007384132
cell_6164,-2723.124784536686,-30597.68721455215
cell_5910,1039.3523969494013,12132.684612942794
cell_5811,-2751.694257544728,12532.907870531995
cell_5502,7226.796345631205,-7021.713662582441
cell_7091,208.967475874845,12930.434551535112
cell_5931,-849.365801021074,13041.015268637173
cell_5768,4487.149749856314,5333.967161494935
cell_6753,1700.1464479926892,10413.23530689746
cell_6420,216.40440647829195,12560.834806549414
cell_7573,2669.003256652332,7157.273172867961
cell_7404,-387.3317832961483,14587.63901801444
cell_7019,-1491.8068894791556,12811.157163214355
cell_6334,85.3037167956063,13133.259042588048
cell_7268,-3428.0533504684468,-27887.946871936427
cell_5821,-2416.8245518199637,-31532.470285871696
cell_6869,1396.820952368538,11268.68179056561
cell_6710,-192.555611747758,13624.389955958297
cell_6187,4091.105130609626,5875.530276633386
cell_7207,-2892.1342569313606,-33716.44192039285
cell_6784,-723.7498110686279,13956.936850541939
cell_5765,-1142.8240371264594,-38254.173882283736
cell_5908,-319.80803817853484,14222.654238584435
cell_6271,1305.0439794578397,11302.773509421477
cell_6078,112.58228841394016,13114.280903309946
cell_5897,964.3581009367384,11079.52642870875
cell_7490,-30.763421526043732,14187.429804953576
cell_6765,994.3282189516535,-39671.060122731906
cell_6004,995.9765881253377,-38654.8622722594
cell_6020,-34.97134307752704,12523.583177180815
cell_5583,789.9747226137606,12590.286675148525
cell_6456,344.6126613150042,12760.865779585321
cell_5862,809.4276539993961,-39079.634038445125
cell_6101,-549.3414839905485,13296.784943499868
cell_6336,-887.8220630902856,14032.866157550625
cell_5798,1196.923237976261,10544.530462652268
cell_6744,320.97397081536,13106.1527070874
cell_5876,-2773.8730589434194,-27639.131966394256
cell_5655,-723.9984524128621,12848.098421569517
cell_6057,-760.7149115512324,12579.664664545171
cell_7340,-1046.1865314396111,-38308.35055150676
cell_5789,93.86861356488642,12903.286635450004
cell_6989,1352.0880245775356,10322.222279275647
cell_7408,1466.6092335323913,11005.170716608149
cell_5729,49.48064747477704,13247.885772724369
cell_7375,1617.8308577124858,10754.839117552296
cell_7034,-3396.957043054378,-27346.396185763704
cell_5525,4821.945187210224,6786.446185334867
cell_7397,-866.3726137127662,-37569.206224473906
cell_6072,1199.3511138631802,12181.24188986885
cell_7354,-1211.1096310872554,15098.12078220122
cell_6232,4048.371241075892,6530.345025628896
cell_7588,979.2140757298428,13910.742383693803
cell_7015,557.8264555082561,-38687.92832156483
cell_6921,-4116.149504301099,12231.759333767628
cell_5984,840.6857424418687,12250.915892091323
cell_7450,-345.76785079572375,12357.438879487303
cell_7116,412.7896409403397,12939.127195893943
cell_5991,3128.1969730246897,7837.536880495076
cell_6159,681.5085669701166,11994.316888845697
cell_7142,-163.1110500972754,13721.967930738287
cell_7192,6194.554394191015,-1732.6832207673865
cell_7280,3103.0170337724244,8181.814466021363
cell_7594,52.639464503087694,12778.934762291658
cell_6494,135.62369010101568,13916.551463703205
cell_6567,3993.8620124025924,6332.581639375843
cell_6512,1642.5010619408272,10475.934182146902
cell_5703,22.932030005697907,12646.286500902756
cell_6600,3496.5932408654617,6895.660868093599
cell_6864,1315.3285528845424,11560.162676156024
cell_6984,123.63482014398961,12970.694697193541
cell_6854,1596.9097255577371,10834.010410773555
cell_6991,-233.26574484083253,13173.353681859055
cell_5833,2020.2556105190638,8597.75897118351
cell_7590,-570.46890725108,14412.90451237216
cell_6825,-308.48412855843867,-38776.81899267525
cell_6303,317.3152417334631,12394.11217829428
cell_6492,236.40178272055334,10846.731697982836
cell_7201,862.8846080893646,13022.032029562499
cell_5509,-195.18901139059236,13866.178897745729
cell_5659,-74.13939747841684,12819.04479702507
cell_6821,-3248.3138969055653,-28201.410810425845
cell_6199,-288.3156980116443,13291.556068462787
cell_6956,-150.58940189504202,11590.258734358722
cell_6135,-3638.5608047488536,-27939.81962562356
cell_7356,513.7862029357085,11057.766213811085
cell_5785,513.7903369527863,-38100.19155405132
cell_7238,4623.209753470091,6936.281141488741
cell_6363,147.5735892097535,12544.60958180729
cell_6431,152.43782791439182,13632.404378619476
cell_6566,2007.5765798211946,8133.501132483086
cell_5810,920.2829517626092,-40206.201233783446
cell_7039,-1118.0143215817602,14665.713838739915
cell_5757,279.0830283342044,13018.857426802992
cell_7431,639.6534611187228,12330.271911638534
cell_7557,-1255.059230522387,-37778.16472665484
cell_5458,827.4194489591063,12968.302008579105
cell_6736,-886.4428248070637,-40553.04524280842
cell_5806,751.6444431122737,-40204.57026342523
cell_6179,250.48790593130252,12351.133919928598
cell_5728,67.94331626128202,-40407.65411589353
cell_5844,-1064.7053402011563,13694.207279875862
cell_6245,898.2691619863599,11652.17777619837
cell_5911,-1287.4730394898763,12265.197849364946
cell_5734,-1918.8230566368059,13271.013256200478
cell_5707,-17.23882409871346,13860.338028965358
cell_7228,380.3334088727448,12551.465429949189
cell_6931,82.40368042665136,14864.653756488406
cell_5884,2961.008270127421,8250.8557517086
cell_5713,-794.4512049591743,14551.20744943599
cell_7101,-3734.185809333945,-27855.03016130107
cell_5776,2251.5825799282197,9325.202723408669
cell_7267,-63.787980645417576,11968.53449587839
cell_5896,-1169.0861470720831,12983.03105130251
cell_7517,808.2321086059062,12628.847627236697
cell_6065,1276.1634283599253,11001.537662368279
cell_6794,1862.5834663746698,10398.673176453185
cell_6952,-1885.1233091647632,-33839.851224976795
cell_7292,-872.8444478906006,11783.900522392638
cell_6100,580.8825978179035,11227.389512448439
cell_7346,267.57675691965704,11970.297881597655
cell_5631,-257.604990343554,13681.216056674417
cell_7370,-140.28309623365425,12342.885396650507
cell_7519,-735.8225403701022,14507.41485099679
cell_6855,-320.2101304334823,14743.847012483438
cell_7459,1657.8360074606928,11461.368459134652
cell_5735,365.67678146334543,12735.691579313809
cell_6249,4477.57910361556,863.384884166023
cell_6501,349.24162700168824,13180.213781960745
cell_5839,216.2280731755714,13230.301342430199
cell_5684,-954.9391733287225,11644.808831714288
cell_7082,1116.242151812535,10122.945360304073
cell_6103,2579.270628869742,6895.161875818048
cell_7467,-205.4755268849188,12321.373091732023
cell_5801,3674.0731524152166,5565.674983585878
cell_6724,3327.991258298756,6575.908142634107
cell_6809,-3178.028211622641,-27945.863265768825
cell_6617,3995.789106929848,7502.518330229603
cell_6965,-27.383961655368104,12646.23075086631
cell_5472,-2136.22765032557,-35670.5075750161
cell_6234,-3517.964506857249,14105.13748674387
cell_6486,4120.141017525308,6570.498402768562
cell_6532,1808.536371963356,9828.05305269799
cell_5660,-569.1847978215902,12213.433997839495
cell_6621,2495.073983759615,5199.770926489041
cell_6709,-592.217549652911,12713.559341570917
cell_7483,2646.3307620033743,8854.42859011716
cell_6073,-2268.1908578993316,-34703.48815207967
cell_7002,4198.104758266497,4822.147774028624
cell_7017,-1146.3076409902317,14109.607356110571
cell_6225,-300.02416822588583,14026.404228509804
cell_5501,149.5235537103752,12841.5839676765
cell_5561,386.8965709133718,13018.0691445924
cell_7571,-325.90186073309195,12437.723773072554
cell_7379,568.9247264409634,12332.691734769889
cell_6545,146.88571604173805,11538.970696797964
cell_6419,1500.5309236435262,10053.19288584273
cell_5974,-2434.571902486663,-33810.14665907075
cell_7343,72.41455414529642,12726.5640308831
cell_6390,3576.1140723611425,6952.061610934133
cell_6391,-540.8693729950049,13197.408112158915
cell_6678,131.73200454221285,13086.374553548403
cell_6887,-424.9197346699902,13606.710586706866
cell_6763,211.131351745811,12763.747781534332
cell_6136,-607.8833205032097,14146.11125135613
cell_5530,-618.6093422889861,12754.79166891294
cell_6796,825.2365131830978,12704.012439281385
cell_6746,5275.0167999312025,356.38766024747497
cell_5957,62.79319536099709,13652.511144443442
cell_7031,-3747.771044225602,-29786.207408150993
cell_5983,272.1600070371489,12927.666702316563
cell_7447,-540.9815164230173,14887.017818532451
cell_7150,-2295.2479121380693,-35041.21285362041
cell_7618,-190.653718859752,11295.177745019271
cell_7365,-826.524029799304,-36996.892167922066
cell_6215,1324.6538012811393,11021.23476809974
cell_6475,4344.902189262504,5232.189300038411
cell_6414,83.40115386012008,13467.347859991667
cell_5873,916.6254824919013,-37299.746064293766
cell_6929,-1329.7773881023543,12246.03443508976
cell_7068,-2420.210741266169,-31267.473003589883
cell_5775,194.25865228779148,13371.637655133678
cell_7325,-109.38886938559675,15519.503715471232
cell_6370,1569.3260645514144,-39622.25661622244
cell_7140,2241.0527917236664,10007.186440398531
cell_7079,-143.77837072038287,12842.252472207772
cell_5609,-314.16320343389106,14077.872605890258
cell_6171,2204.4804660488476,9514.845668072907
cell_6276,-262.04203532152195,13964.8252024512
cell_7254,-456.96284641854504,14636.54267457923
cell_6056,47.76371905131376,14321.193537268466
cell_6034,835.8591410320515,11348.494359561828
cell_6677,704.2288920138789,12136.382109240221
cell_6257,-622.3318641990945,14581.881530371595
cell_6964,3370.063040770137,7964.899373811296
cell_7239,702.1646238795591,10108.986340762525
cell_6985,-1271.8579881917883,-39868.95238768179
cell_7481,-41.00312109597397,13254.461127929655
cell_5628,-40.31319611216075,13947.235480399511
cell_5750,-453.8698356541866,12554.00495188944
cell_7219,7064.891286348862,-7357.003799440598
cell_6305,-497.16917078696883,12635.709766690336
cell_6080,-110.09912332848872,12913.88773986203
cell_6863,1303.933670881899,8363.662580623504
cell_6436,-326.32399631994355,13604.434619423853
cell_7255,4119.775490072918,6659.426563911424
cell_7200,1868.2408014192224,10765.11986069984
cell_6604,5594.527728104564,323.2794720930034
cell_7395,-1353.8206765851055,12379.742019795873
cell_7357,1768.3438106154558,-42083.27940293779
cell_7541,3876.089292751408,7498.197472747784
cell_7549,-3367.1004782256505,-27503.037097412318
cell_6785,-691.5824417028871,14705.342987747461
cell_7586,-3235.330273018318,-27388.316157469875
cell_6983,2529.1385016987474,6667.544930424045
cell_6375,376.3125217055497,13318.365761560264
cell_7084,-837.7743992719892,13094.158200897777
cell_5970,-250.0945868080352,14189.730954782553
cell_6912,-488.96362923473043,13256.245071036208
cell_5740,2271.212681833466,10671.505655014475
cell_6760,228.12212223769862,13745.94354789033
cell_6028,-2717.829478086818,-31346.411357364057
cell_7508,1858.0510780535521,8678.183797084806
cell_6987,21.335788748229515,12874.830620679217
cell_5516,2765.9901886550206,8448.793684795693
cell_6114,2612.3282693325236,8820.61408296059
cell_7197,-742.6905615203705,-39133.195188844846
cell_7561,91.37176437365136,13398.464366544731
cell_7190,-2558.496294072253,-30162.99990439932
cell_5831,64.01639137952816,13428.568335846347
cell_5982,3335.5842851897883,7267.002612113911
cell_7085,31.051548811420098,12196.32108200416
cell_6697,248.52682181471397,13645.611783784268
cell_7277,-1201.0141158312586,12218.38639025174
cell_7175,-2937.0717207079847,-30128.33425123944
cell_7418,2619.4901250061725,9547.659694732913
cell_6833,-243.12227887479676,-37976.09841976356
cell_6193,-1193.7230426791969,12935.714451014495
cell_6338,-275.5113956649599,12834.214672252481
cell_5999,-691.6413804754594,14532.707722142055
cell_7394,3876.086004527218,7239.973839757486
cell_5539,-2573.2889683694693,11435.370286228226
cell_7265,-2746.310812953421,-33131.47091623804
cell_6904,-2949.0159149767583,-32723.25916148018
cell_7203,4255.925587878382,5877.123596248477
cell_5848,-499.32039928543077,-40499.588331251434
cell_5543,230.72767996675105,11908.392081128883
cell_5796,-567.6653074582009,14135.22232790986
cell_5462,1771.852173981349,7991.04506655377
cell_7555,2200.3042765826895,7971.637649651641
cell_6312,-399.9344151540779,14126.030560266558
cell_6329,1662.7108907709724,-39362.960821166555
cell_7470,-523.6267362083355,15059.801951558886
cell_5923,-2770.434658258147,-27976.27605410973
cell_5966,-508.45703986596385,-36083.28554130842
cell_7090,920.8259837336483,12445.667642584716
cell_5546,2972.6779444172034,7688.766060629832
cell_6563,5355.988046531851,6128.4980645428095
cell_7213,1685.366669276245,10540.284479262667
cell_7328,4845.385295400417,4594.298146007202
cell_7045,-1260.1782810954846,-39710.904014035565
cell_7269,-100.34613767088089,14511.344061407619
cell_5794,2166.4354501230905,-38127.225483735456
cell_5914,139.19562004144086,12774.834168115607
cell_6588,-1342.9539806781954,-40681.32255595245
cell_6994,1432.2802386663323,10419.250776649911
cell_6645,-1086.754012097636,12613.409083607357
cell_5638,286.18587892142364,12486.29798783146
cell_6304,-377.6997807291475,14245.946664585133
cell_6265,-3815.6938197846434,-28124.28691255447
cell_7012,137.49300048537188,-38293.83837398862
cell_5930,-54.930677259287194,13834.89370555426
cell_7466,-411.00725523556645,12289.794556907362
cell_5512,553.9815597294487,12366.02916559553
cell_7416,4756.973461574289,3722.917911954021
cell_6162,-2175.2859385121246,-31758.70424123499
cell_5683,-3370.3376309816113,-27707.737542100986
cell_6559,-543.5696466377685,13901.79791135163
cell_6812,3732.367494267609,6082.975457898967
cell_7191,272.3436589460555,12157.749681668087
cell_5635,4151.957323212185,5848.590707638148
cell_6071,6231.111452470083,-2692.2464365869273
cell_7172,3932.5270707021264,5834.9014506628255
cell_5475,-2804.8581171638402,-31451.426634509433
cell_7160,1010.5903126734439,11723.710760760488
cell_5749,-522.1738199096587,14705.478952979089
cell_5900,-3071.6369197465856,-31854.80046196666
cell_7120,-664.9522464573517,14619.756870223346
cell_7251,-35.703629328220515,-38026.881769247295
cell_6154,793.4583773175441,13329.179072843719
cell_5489,-684.1288480857525,-36664.04187238378
cell_6209,1565.5444378849459,-37100.794166189415
cell_5676,507.2642980165947,13208.654817701054
cell_6397,-1592.4517463191885,-36251.262682652836
cell_6830,98.53548882522585,12657.101013225625
cell_6368,1338.3394839769142,9655.20441877575
cell_5793,3603.780228924434,5807.943924667767
cell_6687,633.7022234363824,12973.225882744067
cell_6186,45.03826839116456,-40052.47617614278
cell_6769,1470.3096589867553,10303.373844810401
cell_5808,972.4093886477974,12070.67163466995
cell_5828,1074.6037146887875,11946.829028974958
cell_5541,-313.26436451337213,-40239.18955720063
cell_5506,4108.247874750169,6392.959475046474
cell_5942,-2891.662856736008,-32786.55273703408
cell_5616,-653.2069231957846,11975.83541656534
cell_7434,-767.3719533910948,13626.773862397467
cell_6595,-509.9257914292623,13434.456116842637
cell_7004,4140.365824825271,6968.380889616584
cell_7246,-658.1997370648161,-38688.45009165957
cell_5977,145.86127719686985,12487.08761658577
cell_7396,3114.076077232903,7789.933536975415
cell_5640,-3265.778126562344,11958.868199957707
cell_7386,-923.4966539238669,-36864.22223798231
cell_6470,-2455.331012011916,-31516.873795153235
cell_6005,2762.6164963185647,7372.619452986821
cell_6988,-684.9468145608358,11764.0600843514
cell_7603,3571.5693139364057,6540.959586387279
cell_7452,-696.5935605923808,12717.13063573873
cell_5853,600.0532305002587,12020.040409956688
cell_7097,-2970.4833951086143,-27869.359860969933
cell_6578,-3008.8653512670135,-33319.10113489296
cell_6083,-145.2968142443181,13652.138985313191
cell_6614,802.6599047785535,10213.476829196512
cell_7332,-268.04803513998843,12769.16706913156
cell_6298,476.13482511408574,11225.876089753861
cell_6902,-62.91626305565377,13669.585708095849
cell_5778,2607.6994076672045,8673.089241577585
cell_5596,-362.6749690461626,12772.978354601148
cell_5773,196.29071691374827,13454.912515398588
cell_6145,-71.24996922359446,12683.197295102354
cell_5838,4908.515465426894,4419.530564915526
cell_6045,-3960.512867338684,-28916.071483547086
cell_7181,652.4597530359401,11406.129938249074
cell_6556,263.88811969637385,13554.392628761223
cell_6322,3623.0005842783085,7301.169415174697
cell_5642,-101.47087754389806,13298.950584766899
cell_6459,62.197764446598164,13286.036937408577
cell_6104,-3747.2160714358843,-27809.77976811307
cell_7391,142.00480682870815,12712.37403106285
cell_6839,-790.0289738779281,-39065.84635336297
cell_6309,837.5652575878122,12014.115053290881
cell_7257,-970.4540620550158,12978.041161638748
cell_7479,-473.26600525855963,14766.472459731893
cell_6522,4638.066265089765,5351.3036743636485
cell_5761,2958.4951100569624,8637.677127921592
cell_5934,4578.899636344386,5255.605304030466
cell_6894,755.1476836582159,11725.807736126873
cell_5845,-3309.7990504475583,-27854.494193638486
cell_6294,649.8768386957187,12791.038544276025
cell_6674,3906.6556470442856,7182.713370334468
cell_5565,-936.1649976820279,12266.22546072224
cell_5586,1001.4616720968595,-39788.86097514564
cell_7103,-575.5402496653004,14326.686920583967
cell_7507,4291.8512763190065,6243.463522600496
cell_6426,2317.218325871575,7837.198055542413
cell_5823,-1465.7101627056522,14616.447745889987
cell_7599,4438.305622565275,5848.678748804337
cell_6167,293.40968587441523,12442.102388498677
cell_6518,3824.083752161792,6930.743198944278
cell_6395,-1304.487109697412,13170.49026837278
cell_6811,111.2740628974075,12571.147630771606
cell_5671,-858.6407194554336,12565.170015087122
cell_7400,-204.19470961302036,12402.732083394307
cell_5601,1174.7211066055656,-38784.151350902954
cell_7041,-271.32343048126074,11505.885688142398
cell_6932,2096.5820410088004,-41802.233878656356
cell_6625,2201.781265399368,10163.027257305643
cell_7352,12.14022317785003,13671.94072335766
cell_6198,4654.922929015388,5490.456585725102
cell_6853,6930.305476400575,-7522.531793404384
cell_6457,3990.2015866935612,6915.08687278635
cell_7304,66.60289636736894,12406.430135480732
cell_6445,99.31434888136262,12996.084325149535
cell_7189,-547.0235367948569,14567.918230770229
cell_5467,-113.48506265721497,13170.080942933791
cell_7321,1167.642606320765,10802.183126598427
cell_6699,933.3471258528206,12188.840056404226
cell_6306,513.5815475131423,11935.423908847102
cell_7125,-802.1909913024049,14210.365163210663
cell_5756,159.06554524085448,10070.143731856573
cell_6244,4833.324635851018,5219.184463504733
cell_6109,-2618.9735204275653,-27469.843116310683
cell_6930,1842.432633229988,8515.077939073926
cell_6754,-185.58463227069305,13455.178837926727
cell_5790,-173.92826832386575,14084.565328445586
cell_6432,-2377.518767522251,11045.44967098937
cell_7366,-301.6846837932966,13094.616268813777
cell_7212,3815.111570800567,7384.380193194546
cell_5677,5803.021236900118,-3997.1439579475928
cell_7503,1244.5313202122638,-40059.255902545105
cell_7324,-384.5126158324473,12569.59098726491
cell_6886,-802.4683534006324,14361.512229851887
cell_5619,3571.963158937609,6320.666784066009
cell_6803,-1514.0637724786097,13594.725419338303
cell_6624,-1024.0239940615586,-36617.24494528915
cell_6117,-67.59447570335566,13009.371205489537
cell_5993,1319.8846508131132,-39373.39387620918
cell_7032,1857.7175132449834,10609.882641697532
cell_7449,4005.5144085241077,6381.828785433127
cell_6079,-2510.3992474996817,-29294.831664298457
cell_7615,-167.16215328111556,13786.429514277832
cell_5878,1081.4512115676375,11840.264328312103
cell_5556,4988.203864053289,3596.9316695855196
cell_5617,24.687760526918204,13388.078779543957
cell_6427,1121.3449217239638,9620.827879942268
cell_5953,-41.278961964603894,13509.626735581187
cell_7495,384.3755111623663,13224.161894034925
cell_6153,-588.0756897114703,14797.352668014131
cell_6884,-66.4129382347443,12478.17990576595
cell_7514,2968.786946222761,9193.567014122822
cell_6890,-1075.420033193061,14458.752261074334
cell_5919,-1633.7956159103373,-40073.202115059474
cell_6030,512.6753602449138,12429.662335473111
cell_5639,-1535.9525156340144,15249.804982756543
cell_7005,835.1147634514579,11630.66222191248
cell_6888,315.3596664166136,14743.812632021105
cell_7262,-3972.9935751478697,-27910.74996481248
cell_7204,1029.9178536995498,11032.611418886205
cell_6480,4964.339925913187,4971.996904034189
cell_7164,477.60613031312596,12591.83850414883
cell_6561,80.33965180747548,12542.339997386203
cell_6613,4074.392637513387,6843.307418968609
cell_5603,141.1762828977331,13133.091598729929
cell_7127,-84.98463292188885,13981.275241204039
cell_7285,1669.6737597797796,9282.61453878878
cell_6365,-3465.4425406841865,-27753.007777433413
cell_5890,815.6635759872601,11131.20138725298
cell_7010,2529.9259172632323,7363.370541682317
cell_6295,704.8390883189959,13066.442010010845
cell_6632,419.1940887962943,12340.973047028192
cell_6098,2149.6732803235845,9902.953996120363
cell_5759,-3095.3525550839036,-32625.85976629358
cell_7281,63.23047858652516,12568.216029480747
cell_6977,758.377411997809,12492.73215906841
cell_7548,748.516001937981,13147.096978098867
cell_5547,-825.8143672186764,14401.286643750751
cell_7582,-730.7408056272768,14843.399774197947
cell_5591,4724.160322135848,5491.570060569527
cell_7494,-918.7175158486742,14780.6826277203
cell_7109,-1030.8314387154785,13602.420297247005
cell_5625,2066.40111248034,10515.649662901445
cell_6211,4793.787309248997,5115.156799061458
cell_5754,-281.9676078812794,14241.210285506437
cell_6720,60.69109298496169,13553.645288750058
cell_6583,611.3868673657248,14152.480516314048
cell_6272,-3033.799213888248,-32560.77118972678
cell_6339,3479.6320517344493,7207.769326384935
cell_5815,-606.6374060563736,14503.515941279986
cell_6051,2375.763895697583,-38544.283938493885
cell_6422,-1035.5421034272715,-38102.17766959267
cell_6553,4623.193212174648,5055.414608331192
cell_7530,-3430.1413537401536,-27791.29555472837
cell_7205,-2080.0153082577654,11741.041875871899
cell_6502,1387.33456848123,7766.577583877293
cell_6909,-1830.9941593257215,11431.647513048181
cell_5843,334.7778162889206,12538.392047648053
cell_5800,1151.6414047866538,11735.32662973837
cell_7086,190.9108950922687,13242.085581763477
cell_6415,4439.600456776371,7250.931214657126
cell_7578,2944.879945405426,7139.651881246216
cell_5795,-3932.441347323596,-29223.863975509663
cell_7141,578.3040177191116,11255.951002538413
cell_5469,-489.63108371696416,14078.598653319119
cell_5632,2908.4024657495966,7948.837115585295
cell_5723,761.6158856569375,7855.842578730063
cell_14826,-1063.9576589323267,13761.186529070555
cell_114380,7.7533075894776795,9466.199759452675
cell_109261,-1443.6210882338712,12674.366301967422
cell_111420,1727.0591525474042,7267.600470113062
cell_106429,6604.261675251566,-3653.5075768083257
cell_110140,-2990.363855950515,14355.000217478511
cell_113204,-3404.513960746055,14883.391602511205
cell_106343,-3022.0740387774404,12433.89207403868
cell_15701,1166.6427533887363,-40983.73737520894
cell_14282,-3535.2169002079463,11943.29429626149
cell_110529,-2300.0987845747645,13602.032457554773
cell_107770,-1984.6490628747604,13818.62486313273
cell_111911,-684.27982549569,9720.204446760888
cell_103394,-3329.537772436597,12587.452185655095
cell_113480,-4031.511774518555,12513.958980075608
cell_15714,-1574.4561999526004,-40978.98290683085
cell_113826,-3651.4838454628043,13795.604043210404
cell_111427,4050.9093174449144,5386.53222928997
cell_107209,-2934.8146635583184,15722.221372186063
cell_107021,-1596.8642523230646,10911.468873496753
cell_114017,-2508.666024890514,14890.54016972747
cell_28265,2319.83748837303,13702.50214871535
cell_29615,1009.6457855715473,12592.914953017744
cell_27885,6395.998115589458,-2765.089175831497
cell_104742,1955.1915171089393,6760.3448996689895
cell_110050,-293.6769452815766,10500.89585604093
cell_114035,-2798.6421412506443,-29027.289872813635
cell_104892,-1427.2801678576495,-33924.92962701928
cell_111780,-3079.5999753313336,-28485.896634570916
cell_15064,-3697.4205211594917,9741.88903190025
cell_108381,2128.986397756437,-38012.6992640193
cell_103524,4123.943773350265,4606.0248921396715
cell_30006,2702.0167961087495,12838.73075134325
cell_106377,561.5010679084866,8531.978940097768
cell_103744,3421.3342050635233,1947.2732210339784
cell_107348,-3055.620883538041,15360.248262406094
cell_107165,819.0770198732357,-39687.128828437904
cell_108830,7326.549857005055,-6137.9556232709665
cell_30167,3612.6546542894616,13354.051255224185
cell_111507,-1564.5330991700503,-34593.499776614175
cell_108824,-4116.146285894978,10862.1020108733
cell_113080,5607.4138313749345,-119.63653666510612
cell_107179,2161.5587190646106,-39587.91966058602
cell_112622,1484.2049190283017,-40520.67521435564
cell_113700,-1331.0456197591093,-34710.714131962326
cell_114199,-1915.168694111253,12501.743718007334
cell_111404,808.8222250910619,8227.767161305022
cell_109888,-3363.8960981848822,12993.195736868654
cell_112655,2797.7782026898126,-38934.74135623613
cell_29601,3093.5822442577623,14809.48214206342
cell_107474,2973.296458208737,6748.932762436321
cell_109533,-3072.3352624932086,15597.137170198097
cell_114566,5566.98450393843,-503.59777888310794
cell_104015,-3248.6853492248642,12322.443803371874
cell_105609,-2248.3573119966904,13967.230310368823
cell_108541,2481.9827639455484,7076.905784687857
cell_14972,744.0977256560847,6824.188995127147
cell_108472,-2363.493450401766,13004.523669406002
cell_29672,3836.3247074863325,11495.734322522485
cell_29054,4709.979100549008,8069.44818560238
cell_105131,-1092.7660807431496,13452.617980656336
cell_29074,5934.424938461979,-1139.0708044834078
cell_28289,3041.1216890352557,13971.413226486473
cell_114226,-308.2177386429173,-35558.516981661596
cell_114042,1270.9030255142854,-40805.49129595001
cell_28983,1332.3966753571067,12578.879313390791
cell_28645,1281.5215316955066,11431.626757835373
cell_105729,144.88834075231705,-37640.10910851119
cell_103734,6192.236594653661,-2920.400002848085
cell_110945,3952.4254979154703,5019.247895788716
cell_28623,1371.5555830962371,14660.34684450555
cell_105597,-2561.056504574016,14526.672630942214
cell_108392,-886.7315467528268,10677.95879730502
cell_15148,-570.877752957431,9648.837661836853
cell_16225,2225.3261449184024,6359.965765929118
cell_105531,-1045.6811867921163,10107.269657238543
cell_29303,2392.2490546901267,14347.782965017863
cell_15302,-2758.2575977351576,9981.397696006894
cell_106228,-104.46393475627684,10791.89398429227
cell_15289,-115.29194959103742,7860.5802834372935
cell_112946,-897.1149749169065,10052.539362315776
cell_14351,-4078.4227545299095,13104.620829368956
cell_109919,5933.864644997269,-3526.686992002362
cell_110139,-1979.6973717854873,14021.221916249404
cell_15682,-3649.2003755253213,10490.838011195296
cell_15735,990.5726267968757,6023.975766509286
cell_15687,-1751.5044040170985,12018.759408669192
cell_15464,-2289.4276278402035,9684.442399415702
cell_108918,6704.984968447703,-4830.223214261805
cell_107195,2238.325682371037,7252.361904355424
cell_107168,-2082.8814666646495,12486.802952807373
cell_109408,-1338.6558057384716,-34519.27885475694
cell_108543,2776.575982722917,6010.07149543639
cell_29933,5573.743000646999,-4359.518189889897
cell_111211,-110.99413230886624,9901.363858874889
cell_114428,4603.549554256872,6768.47606201556
cell_14487,-2800.447494037164,-29181.406624521394
cell_107100,-917.5758102428565,11533.98206840318
cell_107862,3283.6454299687857,1387.9506731377562
cell_106442,-940.9073232036374,8929.324640102188
cell_108570,-2759.3383951282326,11731.701553760277
cell_108813,-1216.5268524137812,11116.39136099522
cell_107096,1748.7174230492092,-40855.2024222467
cell_103525,-2703.8214121613755,13821.369565897936
cell_14148,-4711.257799930792,12238.727725653438
cell_106856,-4146.952514651413,-29373.395894924084
cell_114148,-1573.045208639001,-34661.91387822895
cell_109067,-542.5448517437278,8886.660324932185
cell_110003,-3430.770327110666,12354.878450552382
cell_15636,5085.726101291525,5586.382373062352
cell_104409,196.37131252664986,8498.525292223638
cell_104911,3637.3600032456816,4936.81080782649
cell_107662,2301.4485187424652,7311.693975116726
cell_103607,6332.121901488655,-3282.009601764795
cell_112323,4648.279809473678,3995.8694757638355
cell_105761,-54.01884399756736,9910.553220642427
cell_104203,710.4494125162846,-40283.81678887205
cell_107438,-2609.0090165834636,12543.336298434107
cell_105111,-214.58594108009382,10879.704789393396
cell_28735,2239.668643291999,-39249.81011528734
cell_15185,-1079.0470764826985,-41090.447541103014
cell_16139,4512.0828024216335,3310.5350082653213
cell_14125,-1747.96594842974,10898.123300623689
cell_108307,-2738.474447442373,12162.823164009342
cell_108737,1293.3253188105016,8066.042380531651
cell_109080,-1690.414025656104,-35430.930050148694
cell_108274,417.0964214282815,8977.865580169013
cell_107893,194.92929886732193,10446.540905806469
cell_105397,-3770.6184329206385,12108.619265250261
cell_105101,-3858.4967171783123,11859.135977693019
cell_112256,-3140.1557728384646,11531.861838862023
cell_105960,3593.0725196993726,6103.639173082115
cell_29862,2738.142341760615,13770.160233997325
cell_111158,-9.095467359409486,10202.719031874076
cell_28131,1963.4876156578905,14253.753933597827
cell_111923,7320.0053166843545,-7243.982505623934
cell_111044,-2821.4130080988302,12596.425639386985
cell_28246,2340.2359006422294,-18799.564921864152
cell_113447,6.463968816981019,11727.435526388992
cell_109016,3997.598931332883,2571.2359235291187
cell_105020,-3083.346548455072,14981.23884447172
cell_108979,-2483.74894636617,13911.182697333561
cell_15090,-1941.6282712814675,13474.147773422425
cell_14301,238.6288986461829,6139.1146534057525
cell_107976,4491.953512034114,4857.932077655968
cell_107267,640.5728599548582,-40437.47300543264
cell_30542,4653.029019805973,7409.798985403497
cell_15350,428.93954132462596,5936.375286919618
cell_108139,4160.2466508991665,5895.451733706509
cell_106464,-504.65574070772647,10171.293162189555
cell_16238,-2358.468799058155,-33545.118348107026
cell_28663,1381.160804682978,14747.24497547154
cell_15547,-5601.259441209329,11971.393213531454
cell_112282,1733.0708202804835,9250.775378723964
cell_104028,5131.807296731205,6341.021825086873
cell_111907,-123.14063461508495,9255.569042342187
cell_28696,-588.2372336017221,-40358.656642506096
cell_108499,-1286.3180468863457,10565.706627059242
cell_105583,-2650.7262438335997,11560.431378896434
cell_109814,-3032.7170460142434,14871.79959700709
cell_113017,-2759.3861311766022,12320.345107588948
cell_14073,-3776.6063096761036,10074.550467325176
cell_112704,-2977.583136023408,13918.551743577984
cell_114371,-2333.1940493283773,14047.3667196937
cell_114264,-830.7258450982243,11883.941756521492
cell_109595,3294.2066944671747,4281.33368586179
cell_29444,3470.117462556717,11342.191475984882
cell_103441,2450.2067436616035,-39342.74426681542
cell_107932,1536.2077060290628,-39805.856925394466
cell_107678,4494.719844272133,6231.338983752103
cell_28620,2410.624123630458,15254.81984546352
cell_108456,-2552.238087111005,12814.619284546954
cell_30272,710.462424185392,-40953.26441709947
cell_15744,-3550.7737776031117,9647.98596025761
cell_106001,-3598.8304280789566,15448.355889925178
cell_30484,3556.424142029155,9243.139998359266
cell_109835,1223.6311048074133,7689.073778002791
cell_28028,2859.4282462096726,14877.543822242282
cell_107870,-459.9014769899753,-35048.40445566923
cell_105757,-2653.781742937443,13166.858058171143
cell_29981,6783.467084027041,-4778.472362056957
cell_30326,2485.613983054261,13612.719697229857
cell_110650,-2885.3551016204474,13285.717370924762
cell_109416,1359.5287683673023,6782.208021663803
cell_30094,3181.196233117446,10214.819016097232
cell_110180,722.668401027875,8965.898662563664
cell_15503,4320.719662931645,2476.318180355226
cell_15929,-3324.896489627822,9844.131572586204
cell_114002,2339.26992972356,7085.026371431276
cell_104903,-2465.9138611528247,15540.993246432738
cell_110096,1151.8679463402239,8100.08807417347
cell_30330,1332.553306942277,13718.598081087546
cell_114155,549.067526879532,9381.240815060075
cell_15686,-3501.644035296055,9183.821153121036
cell_104310,-1675.2678009967406,11716.511895825251
cell_113433,3145.2805770926952,5255.225270655671
cell_29892,1608.2394641322505,14793.12291205432
cell_111900,-567.454404373196,9192.600931444436
cell_111892,-3367.755163696067,12366.346103167114
cell_27706,1639.1948310262892,12852.51143145979
cell_112940,7016.940797408465,-5948.47243584037
cell_104613,-2643.9014460087596,12080.459360076842
cell_107408,-2651.7881198345362,12354.717408949691
cell_27899,4274.66867573262,9426.965126199586
cell_105394,-140.686475687419,9120.982453904526
cell_109644,-2505.5552249200996,12498.994746505869
cell_30491,156.32270284924053,15511.38212715021
cell_106051,6281.101484817487,-3253.7450462154275
cell_108449,6555.078980557775,-3100.807178804818
cell_14146,804.2689710277789,6136.833599491912
cell_29819,1951.1367355916482,14894.449647084095
cell_113771,1950.3457227896397,8150.7938110025225
cell_107246,4007.0904722487435,3518.074412025476
cell_105855,-1567.6642979891883,14888.418662932583
cell_109996,-2746.2868161496717,13489.642499459855
cell_30547,5170.253958457499,7043.465550909541
cell_109781,-4207.865082493633,-28816.064950354033
cell_114447,-1944.475553429024,12031.797367362411
cell_113711,3058.452496080939,3091.529163694927
cell_30582,3550.778915310305,12271.420706053917
cell_29806,2704.8195751425005,11319.431237421237
cell_107910,7016.829368760335,-8942.93274817427
cell_113219,-1373.2687951875453,-35921.91739829561
cell_111280,7183.236385069416,-5604.805806118315
cell_111272,-618.7266575714523,11082.375835244668
cell_14942,-4020.9780663406073,11116.88687728234
cell_15861,-4691.0998288212,12545.801661113212
cell_27822,3407.142808373572,9036.795971668997
cell_14479,-296.88903448592026,12370.183666330175
cell_108881,2231.382752369298,-41189.69761586403
cell_103657,4641.9189297191815,4662.360023650786
cell_16163,-2624.1210527675603,-33254.28863196378
cell_16253,-4029.836206360922,10934.221050880866
cell_104073,2352.634702323766,-39460.89574772152
cell_105984,-4765.613086225033,11948.512274652925
cell_106425,6841.873057360489,-6820.213108111879
cell_14760,-1142.009065379744,9013.470310470171
cell_111125,4225.680627141634,6443.615608952566
cell_112775,1551.6213161234675,7041.289349176684
cell_114093,-1589.023053770874,14561.02198854723
cell_104496,37.3019880148896,9931.859269966933
cell_114021,-2785.9920284854,12782.844790098185
cell_29443,2281.7906787690235,13113.790482291051
cell_105865,-3818.633958688668,-30436.361906544156
cell_108257,6727.562992715698,-7183.398687182252
cell_14020,5135.503066605634,50.960817348303124
cell_104832,4924.7382985844615,3173.5954041624327
cell_109539,2043.0050725539515,-40413.36715157432
cell_14388,1217.5101308066676,10839.072565724682
cell_111972,-2481.6535246804974,13475.53977962476
cell_108958,-1246.9912098085113,11874.775280303767
cell_14899,-3169.6241393997443,-32838.087216093416
cell_15890,3043.7576238894508,6226.360864680069
cell_14244,-64.51493953076891,7825.611967312918
cell_103909,-2660.7683092739903,12211.944235310419
cell_107175,-1692.5382676735765,12092.452186333307
cell_15997,-1594.5631707644447,-39386.48612691069
cell_107308,5998.927817466996,-1720.2523884678908
cell_108971,-3921.49681428877,11294.626404626682
cell_109194,-3375.7116220168173,11536.516129806125
cell_30095,4495.875486294685,6905.678852836473
cell_107373,4082.703202571609,807.7548648087743
cell_14924,-1030.6480637193558,8843.136673075398
cell_104610,4627.39796685849,6226.355896329432
cell_114522,-3309.5718496505397,15362.450526805218
cell_14500,-4203.395756230389,9871.67472798538
cell_106360,5652.875724799636,-5630.836699782313
cell_106260,2140.4808999601546,7331.700859437501
cell_29418,1499.7015809504373,13988.374227924238
cell_103922,1513.1124756023119,-37064.49578630897
cell_28745,3791.338325344439,9599.208905849184
cell_108010,-1017.9182216540921,11062.617270822768
cell_29777,3121.274802908507,15020.427287502098
cell_15727,2707.0580185760546,4070.729841326455
cell_27717,4510.961833371008,6665.33210805405
cell_29406,3820.844785255355,3179.1393469000386
cell_112933,6920.825420039425,-4827.796961027408
cell_14558,2193.725462760582,7268.137115157129
cell_29602,5603.548827929473,944.1921866320157
cell_108408,-3046.161204908147,12544.017299651458
cell_110754,4875.792408580244,4003.9577890993646
cell_14000,-856.3737503488577,10004.175993908813
cell_105448,6505.49088685486,-3573.5255448492608
cell_114191,-2873.517092836677,-29708.250195320044
cell_113258,2294.8565077551802,-40299.81170397101
cell_108437,-2689.8075594992406,13401.396675357582
cell_28940,2885.763118318904,13969.241464601957
cell_103540,-3001.4667609118396,-28713.908755577213
cell_28954,2516.3634916638766,-40347.82067474992
cell_15494,-5120.088352791222,10029.324911219868
cell_112896,-2526.6658690034355,11690.506110963428
cell_113074,-2816.9933186080393,9888.51036831575
cell_110558,-2389.879998874551,12566.64742611851
cell_113439,2669.3818837712024,4706.703993337798
cell_113269,-430.0489982966813,12022.639002369764
cell_112443,2907.3491788908836,4908.115648114219
cell_29414,2772.8779232757256,12217.59565457097
cell_14756,1294.6845419533836,9810.453647701406
cell_112949,1778.1064939018452,5863.222640505246
cell_15171,-35.575601347502634,7737.698466224392
cell_105678,79.83275874841488,9696.995955226332
cell_103331,3441.6872875905838,6992.425823624915
cell_108482,2409.8150310796573,-39671.14990422088
cell_113520,845.9606094148401,9373.052587105785
cell_16171,-2220.3597113837823,8804.56390401453
cell_107907,-2846.8229829914135,12639.678628170721
cell_108782,301.7817321061391,10322.322129852239
cell_105252,-433.69259812818945,10513.59129558127
cell_112758,1964.165872520636,7141.70010754331
cell_111433,2178.8883879149826,7531.185158490361
cell_111410,-3654.992952317576,-28073.749030474726
cell_106492,1509.1834689788889,6404.263225642656
cell_105427,-50.07037291805485,9286.14743862172
cell_103346,4295.2514319532265,3082.062507466641
cell_16152,-4461.283221343048,10526.001989381875
cell_103739,-4760.575037544213,13842.667584204923
cell_110670,2425.339435672856,7870.191710236466
cell_114173,-3133.60254268582,13763.953708693747
cell_30367,766.7011233127758,-38602.5093164553
cell_112238,-1021.0383638106692,14463.32955835749
cell_110089,-2378.851710252056,15519.273043568914
cell_28785,86.76185703310539,-39807.66983477516
cell_112300,-3295.1511336693543,14906.442840001822
cell_29838,3064.511568134069,15027.142173797261
cell_109086,1399.125078087328,7340.571758759867
cell_107220,-2384.4524899583553,11815.553699161626
cell_107587,-1713.9936049951764,12878.124516261469
cell_111546,-3250.0361651004628,12791.52567149047
cell_103390,-2343.9184830816475,12848.423582643156
cell_28856,1568.7081650566279,14497.790965250259
cell_104014,-3606.012732159663,12163.257416966766
cell_104367,2163.3422691914384,-40536.689432871535
cell_105129,6021.936763838722,-2310.2623383695027
cell_14269,-1491.8574385900902,-35545.06233030889
cell_103456,6318.568490380171,-5257.694495427659
cell_16307,2034.1377925460615,-40951.05300162015
cell_108075,-2844.9597149560145,14955.738745730589
cell_103506,-1526.6738459549363,12333.308615907255
cell_110056,-2609.7260894580927,-29610.89294004972
cell_104779,-2399.4947444774116,12464.295889014176
cell_29543,-206.13632663679078,-39471.59375528466
cell_108944,-1552.3238929816775,12265.542896829811
cell_28261,1748.4954127488065,-39320.87718969671
cell_106132,47.931455197663425,10739.572296548191
cell_27895,-275.46302994182423,-39559.271650493305
cell_113850,4756.384546716469,5172.888323717753
cell_105919,-350.17075838994407,9716.693398164925
cell_104543,-1273.8229915300874,13557.801502921364
cell_109744,7177.492103439918,-6784.556428800361
cell_16257,2665.142987278052,5037.530465326228
cell_105324,-4803.950282112529,11856.657571238868
cell_110410,1877.1202875065267,6526.222416871529
cell_28262,1708.7169568830652,-37945.80573867206
cell_108116,-1669.985585123202,12350.804734898793
cell_105127,3798.660441500487,5444.61091453258
cell_108418,5049.691591211651,2288.7264903914534
cell_107449,-2903.0588253210835,14993.851665529162
cell_27872,4042.322265335958,5557.4372259999
cell_13991,-1929.3404647752152,10329.960859703533
cell_106968,-1030.7070578010541,9468.993374786593
cell_15440,3266.456690829299,4144.6120191281025
cell_15411,5413.196198402174,5912.261959019394
cell_103661,-3311.1488232837387,10771.841268601238
cell_28459,2418.0760325815695,13400.427446001004
cell_107583,5439.859062270924,531.9748894742306
cell_15149,-2744.753149591763,11132.372957398205
cell_111048,-2707.3576608685057,10699.076491677446
cell_109980,4756.427160168216,5607.421443797863
cell_15341,-796.3340875414088,8811.460851603377
cell_105911,4265.219377076609,5897.75920423128
cell_114575,3129.9341571264786,6204.199648825195
cell_106441,7192.347955883749,-7054.440218906535
cell_112820,-820.5351817213034,-35764.02375695053
cell_28854,2688.9215673894573,9875.653831492991
cell_29629,3590.37805090289,10550.786019536923
cell_112387,5115.667703518817,520.628587412915
cell_111803,7287.523192211631,-8208.173930510766
cell_105107,-3166.942106675603,15732.274381462501
cell_112974,669.2635678932091,7889.91818277411
cell_113454,-2681.651918014653,11207.553206556653
cell_15834,-3944.7308376326023,12548.033880907557
cell_106613,2417.9223381808297,8194.192173741007
cell_108469,4738.876365136302,-2839.703933925343
cell_110554,-2820.514261186627,13104.622452727828
cell_109558,242.07840106699098,-36097.412613444234
cell_113094,-3075.8672349223466,12606.678419463866
cell_14204,2238.2252377500563,-40076.618504454666
cell_28021,1669.9074804565826,14048.41788962018
cell_14325,-2222.0855530064387,-35375.72941152181
cell_27723,3789.531219030987,9495.554854033637
cell_108878,-2878.5795836196676,14161.346748102958
cell_105122,-1151.079982571182,11904.701726338413
cell_107243,-2893.2349706138157,11671.436085138514
cell_15510,36.6443714082486,7804.461903429735
cell_111032,2613.7735506956956,5700.462413058675
cell_107184,-3285.89839603513,12789.836590747318
cell_15769,1620.1204817684825,5692.627862003772
cell_107049,-326.8727310898702,9110.885883829906
cell_113822,-1592.0187476525068,-35174.856633844334
cell_110706,4513.711179294711,4827.200911854018
cell_107775,229.09597549406064,10688.493400952842
cell_29454,1595.4565960363864,-39213.684379265214
cell_114395,2120.771354183973,-37525.28539151788
cell_29240,2539.375130859888,14646.617802485336
cell_104770,5111.734254459242,-494.85611066120777
cell_112011,-3608.4099598979205,10948.722126878825
cell_111456,1970.2340055815562,6257.771898120022
cell_28580,-3095.6834792105237,-32012.324817615357
cell_15203,-2442.693344663565,13911.554480135072
cell_104789,1843.9023610313611,7159.292941727955
cell_107445,548.5294754925563,-36321.55932204281
cell_106700,8.640312743550233,7627.930886601407
cell_106978,-4735.704499311503,12004.67564464869
cell_109995,-3103.252663303083,8870.926925640608
cell_15800,-3070.524674104566,9524.873136996996
cell_14168,-4382.0795889768715,10608.63204019764
cell_27930,655.2177219611028,13407.2554939016
cell_109213,2425.725939118783,6006.477618643763
cell_30443,2984.1637368718393,12018.267109811124
cell_106002,1880.0295253087002,-36633.14136925764
cell_30164,1840.916586637778,13856.751820213189
cell_114515,2012.6278578994131,7077.568151353632
cell_105452,-3527.4283986541013,12456.619523444204
cell_106136,-3532.572787951651,15284.324496971927
cell_14373,-4705.368978024094,10227.89843914271
cell_106309,-4317.460670230046,12337.837484688172
cell_15115,3876.781141215601,5585.15699572336
cell_108227,2699.4470764902885,3571.4257004883143
cell_113664,1127.2512945080132,8801.079002628268
cell_29061,2483.0439292356514,12214.175985289048
cell_113640,-1980.8901405126435,13600.746991869892
cell_104618,2424.24244670333,6774.53578594715
cell_28193,4299.905188031492,807.2550234194504
cell_110339,-2335.8008584401896,13046.229130311947
cell_105681,-2440.261447275586,14256.901017613814
cell_113019,-3698.1762078497304,10658.629278412593
cell_114205,-3223.7854067683447,15099.636235399492
cell_114305,6959.74163649537,-8994.687856594614
cell_112207,-3666.0967231280765,-28326.157018493665
cell_15096,-1013.9143182720211,8131.120646411318
cell_105825,2330.0295317808595,-40831.091502354844
cell_113634,-1171.924027983072,12497.557069787581
cell_29130,4339.421884028547,9329.894829134875
cell_113364,-3611.119353340908,14301.95720370759
cell_107282,-3112.4578592157523,-28388.358481040017
cell_114497,761.1395867725711,-40460.63074816882
cell_109886,2353.619259711318,8794.385488337026
cell_28348,366.3750809875145,14963.723980091805
cell_107820,374.3748686927497,9774.099107926288
cell_106790,3871.5978694919168,6186.859048657086
cell_104175,1848.5881911855595,-39678.82082655687
cell_104975,-2824.424828097825,13910.475055915651
cell_15925,-2084.6080940287384,12624.0956015573
cell_14308,-2355.6062839861324,-31906.932359064343
cell_108390,2680.6125480220485,7057.440858522408
cell_109754,-1524.1294459109458,11994.532687750141
cell_29775,2436.898399352673,15306.704789019492
cell_30147,3447.141835779806,10617.044133601003
cell_105895,2465.908952503331,6954.790608265084
cell_113218,-4970.4092282363,13014.608206911658
cell_109542,-293.9803603455632,10563.46708728086
cell_106926,2546.796112711614,7946.434816140199
cell_106639,1568.0202255772158,5130.631822514066
cell_104119,-4763.494540685279,11777.915020291844
cell_107508,1452.288360220347,-36693.21544326202
cell_30537,1997.4529689622257,15206.28584734809
cell_105904,-3324.987889605799,12421.741963759901
cell_30282,-667.4182004373432,-40640.02682956984
cell_111374,-3282.6295139629506,14513.196667225038
cell_29213,4072.1321779113787,11683.775886480014
cell_109897,-2948.863419345425,14591.16053930292
cell_113819,2326.124087079175,-39967.87514710368
cell_110839,6894.355704622749,-9379.973589738423
cell_110381,3503.9584723842695,5454.185652616919
cell_108026,7135.29741129572,-7416.2003744174535
cell_16011,3604.2542539172696,5704.480372476284
cell_106929,-2836.2058174399926,13733.275591510339
cell_109058,-2908.110658177585,13916.256067637412
cell_111991,3082.324565594975,6242.874543042478
cell_14549,-3649.4167123678108,-27974.069479655347
cell_27821,-192.93360454259533,14195.904244135054
cell_108067,40.6094590777039,-38403.41092633406
cell_109291,5864.060897364344,-3892.742860943108
cell_105284,5669.376945362219,-2548.775711002651
cell_109089,-269.22542338981975,11141.132303420865
cell_108022,-1657.165432917084,12873.161795202977
cell_28642,593.1060212530512,12771.06796442843
cell_112959,4560.94433388441,-455.569794878389
cell_14584,-2295.519027214926,11077.836716947444
cell_109955,-2331.378192861699,-33454.04303701964
cell_29037,1410.1382138090607,12531.943752558382
cell_14096,3507.9660472016785,3026.9130137823754
cell_104468,4178.608935936268,5381.90957656845
cell_111052,234.275537379876,7627.123133946426
cell_103485,728.1611339310075,-37129.85059711414
cell_29827,4441.992990853095,7318.984669311424
cell_108224,870.3137507780326,-40470.690303213305
cell_111318,-4425.17883614818,12549.28339734568
cell_107345,1660.363628968232,7583.063579870316
cell_28639,1736.776261607805,-38626.290169512184
cell_108798,-2527.041697072415,13396.609680447305
cell_14053,4019.713592101004,4772.611191313564
cell_111010,5348.260916464234,6196.900712783891
cell_114131,-399.7353225429019,7785.7625991189325
cell_14414,3988.305417065389,4224.360942808587
cell_113459,1796.9458562780364,7384.885616617255
cell_111276,-3245.982980747281,13095.682295632014
cell_28591,2610.4266859775967,-39532.4694125413
cell_29449,3334.436965067167,13032.080835155906
cell_108356,4414.072726758518,4139.458099544286
cell_30084,4396.305561348837,-3773.2206881300212
cell_108946,6815.737615378795,-5561.7630288420305
cell_30219,3262.9651917669134,10005.249809677303
cell_104711,-2470.5089712398417,14752.015748385222
cell_113114,5047.436378193534,1883.1616821119155
cell_110120,-3469.507182629593,12933.630141421025
cell_14075,1732.0133735682746,-42686.50824211218
cell_16093,2354.761291539537,5542.852558931828
cell_110072,-3714.415296020708,12336.106444174322
cell_107926,-208.84462593752187,11114.692267916567
cell_106412,1450.268852667146,-36838.41035499567
cell_112361,353.5708562550867,7967.3114820609635
cell_14872,731.9330447553418,-40440.726625861695
cell_104467,-664.1997468231689,12579.91379106343
cell_111019,2554.294081790144,5280.16833456878
cell_105661,-3959.4163892636566,14860.783159202347
cell_14954,719.893713685117,7038.0573684437895
cell_111969,-2961.5369847755805,-28651.008602479316
cell_29528,1221.1155225387022,-36639.098142871284
cell_29373,1845.577565403966,15016.259905409881
cell_28270,-93.92221625639289,-39725.791952120744
cell_105051,-2098.043303254528,9731.49344410649
cell_29731,6596.758370447865,-10259.209731314435
cell_29286,4597.828928337787,6623.199992409995
cell_111115,-3489.6375751407695,15750.35444256256
cell_110245,-2718.4232355566796,12604.712454403956
cell_107097,-179.87587007061845,10120.28406052905
cell_110660,-26.445156232203118,9122.933511523523
cell_106742,6955.3433930383635,-7072.226691198421
cell_109780,-1298.4956324210748,12431.634393663939
cell_113298,-3599.092715783786,15086.248038272095
cell_112057,-3220.1509136511954,13760.445778166206
cell_112125,2254.934417926624,7144.070581507294
cell_111034,-3163.872722726994,15022.134088543962
cell_112649,-3575.7399017194784,-30823.25651973185
cell_113656,6759.479704021284,-8890.285848399199
cell_107824,4904.13216388499,4989.422611684017
cell_110982,6636.761288924418,-3398.623097705406
cell_15459,1599.5982786368677,6477.232957842294
cell_105102,5719.2764890150265,-534.7501941697867
cell_113867,7090.484007301991,-5038.054658477112
cell_103347,-2566.7398287674346,13393.431262174954
cell_107479,-3563.1567136069707,-27679.596660139425
cell_106710,60.09293121738058,8378.371169019038
cell_111950,-2960.1016027578958,13942.345804392002
cell_14863,-3292.613990210271,9695.954718125997
cell_108523,-699.7776112560067,12832.159345447577
cell_110175,5554.241244429115,5772.599604075139
cell_14004,-2139.9817484637133,14312.707071930057
cell_112921,-2813.195922610568,14769.183791660462
cell_14401,-734.9873464690601,8794.966420461173
cell_14777,2324.084001528496,7548.0911289004525
cell_110287,876.6111277320259,7389.519208354292
cell_28816,1851.8369722993525,14801.366200389524
cell_104363,3175.0792000227234,7179.5261386924185
cell_29670,803.9976062907172,14502.087592929214
cell_29530,-983.5945989577785,-39743.75583582103
cell_104293,821.2977673840867,8580.26852931611
cell_14943,-3467.6443820877844,-29808.056398815963
cell_27773,2883.978339495239,15286.008176052046
cell_29772,5526.511908227655,-2521.6874232797813
cell_113171,5015.275219731819,-2613.0907973341414
cell_109743,1729.1632257796387,7939.968156855617
cell_111038,4378.364776552451,2393.222057928203
cell_109351,1245.9095137163606,7902.17987164595
cell_29676,4645.9106134815665,7579.7807533275845
cell_105498,-1116.9699825226462,11769.151074113182
cell_112480,4001.7512899179765,2618.767032507603
cell_104865,2490.880602360362,6401.976216285764
cell_103983,2990.1984651295743,3069.1872266264945
cell_15805,-3056.0053765623998,11507.4609508162
cell_109210,643.5377137404582,8257.693160577146
cell_27730,4057.8129283954013,7780.009290286178
cell_103315,-4849.584076058327,10557.036526050311
cell_108713,-1587.8555847448122,12539.878277144424
cell_107813,-1351.3520950047496,12833.238155754028
cell_104746,5644.853319016239,-1314.0124670071903
cell_108690,-2087.9574645381367,11387.34372403058
cell_15571,1545.4483021910328,-42546.338680872825
cell_105158,5145.225700784152,5581.6519140763685
cell_14759,-2459.41934719539,-31845.327052596116
cell_111957,2439.7241017915026,-39879.200732691505
cell_111073,-3158.719321623073,12380.514499319746
cell_15721,-1942.3706571943537,11376.960943409722
cell_103599,6759.646410497385,-8447.352911219832
cell_104877,3158.409630777207,6630.787892795624
cell_29885,3523.702571184798,6707.614897706862
cell_29093,3288.9489985807018,13450.606047834037
cell_30387,3787.3869433313716,9321.437972070404
cell_15059,6273.622253180379,-2301.5343959263137
cell_104794,-3185.0799489221076,12982.717455494017
cell_104156,-2612.390940346555,12347.148772015147
cell_113319,357.1461709326495,-38530.21444263818
cell_104233,-2914.1311093263685,12485.148633499035
cell_114481,-2233.2810409023277,11927.482895148492
cell_113450,-3799.293987234561,14009.231642592546
cell_15407,-4390.873392773601,10102.217258389906
cell_104136,1772.5232368313823,-37055.62436865522
cell_30327,3864.6545681600596,8246.777442147186
cell_109263,-487.933166231652,9609.215741566959
cell_112186,-833.4835693745496,10516.958957159726
cell_16107,-908.7367762026477,9483.936136813178
cell_112170,3473.5567781941872,6018.6739388699425
cell_108015,-810.5295936244648,10770.849109766188
cell_108309,3954.392365954206,5697.125978799495
cell_30042,3182.292523804423,14830.427104405282
cell_112330,533.7755086854648,9094.308527787201
cell_111354,-1348.8919084064844,10622.979397862775
cell_14339,763.3581989000837,-36089.17671264031
cell_113300,-308.04227740228197,10969.288545498292
cell_28945,2587.1119803851275,13475.071657154152
cell_30041,4456.0898359822395,6461.827688792381
cell_113788,-2374.3566371176703,13406.543060924461
cell_113919,-2634.601881834572,-33102.59035684413
cell_107216,-3046.2698975125336,13523.646290290744
cell_104659,109.8680189040923,9453.537544698178
cell_109523,-2590.447537370856,13028.89597365637
cell_109541,-1818.330288266001,13279.975617180702
cell_106907,-2756.1749229409697,11379.363716723417
cell_110385,2772.0322675776715,3251.247980465375
cell_14974,-4398.057196567073,11950.162787869456
cell_107576,1304.8247312943504,9237.905730742992
cell_105616,796.8163195005344,7733.481270240256
cell_109999,4333.630258128614,5814.16187556914
cell_30336,3515.1552153590105,11172.728742940766
cell_111041,3171.45603985874,3102.274260273565
cell_14076,-2812.829987493692,-33063.36064414806
cell_108093,-2121.6982746047643,11037.778790007602
cell_114348,-3832.963795653607,13210.60338032158
cell_28481,6457.15870199787,-2635.0258853115097
cell_111776,-999.3466025179886,9668.745432251993
cell_111713,2243.651524376396,-39928.03126163759
cell_114285,-3042.9010996643465,12645.977546554195
cell_111714,4137.572776315398,5015.503135596488
cell_103939,-2994.005403340415,14467.988623256362
cell_27893,3943.0885960689534,7043.145346445178
cell_112633,-2095.555132468931,12860.079699396232
cell_110983,-3014.6470340771566,14024.964216448241
cell_110302,3221.7384206665997,5791.201736119401
cell_110820,514.3181762673066,8560.657955681998
cell_28607,-2513.6709631372573,-30895.170778670785
cell_28451,3068.970737012624,13669.160943945564
cell_114370,-3643.798205354481,13227.294953578623
cell_13980,2342.1402093402116,-39798.079792752884
cell_109682,-2914.3555547651213,15670.985535823544
cell_27780,2521.8877099229417,9094.444448233324
cell_103769,3175.2120027276706,6887.015476719393
cell_105899,-3287.1677523201142,13318.341831665539
cell_30134,-772.4388949857887,-39003.714056112825
cell_105656,-3191.6114620302938,14738.654297054689
cell_111251,1920.759515464717,-42906.3587568661
cell_111827,-2205.026800069419,11685.876921873132
cell_15326,-1234.162779909613,7424.978420080688
cell_108882,-2887.432603273985,14916.074250092608
cell_107374,1053.136568508828,-38380.641572893815
cell_107105,4102.651939745547,-218.7421178860455
cell_104325,-2970.267742687387,12197.536810037445
cell_113291,2742.6999642466703,3422.6091182132477
cell_14161,2431.576775528289,5731.872965603795
cell_113264,-222.6613054668897,10487.326167490115
cell_107975,-2741.4375595467604,12791.74697982995
cell_111333,1760.6755018423685,9208.690545774212
cell_106022,-3280.1589194521616,12867.137066545209
cell_104490,-2323.9516412296043,12293.995670093736
cell_113659,5283.8857805723355,1194.0753776647732
cell_16103,1663.806466752686,6147.84703272876
cell_113475,-2565.3278778952417,13445.227622938817
cell_106286,5642.804943143317,-567.2080643207312
cell_113695,5497.291695364435,-2806.4332358980037
cell_28304,3018.5746357760577,15256.49992098518
cell_104732,50.6169484194206,9091.46924308989
cell_111859,1054.1296242036542,8052.618406692173
cell_106315,310.9323436422733,-38605.12698477936
cell_28986,2440.3405826742105,6134.860936771869
cell_107150,1819.7738368659188,7036.849328556171
cell_108179,-1364.286424848147,12934.205890375102
cell_29425,2305.5107431130746,14377.138469181831
cell_106355,-246.39551860109893,12286.278862557117
cell_28649,3039.3444119554,14584.881414232701
cell_30576,2477.2984072778086,15515.88977214599
cell_105499,51.343203705283656,9974.001252624968
cell_111725,2761.6615354211904,7257.242935666482
cell_113836,-2676.207781823035,14163.400830100723
cell_103351,-3578.3885967579613,13321.258078293356
cell_29621,3405.2772679778486,12307.807194476392
cell_106474,4386.648945173145,5438.235564097233
cell_27818,3065.2798186069344,10033.768407408139
cell_112043,-3113.863406217147,14659.562884761095
cell_106029,4070.7718723084813,6403.998987964128
cell_29831,6800.44727221638,-4247.430622273268
cell_14731,-3329.698390309189,9506.279310060787
cell_15548,-4712.042019359093,9828.871313515923
cell_105813,-739.6181663791349,11747.209573819386
cell_14803,4241.50376166326,4808.3263589512935
cell_112926,-2815.576778656017,14682.010022844092
cell_109378,-1000.0902618568025,10899.932739156311
cell_30482,3290.7903958881748,14096.051404305908
cell_14280,818.1560073737322,-40462.99006531325
cell_15490,-2556.2072451390886,13679.800036215607
cell_15592,-2727.831043873674,10806.376958702289
cell_110244,-3212.455963477426,11894.413882033607
cell_107455,1485.5569097333362,-36721.66056315116
cell_111429,1462.6221188017994,9110.85268794488
cell_29154,2382.5222577044315,14494.954810561272
cell_16114,-1308.7342092963238,-40821.00227895287
cell_114291,785.9989686240755,9872.892601549402
cell_29143,4553.6232659846555,-904.6983549267809
cell_103834,-4157.8061819822915,11634.113904737455
cell_28742,3289.4105742301776,11411.447272325782
cell_30522,864.8967886252929,-38049.49607485872
cell_111161,-2521.2903069684417,14933.260031713306
cell_30163,3082.475298106184,14534.116479809043
cell_103746,-3507.039748524093,12109.17438162375
cell_29794,461.83407114523663,15555.65677214114
cell_109358,3222.9643135079477,-38763.287499656755
cell_108378,-3009.656954433046,12620.843631148375
cell_30448,3819.2367966389697,11274.540528347663
cell_107122,-2984.1159619772825,14265.544261331472
cell_108639,-1554.9308420671155,10772.235985680281
cell_30394,3911.8168193340657,10474.294325231587
cell_15025,5472.129787121984,-290.1156606152734
cell_104154,3437.175880299085,4509.510554753924
cell_109143,-3097.277642681128,14016.335055579013
cell_108556,5157.991931377542,1719.9545605185886
cell_103447,1590.09006415761,8201.168998060903
cell_29788,2991.507601312692,6936.027303466154
cell_28087,2184.979785284433,11147.156732140575
cell_107750,-2893.247711422836,14630.918913788548
cell_28754,3035.580791764473,15227.657900820599
cell_106165,5438.020778243693,5555.865336833635
cell_114429,-3475.827375078148,10911.333108585377
cell_114446,-3180.8309470088907,13289.024405475424
cell_104802,4663.685002059877,531.1034064318536
cell_112020,-2824.1853288538946,14470.466339424645
cell_106459,-2980.4387784473583,11972.566345044148
cell_111481,2887.168300285606,5204.799055877425
cell_29279,2989.9348721911733,11514.479311759002
cell_29743,1511.7739136036341,15205.838675070116
cell_108258,-3598.992245300317,14833.640589720902
cell_110013,-2587.629694562626,14652.566581504816
cell_111937,-2119.2644560330805,12092.868891943805
cell_108590,1556.8948897973992,9056.707796436738
cell_109832,4540.820180913766,6369.155938911923
cell_113541,-959.3860056096864,11838.046462928165
cell_16244,-2346.2794487384144,11237.069902013094
cell_110894,-2763.08143501787,13436.667622679175
cell_108246,1621.4465993440906,8013.539334106875
cell_106798,-1040.6194621423924,13203.677455407082
cell_29767,4550.09288763343,7743.578150306984
cell_27760,1706.7157208525912,13592.338513346735
cell_28346,3883.7331212724985,10761.784126267617
cell_14157,349.7446706714962,-40087.387848444305
cell_14466,-2035.7155231171091,-34977.920686738595
cell_29805,2539.7948781198306,15551.709066590096
cell_30385,4321.819157717005,9254.461697925455
cell_14037,2101.818014167121,5296.096229534646
cell_109425,-2986.2642308077693,13845.748339917693
cell_104362,4356.783978422205,4234.34654152044
cell_113383,-2474.577107239626,14303.288764247518
cell_114524,2239.2315144688732,6573.996356663042
cell_30377,2898.470353763678,9829.66665043206
cell_114128,3177.435625551208,2761.6782082259783
cell_28073,1799.708100565111,14504.80550142482
cell_108762,-5003.666577363267,13911.186252585607
cell_105826,-2913.504815381532,15808.956162119788
cell_30157,2050.187194855211,11976.18285783925
cell_103618,-3148.109588489123,11699.78274915031
cell_29421,2900.1625939728306,12841.761777230207
cell_113942,-2682.7696303334105,12816.141601651587
cell_111322,2779.0621007193113,4676.719997225714
cell_14827,-1709.2379693671253,9822.179732121942
cell_29046,3014.9007779777953,12317.823378923522
cell_29947,3892.3966908721627,10430.477093594613
cell_105836,529.6336525304226,8101.710776687694
cell_14579,4702.607260411256,3820.189230482625
cell_107399,4847.0631239572585,5912.127602737735
cell_113914,2130.885554153196,6712.750221976192
cell_111464,200.36172780550527,-40517.56607107569
cell_107023,2606.834136532102,7955.621562397761
cell_110920,-3487.7256170162245,11923.958809977312
cell_105192,-1260.111392579,11572.886858492444
cell_112333,-3536.907277441763,-27754.43011434474
cell_29040,3604.5387863092815,11167.214553275202
cell_29106,3482.721698142935,11961.197273217107
cell_104558,-609.0085415057127,-35280.285938778135
cell_114123,4715.753701312987,3655.668968276784
cell_114130,6887.022975487128,-7359.029052804163
cell_106571,1730.1716840042488,7696.6072627135645
cell_107314,4521.320845680142,5007.168243272455
cell_104319,-408.5282308168299,10303.823339114342
cell_14410,-4586.654877383649,10274.325485887803
cell_16192,-817.2403327107443,14583.42213338447
cell_107863,545.6454524489455,-40043.98539982711
cell_113650,5072.320747937626,6172.7630867423095
cell_107984,-2801.278904781846,12680.505632391414
cell_105171,-3199.9024086633544,15267.844090640285
cell_16278,-561.9159145479648,-37257.417700146914
cell_106460,3136.50736726443,4924.807757492234
cell_29404,3021.1344528087,13256.197997864092
cell_108105,-2581.423080567961,13351.882533474765
cell_104577,-3660.5414638252305,13384.816914449413
cell_15139,-5167.603387525727,10525.176994589128
cell_107073,-2999.660578684293,12418.415899023183
cell_113197,1823.284528224537,7340.917571460276
cell_108900,-1489.1521042062818,-26696.90331050443
cell_14774,2579.2969938375427,4779.624916884454
cell_111611,-2658.299623715073,11681.899596244659
cell_111983,-3183.2342533589817,13735.052088313589
cell_14606,-2847.45788977756,10098.888272662429
cell_110343,1090.0793884189286,-37242.60409102917
cell_103672,-1983.2092263429306,14078.746987660772
cell_108968,6873.542010947111,-6143.815041183388
cell_103944,-2263.4965723954106,11388.688467267713
cell_109568,900.1428045720434,8020.9721681054825
cell_29596,2461.5376225004366,14970.75596798988
cell_29752,2752.5390795849066,12748.288387912942
cell_27859,2273.705367614284,14039.961469024762
cell_106523,-3011.714501182176,14335.299301662566
cell_104734,-3037.332354516075,13248.88822058812
cell_109582,-3784.5834079387732,13837.283039192536
cell_16173,1764.1470067616513,4420.488136205354
cell_104977,-2512.8596041422056,12616.781898652125
cell_29487,863.5961607166661,-21576.216651126637
cell_105709,-1336.7658937127167,-34398.51859787596
cell_29245,4547.626694138768,7189.254509092774
cell_107553,-3317.4437600429223,13923.179591732425
cell_110238,-3378.7242552242456,15359.161519240242
cell_27881,2027.5938218067736,14815.594114250982
cell_112128,1873.2153344597302,7194.792797358503
cell_110613,4304.0536691966545,5876.534687173227
cell_27981,6651.642595625279,-7799.2664250462
cell_28509,3061.8807524705076,14101.978302681962
cell_105638,1852.593655440452,-36715.113102503274
cell_15396,-4043.3631405134797,-28124.33369755644
cell_109437,942.7280595123013,7384.819145665401
cell_107128,-3486.8760056461806,15638.532343607143
cell_107033,4717.400373383919,6172.289111756362
cell_113883,3284.1344051668257,4017.5095033105176
cell_109265,-2696.3622649805193,13957.130754546128
cell_104898,2826.135071675335,7576.674642960449
cell_30228,3502.3044881474502,8530.753605829257
cell_113524,-1971.9447563559463,11461.978138869486
cell_15706,-2284.963652275874,8178.691957681345
cell_106729,-3406.862351815562,13429.858403625018
cell_109456,-1895.0321635488276,12764.58086011621
cell_15045,-4450.813707898752,13059.349302011891
cell_104584,-2043.8060811870994,11398.999754070266
cell_111233,1373.1814149045365,7632.574406134562
cell_111816,1977.0907883534348,7547.305178461747
cell_111114,6442.114205911969,-6309.003460498824
cell_14845,-1508.9195074664517,-40487.09516828407
cell_105186,-2914.321998531684,12377.336451975129
cell_107040,4037.9587348181435,4268.581433995258
cell_16287,18.73963290179648,-38020.70049856735
cell_106087,1128.5159507594888,9447.962160074196
cell_105964,2307.7505397273867,-42905.6403752301
cell_104300,5104.508028829274,5929.776331444944
cell_16281,-2139.784396791701,11472.954151367167
cell_112784,-3407.764358333831,12350.111359620276
cell_113986,2072.3345044951466,-38829.68610159863
cell_109123,-2590.6311373617064,15500.66455163563
cell_106392,3708.2827237507977,3764.9460773714395
cell_16068,2063.795689524796,-39246.45300612094
cell_113305,2725.6540910121435,6242.394331627233
cell_109271,-3885.0123028581834,-28022.607654348445
cell_111696,5326.411946677713,4971.219934849012
cell_104241,5293.021915562876,5777.250987119853
cell_106676,486.72107166618963,-38494.37164298796
cell_112097,3158.622901645678,2794.932037955479
cell_109145,-1748.8895866146713,13221.116110956267
cell_27742,2437.33984758367,14168.372098162688
cell_15893,2674.7696740070296,4507.486286847763
cell_112660,-3525.607653707267,14472.437562823208
cell_106494,-3418.2329133041735,14217.946894485109
cell_104335,5853.953451224159,-1248.687982878364
cell_29716,2183.264524910031,-39992.83356615217
cell_107143,3106.688251540089,6019.906100975956
cell_114137,1160.1849093413805,-40812.68971453169
cell_110091,360.749383519816,9724.872650394676
cell_111451,3500.4269285757437,5626.6177827549245
cell_13975,-3339.497253089927,11876.429853914491
cell_30418,3323.5412988787602,14461.81098968574
cell_30355,3349.528889933016,13821.230096891595
cell_104440,-2715.2144807003215,14569.767086110487
cell_106215,-3620.651323383132,12117.99335175178
cell_110924,3880.65247140905,5400.1643526314665
cell_15652,-791.6414658329137,9003.400122724885
cell_15939,-5207.72454222882,11802.62599340139
cell_105172,983.4702141197843,6390.4475933117465
cell_113670,-3520.7804518978496,15440.683800044393
cell_103458,3480.721273771284,3458.457354170187
cell_104782,-4008.4373545752337,14229.256968813726
cell_108325,3502.554973047756,6424.699136869832
cell_105001,672.6697725990031,-39537.87088096099
cell_113437,-3371.401284583011,15449.752553738801
cell_113609,172.34995065413042,9661.078623425195
cell_109553,-3302.6104608669007,14186.532861005906
cell_110415,5453.79371348459,6183.248624760148
cell_15477,-4626.716776980506,10498.8352273682
cell_103574,-788.7884709858827,11261.612819798072
cell_103470,7220.2568705191825,-5548.937054574645
cell_111758,4404.0911122619,3703.694063284032
cell_109332,-2995.706825308659,12979.161324951108
cell_28461,2711.2857207948887,14883.098719561856
cell_104288,565.3781963589117,8834.045501151428
cell_106617,7125.471252752174,-5495.815915246371
cell_29180,737.3245229843103,-37465.83918231143
cell_112413,-2749.7207463167642,13910.01276772165
cell_109139,-2278.0216955685137,12004.761822345621
cell_106312,-1552.8956645736596,-39804.08005609882
cell_110116,-2957.247755085558,14543.410058395564
cell_106493,2236.241669236484,6928.357703678838
cell_28768,2987.5431755540003,14201.08696499757
cell_106348,1653.949299429713,-36597.82785192791
cell_15017,1880.357141812032,-39320.768840021505
cell_106775,5996.25421053842,-4115.521143928743
cell_28491,1733.0688481625025,-39151.81541999882
cell_107482,-2586.8228263684905,-33129.797955080685
cell_107602,-1570.75666463792,-36482.178000636435
cell_14389,-1678.3528753185872,-38769.67647241129
cell_114216,6936.196370455062,-5886.461753996653
cell_112156,801.3500089458194,-39994.24096152828
cell_14313,-4753.991545289763,10638.893864039148
cell_108962,1820.1422223074753,7475.161433873196
cell_107174,-1996.9573859373213,12920.96188724844
cell_15416,-1910.2689453796265,9823.058998833463
cell_30334,3225.097766720528,13729.427909096583
cell_107285,757.835287213623,-40390.95820733987
cell_30538,-2104.3617200956182,-34775.16679594402
cell_111396,-2890.7378939054147,15359.867574739656
cell_113222,-1443.4624893494295,10994.629657075495
cell_113292,-1831.6613212100685,10917.925630498556
cell_103468,-1286.5287782692885,10316.465235040432
cell_15333,-4137.211512412561,9821.982529212968
cell_27759,5781.669030231383,-1570.8692627417684
cell_106292,-3508.153422123019,12504.226389932443
cell_27799,1868.2999982828255,13508.565820948988
cell_29962,3987.0975761784653,9684.025407355175
cell_113611,-3199.3290166794663,12096.768885013727
cell_14430,1787.6126607282852,5514.207920055118
cell_28100,2329.306181003085,13597.358775542367
cell_107923,-390.7384024330162,-35733.449947409405
cell_15175,-4527.2925306067555,12506.865488980486
cell_14655,291.6983946056844,6683.67195811275
cell_14241,4503.219806685553,3352.39079434032
cell_112807,-739.8946999435693,12533.854560193173
cell_14719,-4873.903729266472,11846.24366979121
cell_109295,362.81105006822366,9858.727844712603
cell_15313,-4674.612491438332,10881.027258350598
cell_15619,707.661492807259,6930.847672250482
cell_108099,-3286.7901513022225,12566.000896938362
cell_15065,-2425.387871285324,10746.155668102912
cell_14044,-1088.6382535355513,8595.197958611145
cell_29337,2164.823311098534,12795.147923241713
cell_15247,580.5102515774122,-39153.987424063
cell_15565,744.1439829165181,-40488.379843975774
cell_105442,-3106.534114563367,12258.839442335418
cell_113526,-2553.1247553165263,12675.29169675921
cell_108539,-5125.812925576123,11600.307778720597
cell_111974,6653.814992552928,-3663.1331288128818
cell_113487,1178.2287120677574,-40590.867465661446
cell_106154,1526.4638655695526,-40567.64527746872
cell_103692,1581.9780941269732,-36633.02216230342
cell_110084,-3070.0355769315893,13557.915761235556
cell_14014,-4763.9633352983155,11024.046483850794
cell_106606,2845.3398088349913,6378.8667877095895
cell_107109,-1571.4409030447127,13517.101398532312
cell_103434,1362.0025747110178,9015.850697909953
cell_105303,6462.2096169494,-5506.8788962465
cell_107213,-3905.261335911586,14038.483329253691
cell_113896,-3444.838160520264,14382.264317538527
cell_108324,2505.4068408287553,6988.239295844006
cell_109050,6595.590826304574,-4099.702593905337
cell_113560,-3804.884516406502,-28053.41869969218
cell_114255,-2612.3174557125603,15461.379774320381
cell_104466,996.5076768228971,7442.150163607914
cell_112085,1204.2389035795873,-37502.22061241039
cell_107497,6786.986095271022,-4855.174290563092
cell_114353,1989.8782145326963,8475.598973900163
cell_111327,-2123.090202142602,14910.963707988234
cell_28925,1377.567961632991,-38123.93997749078
cell_105390,3135.29878003553,5532.736834567431
cell_110004,-89.31591781529247,-39573.899171923214
cell_112506,-3746.263891632573,13835.701598339754
cell_104983,946.3988135128516,-40399.68247873214
cell_107841,-2221.1188599345915,12557.07304084374
cell_28418,1007.3005121853016,15017.655693093884
cell_111831,-2361.6512446512033,12809.666593296883
cell_107882,1735.7595932531253,-40520.68351628269
cell_110579,1082.784537520241,10215.798124089666
cell_106241,-4585.171132352202,14295.857377906208
cell_107217,-2554.0643236891956,14274.802087459992
cell_29963,1462.6215838854816,15302.969026319968
cell_113671,-2853.556634254642,12503.909956909569
cell_14149,2161.7972398156876,3982.7112941591627
cell_104524,1102.5592386764965,7992.260021341078
cell_14203,-416.8735658327218,-39700.97555597199
cell_107991,4030.3432937182756,6345.265809294551
cell_105924,2015.3403086014062,8071.486212344156
cell_111304,-1070.9550422082743,11172.227900164757
cell_113834,-3479.119126022361,13101.97591818421
cell_111848,1879.0294535283365,7493.171042226257
cell_29475,5467.623312062204,-2460.09521651032
cell_113196,-923.043971120179,9645.757415979617
cell_106223,-3767.8167815791517,15235.73488225721
cell_14940,4751.40484779074,4081.1792027142196
cell_14164,-2860.8513668059795,11393.04789044845
cell_106467,-2700.8436506542103,13893.481745000989
cell_16133,1495.1634734601623,-42465.16719064651
cell_110951,-2736.6747085348215,15102.561964367878
cell_108593,2027.0941157842863,-40421.400694346936
cell_113725,102.05915264546002,8742.567531241739
cell_113878,-2533.0583064756906,13116.155983798057
cell_111847,1187.1190074860733,-38464.844497303995
cell_14608,-4592.079667651846,12954.101651613182
cell_108805,2521.706365909771,-39292.78604886334
cell_109954,-2867.6521410349255,12215.606329551487
cell_30533,3054.081842714232,-38400.92488181743
cell_103839,1062.7060059679432,8890.290655010102
cell_28364,2322.7678540436445,10743.63861563818
cell_112825,131.59427541567382,6976.7135208054315
cell_107700,-941.3209311937467,-35218.524795810474
cell_105863,-1098.3786413971409,12751.70291943586
cell_106764,-3071.4903398095566,13318.98053698701
cell_109839,243.5674245562615,9707.24122515494
cell_109791,-3131.808374731684,15508.221856679304
cell_107176,5620.431507703317,-5736.877622095185
cell_14395,3943.5182075041953,3204.2798125679756
cell_109238,-1794.2783420284538,11075.986707869853
cell_16271,-2001.0742891815637,-39757.212496939275
cell_107796,-2038.68177265042,12048.478097174131
cell_111958,-2636.0500442152884,11478.756955227318
cell_110024,-3713.0626717903456,11430.386833008642
cell_30421,3431.1000716311637,10462.500292635495
cell_107814,4675.828962669161,2785.495599989581
cell_105612,-1339.1196657558771,9786.64924418944
cell_110060,837.893796111785,-37518.06579399983
cell_114146,-3453.921812307669,14345.028629829541
cell_30633,1528.0961256781957,15274.819438355998
cell_106275,-4229.094041140278,11894.030475107727
cell_111227,-1389.0712129192782,12921.552809146122
cell_30255,3580.459506797648,14284.257230343104
cell_108285,1635.0738530085305,8122.628076698426
cell_27839,2370.860084698495,14414.895693729144
cell_104555,4860.46514632524,2158.6994935317057
cell_29202,2290.1955844686577,-38190.57972436569
cell_106673,1149.6237560878449,-40394.64493671496
cell_28915,238.51293115822685,-38415.86207373591
cell_104814,2368.3154058767927,7287.922691290433
cell_110653,-2624.111855011241,12368.782224822662
cell_114560,3002.7025950802927,5069.340625675571
cell_14475,1646.4609169851733,-41355.448702872665
cell_112354,-2682.4210953382944,12013.973539709583
cell_112630,-3242.32709205319,11972.33959238798
cell_105753,730.3408497350497,-38305.203718070334
cell_113119,1571.2737827974722,7967.1694991743425
cell_105806,-2523.3123425592025,-28763.240658102546
cell_108117,-2649.953651604839,14830.628903803872
cell_114435,-1896.7317102052048,13401.212524537466
cell_107032,-2465.9090963785516,12534.744538949382
cell_106719,-3617.406817876617,11796.094955938843
cell_108206,5349.188507649706,1117.8997113373348
cell_114512,-949.3411433650424,10657.290163712982
cell_29101,864.8392021438589,14340.712083144183
cell_29840,1923.8051858991676,14168.925133355922
cell_103391,1697.391041807287,7306.806371362038
cell_109302,-2646.159817691071,13046.56949918493
cell_16302,2069.219101299761,-39562.933814473596
cell_14906,-2506.779032315571,11810.143448240691
cell_112108,2909.8402432765492,6190.39227419231
cell_29687,2566.411727797135,13358.048441446706
cell_109229,4911.341843992493,4093.693539106265
cell_29302,1615.1637535660918,13302.310798570572
cell_28174,2843.8545400145213,12100.833172940867
cell_107483,3323.357396340721,6457.996760105821
cell_107735,4150.361078718371,6370.226954874725
cell_103511,2421.610819833061,7827.348634298425
cell_111594,-3809.1107378982633,14202.74017293266
cell_111686,-93.09073758141909,8978.322049810606
cell_28076,5411.978988193897,155.9101258466009
cell_29121,4418.164491569289,8561.08304168193
cell_109536,-2118.964604406621,12783.673722653944
cell_109735,-2514.7755352964277,12348.19132980094
cell_29949,3169.9707359982344,11970.502480615705
cell_103319,2025.3279108057952,-39814.424705827434
cell_103812,-2387.5387670778737,13192.970568380517
cell_107575,894.1177913348805,8665.881953040052
cell_104795,-570.9805413946194,-38453.92587191045
cell_104452,2367.2701496627287,7154.74585623357
cell_111607,-1739.7503594295806,11836.077702867076
cell_15667,2259.797251848797,6096.730336622155
cell_105290,-2913.0657361923663,13564.262894289812
cell_107833,1164.1414690624088,6970.107653763773
cell_110254,854.8766361454723,7294.3045139673295
cell_111314,-3130.470037490665,-28313.02866085963
cell_29830,3659.471752632596,10078.682622274682
cell_110814,-1306.3011273173902,10848.251282791576
cell_30548,1493.9164312538533,15090.131712743103
cell_111347,-2937.5949573719554,13217.920041926414
cell_106590,616.413504359103,-41040.80127009783
cell_105441,4604.3771481999465,-71.045830978771
cell_111998,-461.2634524856047,9743.284041373123
cell_112010,86.86206572259542,10310.466588801679
cell_112034,4202.796820985735,5678.717616560538
cell_15870,-5055.357247147669,11791.047283430802
cell_112244,5323.3241361853725,-3577.4705527036926
cell_111784,-3589.060608892712,13762.84781657091
cell_104844,-2305.3242324889143,15808.287106862652
cell_107759,-3679.4971045705483,14702.08219025481
cell_110086,-3449.3364899934513,12493.781401742785
cell_106914,-2628.07544641482,15407.860406017893
cell_30413,3063.3688629556414,11980.673685527267
cell_28389,5835.233801829589,-1213.62250912375
cell_110121,-2060.9565172283005,13933.699339251887
cell_108092,2380.9085033636793,-37384.508656416045
cell_109662,1048.5735095681255,-37724.12612202797
cell_114404,6497.153676810695,-8278.980087207045
cell_14057,-3051.196774399415,-30288.219683965493
cell_15081,-655.5599382371688,7515.616092878346
cell_104935,-4098.888816071137,11832.116053635536
cell_104647,7139.77906747171,-7884.5821125633165
cell_110855,6934.494811410976,-5256.836509922794
cell_105173,-3103.4988946929366,11598.711378352466
cell_106616,-1102.2674621623014,12281.058594977283
cell_109972,305.86329344526564,9691.31894662331
cell_104089,1150.908567364052,7569.735438051951
cell_15055,1577.4192493216972,-42200.35053874871
cell_107289,-2683.059050046423,14722.879003164731
cell_111177,-23.64342305924256,9695.133235899586
cell_109339,7298.2871710551335,-7279.540462961129
cell_15764,-4627.891290596747,11651.47200931178
cell_112570,-2235.151770784679,-27807.038312599816
cell_29275,2365.207944762143,14519.547561659914
cell_105629,-3802.89494497956,11373.796443057803
cell_14145,1335.4481704212167,-39050.44892218503
cell_28406,1439.0747553617307,-38181.336818433825
cell_14886,-1322.6063583549662,-39768.2782065144
cell_104693,1699.8732082777155,-36755.35192667155
cell_16283,4455.772417770178,3297.9332035842535
cell_108757,-2041.2142787269343,14097.921954579866
cell_108589,706.3235990825634,-40722.35399780271
cell_114475,-3274.5466421675424,15671.965236424996
cell_106823,-2833.4804425780876,14845.116590770389
cell_104302,2556.613036896784,7451.536424783967
cell_15583,-13.057621661448472,-40490.20577445521
cell_109967,-3229.196708684689,14988.148398396577
cell_30307,1881.292179807316,14060.886151340099
cell_103619,-3406.6798031765297,15670.912180943144
cell_27855,3107.116408587949,14844.343337767674
cell_109330,-78.65541750136371,9214.966763846454
cell_104824,-3437.2560452364214,13762.097051544277
cell_105664,-2191.8349638782365,11088.570776972496
cell_110837,80.71880697490175,10437.127431496701
cell_110404,4822.85249949734,4134.697887304051
cell_112740,1011.5831428681286,8586.927650351747
cell_103536,75.78177652989416,-40368.81585514801
cell_112759,-3178.801817076066,11845.145404799287
cell_112694,-3772.7224364199155,15274.719190433629
cell_113975,-2691.2313890783184,10320.855654006786
cell_108035,-4660.409438292678,12653.760296529386
cell_103957,1118.7658841545253,-40665.00310137423
cell_110940,2613.460375072748,7262.748736528506
cell_15274,-4130.711671503589,9635.69440319024
cell_105276,67.2501286192865,-35823.44584321533
cell_109482,2057.884955661636,7847.990645355033
cell_110934,1692.711259896889,-41515.39334435505
cell_111675,-2074.40749625325,12193.729508383716
cell_16112,4522.656938914527,215.66013426976656
cell_14526,-3460.2939393730153,13525.683281750205
cell_107108,-694.992648318457,11528.98809022533
cell_104342,-2978.348461818519,13205.409129523334
cell_113117,-1458.9007262476557,-35532.665454265945
cell_112457,-2837.3601915566896,15320.483902725473
cell_113400,829.2751102083497,-38112.196982881425
cell_28577,4040.25396473017,8117.0197730153295
cell_112855,-3473.6113582424828,15437.44315321104
cell_111959,876.3584423273519,-41444.73484562051
cell_112849,2125.354205912706,-41885.36969083484
cell_107003,2307.4817605447465,7263.281824476134
cell_104684,-468.2633484232502,9978.24580737593
cell_105725,-2878.2478879961727,12346.77761423975
cell_103808,7094.834387950118,-5457.927554301316
cell_111097,545.3244816462706,7951.128466243065
cell_14110,-4076.4651760554943,12759.09252492597
cell_14437,-2443.0116612004913,-33712.4828739176
cell_109496,-2663.0997669784474,10658.280507444199
cell_29663,383.0495724234881,-37027.262726971494
cell_30100,4788.100991073709,8120.793017320067
cell_15100,-3847.8659038294313,13160.849113188413
cell_111555,2121.282432857523,6167.155686212165
cell_29774,1831.5805945025013,12596.618406432468
cell_28653,1618.3856909019553,14879.02159102464
cell_110266,-4058.3017165610995,-29578.83161135785
cell_29845,453.4387791945731,14161.066793535992
cell_15441,-4039.5926341164645,13039.758138663132
cell_103670,-236.38420597863117,9468.905978407398
cell_104271,5688.639586499508,-3559.36490110669
cell_15588,-3504.5832093547174,-27870.791999472174
cell_110080,7158.738778675319,-8497.440186502698
cell_112731,-3880.785948270256,15383.21642397227
cell_106206,-748.3210791568338,-35244.525817047375
cell_107160,-2108.7596699128594,15461.369632701533
cell_111486,4292.356549622836,4922.8639504178245
cell_30472,1084.8479861485823,14202.876220716593
cell_14181,183.65144193821078,-40174.619495431536
cell_103719,-2377.6001120683627,15381.334610363912
cell_103806,-1866.037416796502,12375.418845989867
cell_30267,1176.9089027951202,-37653.549373003916
cell_106547,244.54554568600787,11399.636530011274
cell_111715,2039.777195085505,-41446.889963400834
cell_16032,-3291.12495726389,-27655.98087397614
cell_103981,5383.238559024856,293.7849212653748
cell_104029,1448.1352094299368,8498.703622633248
cell_14869,4733.659688695942,1104.8702492208347
cell_14910,-1434.511741928323,10153.912563545391
cell_109811,6904.404788675811,-6791.028202149181
cell_111689,-2846.9545880689425,11788.797946238665
cell_108724,-54.687672115718655,10361.754580079449
cell_15244,509.82567382959786,6986.954944309999
cell_112165,-3660.93714703702,14294.79249196191
cell_27907,2728.4288327805293,11352.189765806193
cell_27911,2213.8685672223905,15349.020947759373
cell_103681,1991.459314129615,7587.1076348737615
cell_15144,-1596.6429280885222,10792.236046824497
cell_108393,4132.6584024052345,6632.226319230019
cell_30591,3063.624317961291,15093.74286426216
cell_29564,1619.0451721094244,-37905.25327121703
cell_111339,-1000.7186291201774,11990.226045133237
cell_106031,-719.9414118537002,11842.084142109186
cell_108006,70.0128660995288,8756.854328558233
cell_107171,6623.307582473661,-5426.590219646993
cell_15272,-2836.198934953559,11210.184729331822
cell_113327,5112.412745525193,4865.309031614415
cell_113959,-380.06507854374536,10566.160479277838
cell_14434,-3796.830305028159,13461.84117757446
cell_114299,714.4552081523133,-38152.741058082254
cell_28108,3206.0813503356144,13400.161700162784
cell_112739,864.8919196752001,-36503.15329484569
cell_104699,-3133.732309352203,15792.028008140536
cell_107022,-823.4614471722355,10015.93501060528
cell_108688,-536.4812835787615,11162.799393532901
cell_112383,-3354.558153461714,12970.193788533967
cell_109064,2696.2813335057476,6801.938014787341
cell_106083,-3973.8015770600987,11163.928626391507
cell_111910,-2951.41849986857,14455.462190850734
cell_108786,2399.9545961548256,-39297.888883324755
cell_108592,2030.8926052198453,8313.17760559494
cell_111556,-3120.8280995222553,9328.677013578867
cell_109550,3700.82272019946,6499.487996004383
cell_104415,96.08605309031695,-38783.675908840356
cell_109487,-2090.0097110626243,11222.436497503608
cell_111894,-3730.09619338656,11468.069387318443
cell_109770,1747.1949126057636,7753.426241606414
cell_109621,-3105.553991368593,15584.535465918794
cell_29228,3123.4302678631,14741.610780528554
cell_110431,2848.3859121178334,5886.682237207807
cell_30565,884.9092248582792,-39633.92917543616
cell_106407,397.2581636322307,-39623.53135137728
cell_105392,-3710.559779393954,12016.997421517239
cell_113603,6648.802693359716,-8676.32748605785
cell_108521,-2326.8214104247377,11679.470059650772
cell_113431,2104.779017199516,6493.025271323507
cell_109660,-2969.7775079547628,13758.702070755182
cell_30444,2432.2766500332527,14525.90602338264
cell_113147,4130.46383468449,4181.720221686952
cell_105100,-2578.34158973853,13632.891020885623
cell_108282,-2332.759231261369,13858.904822992088
cell_113084,1573.572904075384,6890.761792209905
cell_15263,3693.115478691379,1883.3915356115233
cell_30060,2509.186127343729,14172.189603817944
cell_29737,2021.7941848379764,14134.051911598255
cell_14094,6757.888363917455,-4166.846337649065
cell_103501,-2935.372435798677,11791.569361066311
cell_104321,4607.356260714461,6210.885981939434
cell_114162,-2028.002613496597,9070.639743419531
cell_111042,-1182.6110746656545,12103.87767585163
cell_15844,-3324.285137733773,11008.626726730985
cell_108087,-2569.3840452540294,12606.384147170695
cell_113580,-4454.781358026405,12807.017227493168
cell_107396,3125.6407933842443,7012.084698623755
cell_110311,-2400.711623986591,14239.693966716377
cell_106601,608.5325154339714,8401.164645681674
cell_28016,3638.263048307248,14680.622259441878
cell_105537,-3206.435383378238,13694.601128168295
cell_103398,3254.4828884259828,6806.942186093249
cell_14675,-2175.4264285813338,-35501.92197040454
cell_14098,-4570.293893973057,12804.733103585333
cell_30205,2058.7926743938465,13206.274232185575
cell_108479,-178.89055700845128,10661.099978604449
cell_103792,-3307.390225677821,14158.552631311375
cell_111770,-2919.133391677818,12312.626332445752
cell_114387,938.6102298303521,-37031.613956394925
cell_30335,3150.674108937441,12675.464081874128
cell_113468,-3076.4471943226717,12407.185269823885
cell_29003,625.1017970256048,-39715.753615441194
cell_105300,1444.932170637071,7798.205147331403
cell_15414,-1795.3174711955548,-37567.73835655264
cell_14727,-4944.131311206371,12628.537531690972
cell_30592,2099.688708531263,12079.540669486794
cell_109279,958.1685132168675,8226.641151788355
cell_106735,-991.9555528783775,12349.38645728327
cell_105773,-1050.664637186677,10898.803887223552
cell_113527,-5498.084813233449,13029.890185886958
cell_109790,-3272.407799719702,13635.356778701213
cell_104731,-1496.663021839183,11384.839595257783
cell_29666,2435.363914766363,13602.866961404716
cell_28097,3300.3865594216736,2902.1726985647533
cell_109534,2554.630749271333,7044.634784475271
cell_14126,4094.7500220807974,2354.6550789956787
cell_105043,6733.1333126377,-9066.102321639293
cell_110460,-1741.7527786336652,12789.347603586331
cell_109287,3495.5419505465165,4158.702772540093
cell_112137,-1320.531234525059,11248.742910155703
cell_106820,-2925.0878220590844,14756.345943637083
cell_15544,-4438.196113789825,12052.534675776324
cell_28043,3167.614862800261,14957.566634560842
cell_107656,135.54689779065413,9868.545895152103
cell_108436,7336.403379261371,-8148.352729426888
cell_109571,4152.81706948257,4199.601068739496
cell_111301,4257.239541854598,5184.31385620952
cell_111724,-3643.0515503049473,15479.184015330893
cell_28930,3008.9503360900135,12757.59569302514
cell_109697,-1949.5008488643527,-32496.103245494145
cell_112859,482.8465191780127,9468.409201702874
cell_30240,3556.1543357534106,13606.017553826143
cell_110891,2449.2017058863244,8256.429735692884
cell_113340,6668.266092768046,-4041.1002030049285
cell_104581,-955.2165297584687,12196.028478331058
cell_110185,1158.9169351456346,6123.324653971703
cell_104494,-911.9858730693213,11485.527077772575
cell_105713,6660.279519931927,-6690.18655302122
cell_15746,-829.9955528777452,7453.622095702911
cell_30019,6314.968349099151,-2460.9305074017752
cell_30426,3181.4552163830376,13498.604681777879
cell_15522,-1032.918577133384,-40488.67803562594
cell_30629,617.3711543848885,12642.418538224561
cell_112627,4879.214514008943,5879.775161837788
cell_29155,2546.2686579953834,13731.595391803006
cell_105861,6824.380289789378,-5626.186238933394
cell_28366,735.1827952314256,-38741.79835598089
cell_103871,-3055.9180922511086,12286.285496943965
cell_108508,3976.388122016836,5399.8426942092865
cell_114281,-475.39509426398644,7449.167542641031
cell_111576,4815.197405237217,5977.727517141716
cell_14006,-1531.565623998449,-40647.202993997766
cell_108651,-3483.1020748951128,13952.378257224975
cell_108598,-2848.6756216966237,12958.278604890042
cell_110526,-399.33593458426736,-37669.90948070108
cell_113469,-3135.1925272286926,14919.659129359126
cell_109648,-1279.9385991528472,9774.975460039432
cell_109574,1811.0077640075006,7786.008581366843
cell_28210,3208.222244310187,10691.05448318531
cell_113402,-3494.4376952255184,11073.692601943154
cell_15381,-4747.87882167503,10856.550598613938
cell_27975,967.2518755288293,15079.205121135072
cell_14967,-4547.5854313291,9868.91088445748
cell_110349,4035.2622830660484,5648.315779208687
cell_27973,2695.797154635236,14050.780693841796
cell_14948,-4374.385138224749,11065.787293965266
cell_106117,-9.83167697335525,9806.084356126112
cell_29519,1768.8987945843767,13514.5921551862
cell_30170,2034.1673936849052,12438.725078138468
cell_114023,-3002.0806895242345,12114.386081011018
cell_111660,503.5983585092788,9387.682189176214
cell_16177,-4701.064381816743,12513.613468716501
cell_29859,2512.31713854716,14667.875062250676
cell_103467,-2486.7922432074474,15497.299351126563
cell_103476,1174.6636062381895,-40845.274681958894
cell_113563,5435.0274440874,-5271.569155497222
cell_106239,4474.600693642234,4217.894625549284
cell_14793,-3047.001200908559,-32421.749839936205
cell_29760,3341.3500844690825,12267.818681454457
cell_15147,4495.796146330747,2384.6551369939184
cell_15820,-1002.1221019687323,9452.358013635763
cell_15908,-3504.2500514758203,-27658.69832752987
cell_109159,-1220.0021415500028,-34619.84653831872
cell_110864,3010.6130842848947,5987.521679236387
cell_15026,-2192.6163466426187,12059.240618434078
cell_28137,3356.608004154845,12786.089338421847
cell_28860,2658.8858281621015,12705.77713398019
cell_30507,1924.4613382083287,15489.570377871501
cell_105990,6802.30217668709,-5142.2036469006425
cell_15694,-2738.0002451694445,10893.506733956538
cell_14023,-3011.2703614375373,-28495.749586679765
cell_112273,-3114.447855370932,12526.049322286002
cell_108072,571.6384105392619,8996.94719282275
cell_29974,1479.7141288101855,13639.27997429405
cell_108575,-2562.3035229638244,12251.681541034537
cell_113536,-273.4418999121824,11186.969713579068
cell_16242,-1056.7872260107345,-41040.455433059185
cell_112400,-20.883229645332992,10150.217815937269
cell_111618,-3180.572815450426,11586.363416668893
cell_107847,4154.598470937418,4431.418171877935
cell_16056,-5088.423729109868,12880.853857335012
cell_28871,3189.578785087245,14417.370447095129
cell_112838,-3424.613950603557,15729.279899746118
cell_109506,3182.8217591162197,6315.982008518521
cell_107435,-2258.7662674533085,13625.323014578506
cell_29839,4057.4793027071332,8538.432786291503
cell_110550,5390.084417540644,5369.200418780449
cell_104545,-2770.2805992950452,15246.918355536709
cell_113574,5950.55047755273,-1410.2534514199217
cell_107355,-4823.686982873354,13793.794969954433
cell_107895,-3069.0814385301137,14471.101987591288
cell_110190,-2336.9589629631782,10753.073732777675
cell_104713,-277.6120029777208,9502.945906141344
cell_105323,3062.4222316163196,4402.614481135986
cell_113886,3186.847865797411,6487.2357981378755
cell_14398,-4440.070915996736,9569.553036225285
cell_105695,-475.9468093723266,-35661.889388391995
cell_106310,-3045.272603217864,14165.943207916023
cell_28045,811.257393138977,-41423.83477336286
cell_103430,-3098.9350858250673,15468.847796203343
cell_105384,3055.826717092012,6972.289847747278
cell_108493,2305.6679965121643,6438.88257296366
cell_104454,-2695.1585505969074,15015.500237073556
cell_15707,-4797.2007948478995,10072.992624296941
cell_107262,3229.758530683472,5180.8924873723545
cell_30015,6545.926705639538,-6192.497663449436
cell_109317,7114.161130077529,-8862.0563449114
cell_28221,4428.34830150206,7062.866189343485
cell_112278,-3168.0515717571134,13194.702228415032
cell_29142,3183.9285035911726,14905.044135433509
cell_109880,-1987.6987506620876,9801.388938692546
cell_14629,-2218.9538714014534,9614.921252817929
cell_30432,2133.752428270147,12441.603211450982
cell_107506,2259.628478774353,7725.939830571109
cell_114064,-2965.0572095517437,13183.908778617675
cell_109071,3437.794793068994,5337.89346181692
cell_113811,-2938.4635710857674,13058.87298292561
cell_107340,4801.091948486507,4860.947888544714
cell_109989,1824.171797603843,-38978.6428946401
cell_110481,6765.036888324271,-5283.6368142227
cell_109786,-9.31014390992751,-38323.63744323514
cell_28175,1757.7328888791199,-39792.98061695448
cell_30297,2632.7225125787445,13756.054636891426
cell_16267,-4962.94601440356,13307.935331415702
cell_105457,2914.4237178541157,5622.588280130282
cell_114001,-1508.9413483677688,12396.445757758476
cell_28857,478.18691786973653,14297.827143339002
cell_103532,1247.490867097684,8352.309327517087
cell_113946,3636.9375824358563,1646.811284204925
cell_29504,2641.59707117213,13687.693587197704
cell_109940,436.1419090803516,9442.396003416437
cell_113586,-2738.9269384594963,12258.517069317011
cell_105236,4741.145798352594,5996.191781556036
cell_113940,-159.1230741805901,9018.279758109033
cell_29730,878.4949810209007,15097.890255694685
cell_14671,2315.1860436006004,5149.524645939362
cell_108096,-1312.467742110399,13596.47533467918
cell_107779,6403.789121650799,-3375.9202298966884
cell_113646,-3272.789258071326,14312.978233324617
cell_112551,-1856.5952676314873,-34049.05365318966
cell_30210,3810.306075132505,11132.27441071671
cell_106899,5794.411734594094,-715.0472495353793
cell_14490,-2776.3776362289427,-29676.88966052876
cell_104864,-1252.5088261754718,11405.24333795916
cell_29375,1447.1977322431155,14203.233981037707
cell_15475,-2629.328829612673,-33338.83807138399
cell_110493,-1889.7888053545407,15427.31737387265
cell_104645,-2771.2676193337766,13875.750805806732
cell_29256,5869.868446063318,847.3360280081516
cell_110805,-2276.422332459013,12929.23258329209
cell_14665,-3719.762310241935,9888.39699580346
cell_110723,-3064.4375830948165,14328.37632973118
cell_109946,2963.3225266821637,3838.933277492981
cell_111153,-3151.4496135876343,15921.736151257028
cell_30506,1206.4013991848021,-38008.42633838824
cell_110935,1432.406606949982,-41173.31432125501
cell_28070,1183.6539184768385,13694.068251379906
cell_108401,-2190.0258140549117,14992.624296417463
cell_110164,2428.027535804354,-40111.448985454525
cell_106835,-2396.8585154279367,12140.810946292973
cell_111205,-589.3480622932318,10622.067595025937
cell_108475,-2314.1646101060096,12319.89494159905
cell_28412,3100.6646392150265,4347.0277384139945
cell_104405,-2437.938036355291,13077.310846635775
cell_14767,-1932.18229183384,-32780.20858207164
cell_108264,-2344.588363151805,12661.254564178606
cell_110239,2375.9158919974,-39532.35721805707
cell_114323,-3240.0677887115103,10991.474071485341
cell_16023,2017.4925642546443,4348.560843737639
cell_107204,-659.4407598888854,12687.56721636202
cell_14331,-2587.3160443961065,-33724.217552582646
cell_14737,-4145.7471482089395,12997.531149153714
cell_108716,4974.7123728993365,5191.344660828227
cell_105359,47.641600850738556,9303.260341107105
cell_112593,363.38155508077665,10130.688265504063
cell_29832,2500.015077157757,-38273.93323048198
cell_111835,5237.180918266756,6114.977297765119
cell_112012,-3574.690170514155,15154.960852659959
cell_110260,1358.4245845255004,7935.106230386133
cell_103309,-3264.6891353008295,13805.886374116453
cell_111965,-780.6371045598049,10236.67817394081
cell_109757,-2844.380293773451,12399.381078221535
cell_113032,-700.6405951186847,10396.143111628742
cell_106378,-2568.7420308189103,14069.1129193125
cell_28885,3241.898171265175,11322.620367660622
cell_28011,3662.1641917824095,13398.716381093398
cell_105477,-2765.261576777797,13127.557402829805
cell_16115,172.86478713443063,6933.838334716145
cell_104775,-3267.5983744192527,-31936.313689540206
cell_104615,4266.19788863342,95.32988063765647
cell_15207,-3732.366658840664,10580.851354256598
cell_109440,-426.9099474618091,8457.53737378664
cell_114274,548.6943423859151,-38398.182181152675
cell_114076,-581.0739094895705,8922.865469992907
cell_27924,6225.117318073937,-1999.2115029941242
cell_107338,-456.8951881554173,11247.390413237903
cell_109234,684.5653625828965,8330.229408315496
cell_111265,-2544.4783735954466,15716.261263999244
cell_14546,2771.8175100272697,6474.074286412473
cell_106895,2539.4493093736255,5907.319910893203
cell_110228,-281.9960660598086,11428.368266864418
cell_103891,-3266.785036520695,15348.696418150757
cell_108752,807.0152337048381,8931.754235841947
cell_109652,2142.510947000549,7489.910750794052
cell_108835,6547.378068615001,-5249.96975301693
cell_103386,1714.5985345462373,8682.949176000628
cell_112025,-3099.497448496431,14286.526136694001
cell_113810,-3365.2009762751204,12763.362278041346
cell_111740,-1952.362879841425,13435.732602559276
cell_28049,185.62196595023937,-40035.04432696093
cell_111861,-842.7395244902473,10170.6045593092
cell_109997,-2963.607542941747,13080.764238631224
cell_109717,2100.931971203184,-37319.12431473641
cell_110628,-3922.1921974155794,-30386.303237816206
cell_103658,-2762.2160740502613,15617.209139834027
cell_109113,-4692.0296541813705,12713.304030099202
cell_111676,-2264.7014032211005,11896.838198288686
cell_29082,6817.099946372828,-6792.376524221727
cell_105399,-3082.1970403150553,14530.494967609988
cell_15255,-3798.0157246235694,11679.592501506106
cell_103918,-1341.3786270065373,12997.372457265486
cell_104880,-3616.9150139490894,11534.062806156217
cell_108478,-2888.122599926303,13645.289974454901
cell_106404,-1805.9925192297862,11283.100528601102
cell_109825,-2254.235125771972,12679.64825950444
cell_111242,-2578.6886548980065,13132.95437828274
cell_108314,-2125.065169704425,13901.255806971729
cell_107313,6787.533047212133,-5786.401251659994
cell_109736,-1292.38573548458,11838.878442600586
cell_104478,-1755.5725453402388,10304.433361451198
cell_103829,-2863.8924635881513,13035.345644930754
cell_112903,-4039.2011419278524,-29840.10540061601
cell_105973,-362.7492118059025,9460.870357446245
cell_28644,2653.1460437392607,14298.116430304497
cell_112881,-429.08546089427506,12507.01767626574
cell_108317,3665.719970225104,6221.388794189647
cell_28967,2774.0834669659425,13886.907211317475
cell_113072,1520.8646190296329,8229.700970854534
cell_28672,2587.4342318347108,14410.735032294082
cell_14165,-3173.3077970676813,-32787.885299990216
cell_114369,-4563.627890041051,11785.462212028699
cell_108811,3308.0850860249298,2662.959436188272
cell_104189,-2396.0891674718723,13935.112109632266
cell_113394,-2978.910853618401,13991.06909920646
cell_104434,6409.461673062971,-3325.4525853648315
cell_107986,3177.114309439493,6228.809892866097
cell_107358,-3117.3744841816797,15264.711103398322
cell_111608,4369.139843326332,5505.913686857058
cell_112022,-2704.103218522555,12495.731436362856
cell_113499,-2445.988409975352,12035.28486068374
cell_110227,334.4727174608428,7299.525961897605
cell_110593,1267.8937998030742,8901.029255404941
cell_28292,1688.638891307228,12864.348824134533
cell_108787,-1094.2271069685287,10817.969229309845
cell_110338,7180.034558567813,-5379.155269724339
cell_105759,2019.135327118561,6190.995885896411
cell_106609,565.4036656496667,-37610.68717496537
cell_15254,2483.453620845933,4733.490499757991
cell_29402,2904.070005767217,13940.557530215216
cell_108753,6436.952774480157,-3310.4333648200623
cell_14207,-2997.3086804394047,13687.469794700242
cell_14574,-5402.647959059808,10661.025872690287
cell_104030,4335.79187491509,4834.222776015587
cell_29324,2961.7119149180485,11766.627307358376
cell_113974,-214.66774212162264,10172.678795238346
cell_110922,6352.641496787846,-4229.634656082562
cell_111988,-1886.0717665188022,11049.596525590965
cell_107064,-2175.827574651574,12966.278085519883
cell_29639,2918.2813506454504,12416.332528984221
cell_105005,2815.050448274682,7676.7805811737835
cell_105775,-1885.0700388434082,13606.48035235624
cell_109710,436.48051133090667,9109.24703270764
cell_110615,-2736.6232815688577,13646.849105224494
cell_107894,198.65303093306966,10308.180961750704
cell_105508,-946.3260821789148,10798.14221615411
cell_14748,-1013.810914753435,8926.964866411143
cell_103892,7375.057775723832,-8069.537013590314
cell_28556,2959.7257381167306,12051.125535929603
cell_110853,-1197.4420172275209,15260.206181781296
cell_15218,-606.6956450993379,6715.768355388527
cell_108306,4930.095529699259,2530.2727657447267
cell_30056,-1664.5630144054596,-35186.558785713445
cell_29936,2763.2480106076505,14432.575099183807
cell_14455,255.82461087120362,-41098.3629658065
cell_15919,-1614.0340969019928,9618.302074104364
cell_108334,-3287.451361008029,13588.134385341385
cell_111707,6778.9357611859805,-4587.429102273112
cell_14988,726.9637340942475,6895.745361439776
cell_103479,-3337.6342642537084,15016.96379685018
cell_113100,-100.07290038805337,11079.281893862673
cell_14913,-2121.1770808447977,-36213.25963991084
cell_29934,-4253.460915167453,-28691.49175398136
cell_110926,-2994.446120809093,14755.53298240057
cell_108749,-94.03707338690697,9546.967653667141
cell_15402,-3878.9646906683856,11206.359265389827
cell_28652,1340.171016582046,-39121.154447644614
cell_109407,4898.656529549673,6467.0650374993465
cell_28024,3505.9969590528826,9155.494855642297
cell_113323,4858.962516992414,3106.469266861733
cell_112145,-717.4592997222134,9561.748471704534
cell_29977,2742.3233967183396,14351.930398081295
cell_29311,2410.6748773017603,11653.790784749997
cell_104762,-1849.0174115908205,12755.815504307908
cell_107089,-851.2983418448907,10745.01207815411
cell_16293,2185.593985625492,5887.797568751124
cell_104849,3745.0923780711078,5009.63540821431
cell_29393,3201.8857793144593,12179.061533204365
cell_105087,-2631.434904792257,13841.014412322398
cell_105486,-1282.053282973351,8771.599801636567
cell_108564,4041.824607697412,5245.524976373793
cell_107856,-3032.822868530396,12317.47056719037
cell_15445,-1448.1739604550678,11968.924703053757
cell_15160,-4542.785019880529,10428.307310885513
cell_111241,765.0642518739364,9221.959139236216
cell_15072,-772.1692520911257,9449.687046125506
cell_107965,5333.297647447895,75.70332871181367
cell_112624,-4446.271057379168,11245.455961234718
cell_15825,878.1195010324074,-41608.23068262985
cell_111400,-3664.0189515471557,12059.681880715787
cell_105154,1266.2364000911618,8281.587419519796
cell_29756,1674.99465944764,14474.384028822227
cell_105183,2220.7374849529465,6699.389588979665
cell_108553,-2378.4766203785207,12382.0101381665
cell_109559,-965.6514346968038,-35099.243665799906
cell_105857,1802.799768340452,7616.088621875215
cell_15611,-1224.1659178505631,-38427.92951415338
cell_107298,2786.33036612125,-39292.784089090805
cell_104414,-2527.7773500477597,-31134.894306400845
cell_108425,3930.2706317788075,5064.747058087215
cell_15672,4368.63159947203,85.32141212195089
cell_30388,5958.131849817152,-5047.334569491307
cell_15710,-3872.315922934552,-29765.891309519724
cell_14319,3148.4023191039328,3397.735476023153
cell_106183,290.8737795060262,10596.288306713908
cell_111355,-3498.6172396273582,15038.194704297539
cell_109763,-3638.843754699567,15970.099904057468
cell_104767,446.70099957360105,-40656.60131593955
cell_109286,-2926.3642085489055,15407.86346136702
cell_112158,-2971.711601774413,14744.413156740724
cell_106931,-2084.8392742172596,11964.257736705917
cell_110408,1456.4491846195579,7607.90683671932
cell_14259,-2162.087162103644,-37151.43071350004
cell_107274,-1057.8351282509434,10512.96782211188
cell_29709,3626.4467421796344,10673.10308722091
cell_105809,-4389.368252416695,12275.979033530755
cell_108790,1017.4187859233735,8724.49531112243
cell_105429,-2135.7225018777062,13634.877554602468
cell_14106,-299.1390490224861,8598.533547869807
cell_103753,-1054.6064259013515,11119.101679511361
cell_107861,-3093.3438304088595,14885.583228794234
cell_106050,-4024.662871867384,13473.960302581898
cell_28031,-4213.278660698077,-28260.99691921384
cell_16248,-1486.0194623369198,-39234.05347207706
cell_28093,-1355.3491748392682,10954.156049143581
cell_29150,2756.0648430606825,14275.497474838603
cell_110903,857.0305946620686,-38780.37247735936
cell_15079,2132.485377639122,4710.042258731195
cell_112268,-3148.5750383611453,11382.201965358654
cell_113673,-1933.8426491375321,13580.078401088362
cell_114313,1849.7671398262712,-41524.42262778254
cell_108287,-2056.2664934951663,13021.752741367005
cell_108629,-3361.1763576557514,14521.884283903566
cell_104995,2080.389347169447,7158.046412680742
cell_28603,2823.0825206014265,10822.975572509602
cell_107054,-2966.1150392108802,14980.623216039257
cell_14085,-3813.8842227209107,9449.315692460015
cell_28014,1736.4850367400913,14161.691252496319
cell_112139,4731.412971690467,992.4708488194436
cell_113924,1142.685327319276,7828.423763337517
cell_107966,-2369.1604042716494,14108.192222843696
cell_108642,-251.5702934988886,10008.025121306222
cell_30510,1430.037228727686,12430.90606890735
cell_30135,3346.8855421330854,12964.523551125427
cell_103375,-2352.2425731485423,12589.820530557128
cell_15014,-2293.1207799072386,8010.604036712456
cell_111949,2360.77406779845,-41703.34942309856
cell_16094,-4873.750194330123,9826.008004374975
cell_106596,-92.31782180825735,11463.234253004626
cell_106582,-1608.2834783577432,12982.464853786867
cell_14069,-1994.0175096780624,-37906.62436259857
cell_114318,4668.040225856168,4842.887169546987
cell_14205,-297.6914335218472,9216.33008372869
cell_29828,2372.5143481784958,13833.150902977699
cell_113486,1138.4080207472962,-41622.82183771015
cell_28611,3283.276313463342,14417.66613070756
cell_105424,1218.9512546935634,9356.534614958775
cell_110884,-2922.0871005402,15035.806794585842
cell_109044,4863.734580524789,3718.5479389851757
cell_114233,-2454.3791668395825,13642.107413962507
cell_104714,-2867.0801702684007,13107.175110030044
cell_110461,-1899.3033129518585,11408.38305759184
cell_27939,-641.3171896838061,13585.962741993319
cell_105555,3201.1978643147745,4904.65278629285
cell_108729,-2611.80826173272,14650.328826282988
cell_108332,1413.924293753466,-36933.84024734107
cell_14328,-3502.86028180788,9056.80503497388
cell_15912,-1121.854992925531,-35226.58839194351
cell_14846,-4051.943296737908,13588.766200146161
cell_16128,-4588.402733888058,13244.4791706405
cell_114360,6719.091340132406,-4377.515433191015
cell_111171,-3512.0041120058127,12166.074400654958
cell_28190,2883.8411178886245,13869.781164245303
cell_108432,-2206.2610288082856,13744.602859324268
cell_107598,4576.941461550964,3982.911083383091
cell_104260,1684.7351239259715,7277.471898648028
cell_107453,17.73157075637302,9543.496796745609
cell_104266,-1886.6562384979352,11911.61705231321
cell_104834,-1721.5607946313987,13043.567603747677
cell_110137,-432.0694716081115,9518.53488971057
cell_112936,-1714.3174222599766,13589.792938507107
cell_30384,4672.938081327989,8334.958937152089
cell_106982,-4861.771831672403,11610.840758957258
cell_112726,18.291049386395642,10637.188846347419
cell_110106,-3240.7125391511076,15614.282527482428
cell_16181,1851.5682530532486,6962.831229721792
cell_29486,1830.5579366843517,-39587.81657831035
cell_29741,5820.981993574953,199.84575243132463
cell_109716,2406.989149656112,6980.314900704054
cell_14333,-3134.767909083919,9061.554584256977
cell_108403,5064.702956783482,2178.181298220154
cell_106118,-1720.4397044544355,15415.383049065245
cell_107840,-1298.0259767701784,11379.978108230001
cell_103700,-3186.8602802810506,13873.47381338695
cell_29703,2579.9113142577344,-39240.06396830522
cell_30038,2985.555780611995,13408.33300253305
cell_29993,2874.858428265067,15531.18915313916
cell_29844,3220.7953515530576,14937.152333678292
cell_107733,2647.5792732109644,5573.5705662659575
cell_106997,-3063.846991327336,15626.166567102693
cell_29288,993.4292912810643,-41550.107415014194
cell_29295,2036.6853909002018,-41907.45925882883
cell_29257,2324.3681878259576,11996.563411478684
cell_112484,1050.946488288196,-37524.883635234604
cell_30158,2858.32949318652,7785.923532489198
cell_15233,3879.724454639757,2213.1401441635653
cell_15545,-1110.772507491041,11459.466864389238
cell_106746,-581.5021542142526,11106.919723091143
cell_30403,4032.9802239151527,10488.368542636385
cell_110393,-3408.5121155450765,14017.696202607589
cell_113657,-2062.782673806954,14163.307866149473
cell_28167,1050.9115713976594,-40820.85400341706
cell_104602,-2617.386122481174,11307.901037587066
cell_110005,-2179.144202613339,12520.664039946012
cell_15437,1317.0624452972866,-39395.065553010296
cell_105595,-2223.3403497468844,12312.587249054886
cell_106049,-861.7713521076081,9958.830069532234
cell_15283,-5302.945148826462,12671.107981354899
cell_103896,1252.8901235182027,-41490.76557197733
cell_14429,-888.9829920902421,9195.00288718197
cell_14570,-4535.043667816361,10156.208506899977
cell_112199,-1700.5824177401603,13270.298681698545
cell_29641,2073.668157971332,14938.255671333623
cell_110962,4192.862734954259,4592.473513528649
cell_110986,694.8467164438022,7835.2415699302155
cell_103961,-3701.701569920379,15360.315931666757
cell_107563,-1037.273361007004,10791.19571437789
cell_104643,-1790.9857196740973,9883.677208492729
cell_106440,-472.971030619558,11917.953406758063
cell_28760,2445.7290470931534,14662.15079001825
cell_107762,-2421.6175914334194,13426.888906236125
cell_104003,-3587.0063387912237,14032.283832592695
cell_30192,3190.588196812377,14998.745519361912
cell_104273,-3201.286373544441,15714.825935654811
cell_109335,2719.1140611097835,7497.5569993910385
cell_106063,-2681.1717625357937,15152.530812530842
cell_103985,-3455.446886861135,-31444.20089095008
cell_15691,1020.2727223793212,7365.701209852381
cell_109733,-1566.2676132443949,12118.273616087945
cell_30321,3983.5124794847397,11101.875417046636
cell_112638,5630.588117730444,-484.2877136707383
cell_15703,1177.5251827205009,6219.832339074718
cell_28522,5527.566961742512,-2370.039096645195
cell_106927,-2471.2287587131477,14634.290769701864
cell_104093,-1554.5019698091205,12575.83304466589
cell_30317,2195.995029063921,-39051.982681282825
cell_14238,-3665.764554851216,-27752.394352865238
cell_28863,2096.391188090074,14712.361222064357
cell_106587,-2590.6502891580412,12103.583108105931
cell_109583,624.8696807022168,-37423.33054035787
cell_29136,2869.7613425144614,10616.988531351884
cell_14691,1689.674402707592,4869.6600476066305
cell_108374,-3110.9135462726986,12143.720024019083
cell_29527,891.8216426441146,14430.899456675152
cell_108477,7.247461241414956,8486.483214112079
cell_27995,-587.227372925353,14597.557714611105
cell_105986,-3022.171088038145,14812.3635861633
cell_112428,-3345.728726450923,14866.032230691724
cell_110482,4729.017275457985,-2598.987660874074
cell_107393,6526.271694584092,-3077.309466652915
cell_107061,2445.1925969067397,5531.733343658023
cell_113070,2155.649708505807,-42865.996997604554
cell_30618,2174.515320508364,14985.04937230379
cell_112210,-3215.058061161558,15326.557532911078
cell_107076,628.3815623453264,-39116.817003553246
cell_103919,-1101.8117545335738,10213.288725182392
cell_16189,-4396.600851915976,10788.861995170695
cell_113840,-1784.813033469474,12496.997960687813
cell_111625,-2053.586664008433,-32397.704612471596
cell_28616,2423.2819317986277,10461.755553032428
cell_112449,-1551.196052610978,11027.853056059406
cell_15519,-3037.7194989337636,11985.897623375156
cell_106515,75.92892108388496,9007.909888691633
cell_29896,195.63000124896206,-39810.06237194676
cell_15505,-4062.7900369143395,-29223.023669947364
cell_111498,1825.0244830993556,7283.985633929756
cell_14217,-471.219536333525,8966.177469775144
cell_110630,-2719.342067376722,14495.173351502306
cell_110585,448.907211775302,8089.200080993351
cell_109470,898.3817013508511,8344.7470963473
cell_105264,6791.911099587236,-5317.8117426229055
cell_15623,-3298.894145477342,11782.172370715736
cell_108911,2448.757527329321,7129.226367511053
cell_14199,2115.026278451258,-40775.20250104611
cell_107082,-2338.6561064748626,14332.52171720865
cell_110979,-2701.6476815373585,13103.211069183824
cell_108720,-2889.586285007329,15311.131122413546
cell_28061,3803.4238811198597,9941.990403884305
cell_106692,4835.737780509704,6261.403109380134
cell_106799,306.6498172335729,8052.1514316105295
cell_27722,2553.0872413836864,13654.977027844114
cell_113464,4822.703518828148,-2783.210347929312
cell_103965,3817.043229910108,1734.4917324176527
cell_110561,-3042.7252162479167,14891.340482998254
cell_28303,987.4965516505682,14589.297710965075
cell_28722,1849.7113443979172,-40861.15009341292
cell_29145,2359.7972171210963,13273.494050737343
cell_110943,5558.995042762488,-879.028921074946
cell_105432,-1508.6575619101757,10973.851633016226
cell_110073,5109.454610982523,1097.8134217211975
cell_109923,-3136.3670029428777,15320.87025352901
cell_114304,-2260.5934953672804,12254.850355894292
cell_109002,-3287.325811981079,12725.64569846701
cell_29523,6079.132860959702,-11803.631748336777
cell_15601,-2938.7019741862305,-28827.70235467163
cell_105932,-2872.5441597289055,13247.316672581459
cell_109060,685.0220970484768,9882.289987140224
cell_113240,2059.958458994571,7426.565123036172
cell_110775,-3593.4967726790946,15367.767218377521
cell_112440,-643.8533301790136,10362.114712811022
cell_113404,4575.089438646225,5307.608143458636
cell_16209,3113.5549215143865,4916.149945320318
cell_114098,-3385.5600321477887,12740.607286393204
cell_16212,-2664.704466279618,14030.294923736752
cell_28618,3170.2569086016597,10597.538642416914
cell_111561,2142.325623754877,6058.652855742384
cell_108086,1668.930017348435,8247.247935734962
cell_107344,-2056.36411068511,13139.741942624987
cell_105418,-3508.6519037976695,15526.680151399638
cell_108365,-2144.3689688861277,14167.708322632661
cell_14496,-3926.495411352786,10711.35659036727
cell_28738,2745.277692013308,14169.909761226696
cell_108202,4977.517668222325,5930.835134324145
cell_29739,2113.3101175614447,13746.167520555702
cell_110977,-3662.528523198038,14131.515025682122
cell_110902,4485.183371158413,4803.701494508349
cell_108903,123.59386858636658,7249.88270060027
cell_111078,722.4284850532796,8654.041691855653
cell_104010,-3746.5214749980237,15334.510564480985
cell_106589,-1366.7402749026976,9405.727155551527
cell_106697,808.5533899215861,9530.145199664657
cell_104798,-770.5428499636653,11488.006979780208
cell_28910,1099.9797157230116,-38227.614890524565
cell_105779,-3536.381648762123,11246.358597998187
cell_114502,-1143.9116980739877,11073.35473822467
cell_15506,-1203.9229418704065,8474.815333857961
cell_14686,-4937.1072746238115,12382.611523608773
cell_107212,-3619.224753151059,-27761.495247004026
cell_29264,1948.5535067862897,15285.6533322568
cell_112307,-3130.6579915723014,12721.66706908438
cell_28059,1031.968580350376,14509.885494021135
cell_29812,2243.6028453765143,13355.918319752596
cell_14300,-556.3644717649568,8538.899480588703
cell_113410,307.14924963411704,8493.691330724221
cell_110512,1039.607548152288,7867.468399547227
cell_15099,-2752.567267142902,8762.19729845691
cell_107939,334.66024055318013,10929.708326193248
cell_108926,3828.2805722879516,694.1119970510281
cell_104338,-3156.566364395897,15550.572138192374
cell_111545,549.8488813817746,6524.000189936651
cell_113136,-2439.235723779127,11989.31231983676
cell_28501,5430.772580438279,-5420.37679910515
cell_28546,-492.5160545759707,15702.82825140454
cell_112410,-2834.152205201824,-30046.120446025652
cell_107027,-2921.2647176850014,11370.308832633918
cell_104290,-2703.93772852402,12139.462061211243
cell_29354,3679.144366653132,11383.108392723927
cell_106685,2934.725947714458,3825.8708722586666
cell_28042,5411.636871553474,-9612.913134008768
cell_111538,-3000.4455492417724,12645.551225498
cell_14569,-255.74100299650522,6645.885742591021
cell_111792,-3411.0888381852656,11659.507665557234
cell_112269,-435.4651207002925,11604.051669923485
cell_104847,-3209.872016860677,15551.639865681973
cell_111852,-3201.150373557105,15509.087618676685
cell_108197,-2988.628917589285,12826.162386134552
cell_106785,1347.6201742059643,8602.958399482748
cell_108755,285.03048880706126,10390.471504497069
cell_112421,-2821.494563284719,-32320.440757620203
cell_106545,-2314.2765330650527,14414.27543662939
cell_108065,-1896.5823459665091,11381.518138090327
cell_109374,-3089.6260449915744,14104.99721663855
cell_109549,1731.6035352155,8313.606176638803
cell_109628,-2384.3615911672223,-31726.970036229304
cell_107838,5254.830020755713,2029.8341864196502
cell_15104,-3968.7011519182574,-28124.237458167318
cell_110829,-2631.437590718501,13691.266626220642
cell_14893,268.2239894808113,-40505.42332938127
cell_109338,2247.570291630415,-41561.02801783268
cell_109844,-2919.4509851598827,15490.325305384196
cell_28726,2965.4448159747117,14047.46183666889
cell_107622,6142.080551117871,-2450.13364217056
cell_109293,-3414.2062037007645,13138.89405557694
cell_103938,-2738.428605655542,14857.637098063411
cell_107316,-1560.7118525375222,-35605.07129203691
cell_104077,424.59981847317147,-38237.65468770277
cell_14854,-2807.5528901700864,10171.938078444406
cell_15756,1028.3756654782017,6184.054665877941
cell_106168,6111.405859829798,-4559.485944843276
cell_106748,-2447.4939199701553,14695.053550592924
cell_28212,2811.728250963909,11793.01356997795
cell_14081,2437.141584831104,5106.378825330978
cell_113329,1349.4694649042883,-39870.73087667577
cell_14367,845.6727541152529,7061.272215676379
cell_29864,1212.5012040355673,-38401.39287841762
cell_14421,1694.307523338662,-40933.49786368845
cell_27989,3476.016037375724,11688.582341322695
cell_14753,-1082.5196120443084,-35947.37606728193
cell_30160,6074.578730578124,-853.2306646317455
cell_106649,-2630.1414112462776,12466.829442692022
cell_111017,-3727.218950225662,14223.011663636968
cell_108537,-813.912922036134,9854.503639465107
cell_104316,1526.0569251999777,7637.806868145326
cell_104171,4634.416684816486,3844.607107252482
cell_27954,3912.614783418489,8127.564341153443
cell_109866,-2028.2894807640237,12886.657062710487
cell_107227,3975.7664389277197,5989.680848145922
cell_14723,381.89274732555674,6309.50056826072
cell_29482,1886.454366538707,-39391.19393171604
cell_16182,-4016.6268366035947,10124.389755754939
cell_103648,-2181.3764782801295,13242.23114294359
cell_14012,-403.3348384160611,6701.573233438124
cell_16034,1618.9941562431195,4912.128697786997
cell_104667,-2473.715869007086,12343.397661377638
cell_110622,1071.219180535815,6528.242997136694
cell_110166,-1514.5269803596173,11650.59584421397
cell_108961,-1275.5086884141083,8835.404204178565
cell_104056,-3924.9269536979727,-30277.81048834543
cell_30092,1255.8061495961613,13199.475430431477
cell_15389,6134.65785578141,-1799.4510598737697
cell_106663,-3384.071192984708,12259.022217453772
cell_112265,7234.555322915956,-6963.099653448233
cell_14346,-5435.658284296494,12097.774783669644
cell_114180,-3393.106361528999,14266.791932527121
cell_107339,-2608.3906117046554,14111.735405710193
cell_14485,-4359.116254434998,10281.637691778407
cell_104842,-610.2748255088381,9643.996895006485
cell_105035,-3586.941398220661,-28232.419122252068
cell_29171,1340.909269554146,-40206.762011817504
cell_28844,68.14384885400887,12159.213146125343
cell_109182,7336.248734872397,-7977.107322397753
cell_14320,-896.3124730598449,-40231.930936573975
cell_30589,1390.7884205963692,13683.19200881702
cell_106410,-3098.228604492248,13721.809895251794
cell_106417,-1143.7644677046617,10277.50229178935
cell_109207,-2134.8906125783,13775.723572850447
cell_109056,1349.4909772728424,8260.067449016735
cell_30541,-1389.3520253606712,-37699.145134828155
cell_15018,3013.472717986304,4584.502411173434
cell_105167,-2853.3619505387614,-29667.66911272587
cell_110064,-1763.471320426545,14815.4785515881
cell_29808,2641.7827053948836,13939.930096142396
cell_113794,1999.6032600389528,-39409.016022135715
cell_105270,4200.941444866126,5518.463409476376
cell_15276,675.494359014348,8902.369340437002
cell_28319,603.2291020889547,15272.095141909058
cell_106387,-3105.654365255331,15649.153745797026
cell_106484,642.752771632111,8874.358931925672
cell_104446,-117.3652368488209,9503.225148772075
cell_103781,-2579.1856187138646,12465.287686597429
cell_112225,2830.2353128366576,5344.776727250076
cell_106966,3643.341349569825,2673.269364964907
cell_103442,-2547.2455107155347,13066.18106815838
cell_103564,1547.626650880987,6533.606796385158
cell_110730,6026.091189298581,-1249.189274085239
cell_111514,1482.2830685741308,7271.892670847393
cell_108895,-2208.073878498088,11582.5680930648
cell_103626,-2900.976760039964,14666.58988342835
cell_114036,-2900.3777629799692,14103.692612310439
cell_114040,-5349.448287272143,12804.261735872946
cell_103945,4246.328715882668,-702.0895189593243
cell_106600,-3358.054678050537,14173.023565261901
cell_103577,-135.66788470029243,-35660.83155301208
cell_105054,-2688.7089228287846,12676.092905956526
cell_28082,497.2747026853509,14809.152854665816
cell_28812,1871.3434899509678,-39799.77823315982
cell_107085,4399.616430035901,4852.971271799773
cell_14193,1803.3161733178613,-42407.553789020494
cell_113154,3673.4888535756036,5882.242497603274
cell_16100,-830.1011622079815,7807.654777402982
cell_14669,-1924.7333966917322,14107.317661160145
cell_27748,2823.8746671893914,13527.720189396441
cell_106162,-949.5253885789317,-39808.12929181434
cell_28194,2815.4754984513456,14214.07507289244
cell_114314,946.4453834812213,8761.28614115785
cell_106768,5233.370271955412,260.78714257645726
cell_27882,-433.1417030062256,15017.670168153585
cell_108445,-3125.671988131997,11922.683890232278
cell_103328,-3165.4033079826972,15071.367834890525
cell_112806,-1664.6445658156974,-34151.0035237034
cell_113043,-3323.4410756044917,12261.98254687203
cell_14497,1089.2668715343932,-40944.85113858444
cell_114483,324.8788960343891,7197.657937745979
cell_14938,-1671.4329432437853,10328.42206600295
cell_106225,-1360.3664262109044,13366.922711550213
cell_28192,4284.324338344563,7013.396071247102
cell_106805,3214.070224192937,7189.325531537455
cell_110221,4316.264672836642,-1033.2550188571763
cell_107712,4654.551081294834,4168.494576390435
cell_28223,877.1443072289393,12023.974506039718
cell_15330,6089.554780646446,-2090.050100087058
cell_107363,-1772.019499002114,10988.329094599681
cell_114480,419.9267182373666,8698.173016210301
cell_112737,3361.6958584638014,6748.952893419451
cell_29271,2596.382677893629,-39408.70067840853
cell_107646,-1343.547070718529,12283.6444263669
cell_103887,2813.7858608781426,7885.465371381028
cell_103528,1930.8540545644164,8297.191948805765
cell_105207,-459.9158246156234,9408.34163993667
cell_14598,-69.46126194404314,7606.198799921944
cell_107927,4938.724915135763,592.3535983485752
cell_28947,4151.415272694236,9362.53693088953
cell_14741,-1836.381295162667,12348.410000289874
cell_105447,-3488.160366287023,15248.212864255102
cell_113409,-3266.775443998968,15502.126406799742
cell_14791,-1340.1409284414106,8094.041178262875
cell_30047,1397.71801034383,14282.695586274807
cell_111887,-150.32868913082035,9767.446228585617
cell_109466,-3258.7700418506734,14391.433274547271
cell_109066,7031.337529982477,-5536.7901840879
cell_105320,4008.197434018031,5073.374304435242
cell_14762,-462.16073686021787,6788.532929340396
cell_106316,-3187.8596375942816,-28174.889314477976
cell_113008,4521.017250562747,6582.63367315277
cell_106059,3671.466244201964,1390.5563122154422
cell_112185,-4680.626316208748,13886.938154294037
cell_103374,6194.888777967686,-2788.5727912543957
cell_111473,2458.385753822428,7267.575173174464
cell_29481,1682.8488022886713,14359.410735147723
cell_29298,6841.621390706146,-5493.540536122916
cell_107452,1482.729541172476,-36478.20212331068
cell_113498,-3085.973850981969,14802.428060433871
cell_109369,-3664.6220797670753,-28101.0880783062
cell_106203,4992.038161752851,4949.932435124001
cell_15976,-5174.9231572515355,10729.47380780175
cell_103742,2914.248298526231,6750.473766090432
cell_15357,606.698306476125,6917.758922942213
cell_109120,1944.8749365205658,-40505.28704941434
cell_29124,2397.8916959170597,14955.623803403723
cell_111146,-3727.3427276046727,15459.549741590004
cell_103893,6263.472829849138,-2425.934200106233
cell_106507,-1773.8277551045965,11780.438038068314
cell_29902,1384.6798112103156,-38305.38971220311
cell_15460,-3456.133093360017,10014.256850106138
cell_14766,4726.396310817298,3720.1446671021467
cell_109667,6346.197075528664,-3684.383355369212
cell_104413,3493.663430793275,2129.8520086492094
cell_15261,-1698.837913341011,10546.93471479137
cell_112894,-2969.454963744592,12577.34970144213
cell_108346,6775.651008422891,-5643.63803790651
cell_114394,604.1484485002811,7829.416145137632
cell_28103,2865.7284999965223,15239.405484967241
cell_16286,417.3216836523383,5877.669968128928
cell_113983,-2824.178114093133,15173.292007960015
cell_29681,2954.439699536336,15348.039173578536
cell_105282,-2829.840042745325,14713.753005996474
cell_103327,589.1224272267566,9268.249955734294
cell_114132,880.6264277051192,-39328.007242093445
cell_107588,-57.69950361622182,-40663.96646861031
cell_111020,-4044.956886122398,14196.44419285403
cell_16131,-1708.4422817345794,-36265.372732014665
cell_103317,2792.0647933322834,6759.902182280608
cell_109693,-2247.2543851844116,11103.426463729118
cell_107114,-636.6982311232916,11000.043683375543
cell_16211,-5532.241693476323,12106.366001595774
cell_28703,3017.1509564287403,14255.30139082687
cell_30304,6438.428217342708,-6484.8838311251475
cell_112194,-2640.83153952098,12315.485250049074
cell_110398,5276.967631506971,-3047.4215691285867
cell_114295,5549.333604898417,-430.9996629448063
cell_104169,-1206.603968432652,10559.605870832984
cell_30586,-2501.752898027885,-33432.69773518567
cell_108711,-2371.219044850759,13961.027256088653
cell_109275,4334.540565528914,5373.990768219426
cell_30552,2728.90876090693,8659.869638680992
cell_15830,-1787.8354139900875,11646.079643195644
cell_107839,-2243.286098996604,12085.482542950043
cell_104718,490.42618393033916,10116.75123100713
cell_14578,-4826.768051994591,10453.666430101013
cell_113893,2246.7544941581323,8160.284877395114
cell_14658,3734.5517872098762,2608.9814883162985
cell_28625,2251.180252814635,14243.160930834396
cell_105843,9.52094072391128,9402.674006651863
cell_113283,1692.7998401195166,5935.621111159049
cell_106400,1411.73172416233,7997.340812991896
cell_110614,-3699.2208378403216,12698.799115658623
cell_108931,-1851.313121924677,12568.884272038551
cell_114057,-1914.1995963883148,13464.6357235558
cell_29109,2984.2309617645033,14724.80892163181
cell_28524,2270.8198695457336,-37674.59966409023
cell_110191,-2432.5718773876,14755.905532925544
cell_108939,-2699.8030578204443,13565.998669687491
cell_111370,5384.203189432135,924.2093705267687
cell_107360,-3200.7679561771006,-28171.041720681627
cell_114509,2567.284975900211,-39389.67607976204
cell_109937,-643.896204563623,9724.426098887308
cell_28547,1013.3945518576176,14177.398285592624
cell_29912,754.5204298307083,11049.31732980858
cell_107817,-1685.24170428848,13708.81610575657
cell_111150,-290.41673073580137,-40572.73363342665
cell_27764,953.8034793336244,15125.102503012115
cell_108144,-3139.5638261419285,15188.78743144168
cell_16105,-747.3001693721234,9847.306566759611
cell_106352,-2387.2777657869683,13065.03258532447
cell_104520,2708.184309976439,7277.4181726587885
cell_109589,6311.301183298573,-2833.1931713870567
cell_114301,923.4017327265423,-38134.12934816074
cell_108751,-3369.181974570776,15611.5804451282
cell_106908,6923.448788300135,-7444.811081136589
cell_111000,7150.43879654395,-5394.581000458111
cell_15286,-5036.704943836265,10540.593718958848
cell_29118,-3377.252084542802,-27907.40606843711
cell_112830,-4090.228667126778,-29449.401045634993
cell_104706,-2577.897308291931,15342.397273332695
cell_103563,611.1989683774539,-39492.643795342854
cell_105613,-1707.1338489948719,8711.886083124093
cell_29305,2941.460497152469,13711.854739587221
cell_105152,-2722.0122026380036,11984.998712807626
cell_106544,-1837.2460612167336,13990.099206136405
cell_106934,-515.4827957409118,10084.556796070803
cell_15526,-67.61034927197286,7987.193462884001
cell_114557,-3225.909794406438,12971.649687642253
cell_14066,732.7073178111144,-40809.344389097336
cell_113908,2672.287754038986,3487.167616527727
cell_112691,3112.0304097993185,6366.712943701339
cell_28905,4391.6008322233065,7623.6429507317025
cell_113679,-3410.5282991040576,13584.484207154774
cell_112798,-3286.492119286072,13151.497092631034
cell_107883,-2828.11851384279,12586.001398352772
cell_104747,1856.5473061813846,7372.316604478838
cell_111308,-1480.5767145417735,13112.594929276976
cell_112399,-3292.6205299103835,14669.615938828892
cell_15146,493.6182406323426,11077.403500670369
cell_28373,1164.7385131617334,14097.817945109266
cell_106682,-184.686764930149,8402.52182915396
cell_109366,2790.663408194901,7570.4158012334965
cell_104522,2414.2342266955575,-40632.81531257633
cell_113739,125.05012977015873,-36051.02067978938
cell_103341,-3455.8946379206577,15248.86607536171
cell_113259,4257.655990073812,4249.450489033163
cell_107101,-2057.3988979545024,15360.234090519354
cell_106081,1562.3445558690355,-36677.32293711865
cell_112670,-727.5566944663891,12299.852442935473
cell_109485,2278.3228133072503,-42997.91983563785
cell_108132,2836.622507265283,7253.559145829865
cell_112527,311.84717127709473,9436.17601856148
cell_106267,1379.547995656137,-37087.465302087454
cell_14993,-5149.043802598471,12186.444026557754
cell_29300,6526.554890576161,-3939.7912911937
cell_108892,857.2045199046221,-40579.214429267704
cell_28469,1195.988732077264,14759.263350083405
cell_107890,771.4405210283313,-37931.88074600066
cell_114197,-307.0158130124238,10376.306489707058
cell_114167,-3330.472876344373,12200.938631239766
cell_105002,-3519.6686793769354,14918.123974187518
cell_108394,-2489.3143292416526,13586.995432487087
cell_113635,-4165.199153421713,-29124.97529017749
cell_15513,-3387.3501678205052,13387.84041581512
cell_14853,-5258.9914774530225,11048.810813368977
cell_30204,2105.0508287190937,13515.722907887186
cell_110361,-3.759982970167311,8872.952548291356
cell_29861,3772.4541719837202,9018.853546804177
cell_108873,-2348.5674468091734,14730.970548842692
cell_14413,-4176.668428026782,12378.76988503432
cell_15368,-3952.280631912778,11397.4418380915
cell_110993,-1799.0472112149807,12431.578458330407
cell_106481,-4309.222078621448,-28485.018825519724
cell_112424,-2412.1041451286137,12734.304543495897
cell_104387,-4307.589505096037,-28437.968745444887
cell_15154,-1251.8141871778694,-40936.23308235651
cell_14047,-2156.3678138355676,14018.835391660523
cell_29034,4263.977289121298,9813.714072661805
cell_110371,-2508.703709914167,11981.564719313827
cell_103428,3519.5317826339865,6235.88232622062
cell_14287,2986.277825076285,4545.422696891836
cell_104505,2463.7125528773513,-37915.06581997495
cell_29887,1503.2426038436647,11684.228878397342
cell_110581,2046.333508474675,7510.4525840823135
cell_109348,816.0352229388246,8637.100873442576
cell_16246,355.52253544647175,8720.30754003691
cell_108717,482.70467951844415,9581.529744980278
cell_15931,-1182.2682515137494,-38147.5959068574
cell_113170,1411.07976721652,7703.653582766861
cell_15683,-2527.8466711818387,-31945.843340022533
cell_15174,-3776.162599057644,-28991.541354614077
cell_14316,-4405.503447088905,12832.08669296375
cell_29714,2475.9563821755505,14439.318670742014
cell_107162,227.2561512995065,-40541.764147288595
cell_15960,635.3197948793633,6575.776979291406
cell_28788,6184.79582472061,-2172.47064696814
cell_110834,2298.623360827672,7148.387690550581
cell_104570,-2008.0445222060969,10880.141675142735
cell_14120,-2904.35234559809,-31724.67065897114
cell_112135,6607.712120979916,-5194.583335592761
cell_114373,1710.9480241279618,8052.867685742998
cell_111138,2139.2542062978296,-36883.071564762446
cell_111610,4116.0196600160825,4521.834948198182
cell_29374,3694.745730652349,12238.204090679472
cell_30174,1930.5599821517317,14399.527743594703
cell_112916,3004.2797972947787,6276.694001167319
cell_105733,-2434.78579074726,12529.496466205033
cell_113206,1868.7451707658468,-36764.133657576116
cell_15966,-4779.3052066852115,11048.147911536475
cell_107835,673.0840347176292,9316.917088631668
cell_14059,-1901.839489412866,10218.876751375641
cell_105044,3124.8089242620185,5962.883546251298
cell_15295,-1841.5953668189086,14569.409318123997
cell_109705,-3523.8804070120073,13842.248621847075
cell_103373,2008.3908625373956,-40693.03110487309
cell_108435,163.96536384186456,10432.340699715734
cell_104327,4659.621372791461,6370.462019087182
cell_29787,2035.007718837237,15409.238373457558
cell_105082,-2448.488615972213,13582.174265832728
cell_108658,-2475.926239075551,12587.40637830898
cell_108404,-1952.5608567077304,14941.228339085972
cell_14610,-2710.9411824086196,11153.141811394653
cell_106555,-721.9896584283724,10948.59600016349
cell_110811,6440.405578844688,-4951.8146162906605
cell_110571,4574.217853054626,-2111.0351841326806
cell_113521,1415.0183803161956,-38354.96769105821
cell_104399,-2613.6295923478724,14351.701061113276
cell_14035,-2840.4431397288613,10460.922689814155
cell_29804,2760.5488768919545,14478.685399673508
cell_103469,-3109.9872073249917,13514.879815650556
cell_109771,720.2273755472285,-37866.420052125766
cell_103396,4196.272952665313,5630.164831840613
cell_29090,-1552.1575463756647,-25786.136216314022
cell_111096,345.992815718791,8636.023798303657
cell_111755,-383.67091323531105,-38313.78203454672
cell_30494,3334.6164900379886,13571.17171464821
cell_114232,-3590.571146989187,-27938.447585132428
cell_107919,-2099.9967102217274,12903.84949264816
cell_106475,6744.115632755539,-8722.387549411302
cell_111844,6535.744276583794,-4641.007716433672
cell_108796,-2851.6707805322017,15253.84424436473
cell_15003,1611.8441565597213,6812.655160609875
cell_14483,-4156.057812351047,10210.380338276982
cell_15616,-1193.8522143227021,-38776.07327540608
cell_27845,2869.369296066164,14301.883360176213
cell_111175,-1953.468663055563,13035.640245472277
cell_112232,2533.9694120346558,7187.586797264088
cell_113378,-1405.1601883671285,-37311.7342650828
cell_15579,-3901.796595235669,11932.944346170825
cell_107940,-2733.3392548969673,14198.58109178526
cell_105610,2222.3559944575463,6040.374394997101
cell_107187,-824.3907046395991,12746.064374902193
cell_107971,-2581.7815350413766,12522.841616605047
cell_109877,-3751.719969634599,-27935.168998163277
cell_29159,940.2331976450041,-37601.45693546717
cell_106713,75.35975178619744,9890.544239764842
cell_108550,1101.4781617845938,-36924.49082342862
cell_108519,-1364.574925148661,11987.774096918072
cell_107068,-1349.8721387139497,12444.173946223333
cell_109097,3630.910698173894,6615.5390689161195
cell_111953,-1194.0836813348724,11859.148174823677
cell_107192,-2001.5375368513942,13215.83962604302
cell_105703,1964.9512087680541,-37002.94854685743
cell_108723,-2770.1514486831366,12453.223826227713
cell_29188,878.1105350339458,-37808.00927245387
cell_14102,-4096.284643878473,10181.975156629176
cell_104813,767.2942410761959,-38441.62644868429
cell_110636,-3117.2849184929096,-28274.024835339016
cell_103711,826.6594764971383,-40416.22768418876
cell_111206,-3446.922893981007,15470.4785286616
cell_15344,-5436.229269532963,10763.860909648807
cell_113872,2170.6165488007805,5154.70019673344
cell_113666,-1768.110444092172,-34323.00637262777
cell_111629,5577.867493382644,6036.226694393067
cell_30151,1724.9371208676387,13522.468364484861
cell_108925,-1589.2418375067787,12754.635898322962
cell_29660,-593.0761479422536,13993.360275804522
cell_14271,-2120.7651744664126,-33675.736450594624
cell_107786,-2303.7768326441474,14111.670956074917
cell_109565,-2028.408075828972,-35064.83027165076
cell_15354,-4148.173859978318,-28189.153705057353
cell_109895,102.56289110499635,8923.335249202668
cell_106542,807.4519168370239,8883.416469886097
cell_112851,5044.051258399828,1943.231180210076
cell_110103,-4553.264988477646,10563.60661886022
cell_114280,2022.8891159913462,7249.761444787915
cell_110298,3122.1932155420386,2833.218291727758
cell_104246,-2861.0512645531435,15379.438676774233
cell_111672,4111.209491209682,4950.843611351115
cell_28426,2665.9273497822787,13362.199417383761
cell_14738,-4404.302196129697,10573.23780004669
cell_109601,-3081.1426993377227,15751.077481471617
cell_29724,2565.7332406294267,14069.881227173591
cell_15182,2442.7713981348484,5693.132775558364
cell_113620,-1375.1723368959495,10124.881802487611
cell_105909,187.4311538928065,9111.407811891018
cell_103995,2196.796472752854,6657.564456238777
cell_104438,1285.3356261508263,8184.192888777025
cell_110032,-70.29233667530868,10199.557800079394
cell_107615,2684.7075624057275,-39767.36734785141
cell_27878,2421.3825296567393,10998.803826135407
cell_109830,-596.1771271155577,10809.26225507362
cell_107059,-2855.551898296867,13079.437448378976
cell_106338,-4317.1617975001245,11867.553765048682
cell_111401,4387.555350485453,3186.804113725133
cell_28030,6457.374353755886,-5962.462210424871
cell_108632,2902.7804667253404,6792.870706828045
cell_107887,-1639.1140087584986,10125.16008753067
cell_103993,-4580.0199546825825,14114.517866506521
cell_111277,-2692.236500528227,14751.2269477549
cell_29194,3551.7811417917424,10864.685011153333
cell_109308,-2663.8315435358463,15306.80586992809
cell_110705,864.1170623240121,9636.213117331095
cell_109982,3935.6781601395924,6224.076542679505
cell_16005,-1440.1259580857202,11046.420129936994
cell_107785,2599.017950408174,7012.931610759441
cell_15210,-1121.3958783863316,7829.389595831926
cell_113955,6768.962808606042,-6346.077671580912
cell_114406,-3335.9989454929146,11328.399207321352
cell_111284,5234.516668719316,520.5033356565566
cell_28939,2062.1528625176434,11134.213262988209
cell_106350,-1292.1212542966332,-35249.69508227199
cell_108870,-2303.0363185855526,-31624.778027281674
cell_112815,4062.2942716926636,6130.237165394164
cell_111380,-2414.5914421988955,12360.116638385893
cell_110231,2405.0615050927827,-41211.194666656775
cell_110357,2235.490090625017,6795.282837723237
cell_110582,2116.1187913514977,7060.493364177496
cell_105456,-2809.422089164315,15461.851568514663
cell_29979,4481.892674359956,8252.319071122804
cell_103449,2219.8283568838474,7421.405143787937
cell_114529,-679.4798669244949,9608.15207008794
cell_103651,-2887.1706072263787,14337.065842295966
cell_109111,-1781.545446458528,13833.915113289271
cell_112992,-3086.6355105444063,12839.945777445802
cell_110527,2838.9557932015236,3832.040401585221
cell_109264,-2553.5851191222496,13593.019317272448
cell_111857,1698.2960408151164,7667.046611023821
cell_114454,-2836.02423713584,11721.975309810952
cell_30276,16.385162851646022,-40054.43126312306
cell_112729,-1366.8372707284618,12742.427804360681
cell_103776,1138.201137417244,-36768.765852564225
cell_114016,-2812.53932337274,12166.09419583899
cell_113770,4147.661775862044,1331.2930266076255
cell_110556,-3041.771080267226,15103.901436869686
cell_15923,-4813.799512096217,10983.587358709006
cell_30412,-148.41678533678743,14728.434939736859
cell_105434,-2049.654163077883,14268.293380513416
cell_14506,2072.519509110197,4998.4082652218885
cell_30283,3612.29736078682,11814.347875978541
cell_113069,-3323.8505231119666,13657.00038324407
cell_29757,3151.678519512816,13001.607911378398
cell_110487,-3179.6596492490858,13122.292342995719
cell_27840,1399.7283760144082,-40375.780426565965
cell_107725,1816.120846423076,9459.228109949087
cell_15012,-1875.2797269091247,-36190.543283724044
cell_112460,-1928.757272177535,12682.1721173519
cell_27801,2715.5774361035214,12132.15408318169
cell_107522,4956.067761263593,-2537.274637529583
cell_28156,4069.8401576552806,8467.44793211915
cell_29610,3192.9239345524347,12333.257222706887
cell_15724,697.283365583679,10642.491933644755
cell_113252,-3186.7154121979393,13627.3998754462
cell_107873,-3377.9549162984226,12063.812496170744
cell_111558,2410.188249545932,-38825.06351653359
cell_112304,-3250.4888572602486,13177.591625685824
cell_112463,5991.118299398624,-1576.7033557164898
cell_14478,-2388.8790853088612,12547.658061965487
cell_112611,2283.841866487097,-41952.39403574049
cell_14785,2399.743084812935,5056.226653848507
cell_104439,-2149.2672362860044,11521.295960095538
cell_105630,-3112.037172813569,10255.844805743633
cell_15153,-2986.461199425784,-28194.876216838657
cell_105204,1247.0297904500094,7771.683959600504
cell_30110,3358.869266604337,12343.378051348034
cell_107934,2262.4725599533363,6980.045397333133
cell_104531,-3436.167458521609,14304.411653820382
cell_110662,5442.926391053525,857.3348212260604
cell_113135,1036.495289520193,9891.451294182445
cell_15466,-3635.133618839317,10775.958753467601
cell_103908,-3991.4412839421775,10629.709573495558
cell_16002,4373.371428277106,781.7100332380435
cell_108490,4447.336052378165,4916.362429264954
cell_110059,1882.6460597501157,9211.426997635668
cell_105231,-3168.6615118078093,12774.20921118634
cell_112607,1604.131857153438,-36668.41808388426
cell_107446,-1563.1817838322522,13390.395150763929
cell_16021,6417.3050612715615,-2524.619510485624
cell_113802,-560.1533359757167,10342.620656791863
cell_30383,1453.6734600652742,-39036.64655300499
cell_111144,-3644.423133275833,12013.147100374154
cell_112937,4206.889407399756,3843.439293626673
cell_114256,5047.7798450520295,5783.286040135999
cell_27727,2441.288576913791,13128.42290222222
cell_104830,-1135.081602718185,11998.905822005187
cell_109861,43.661172098898575,9167.506697821143
cell_29451,1969.209726788674,14288.046709384733
cell_30569,2483.027498000406,14090.011202348745
cell_15524,-1437.8385443054165,11426.065762369244
cell_108768,1927.915118205762,7714.470767069312
cell_109959,2073.849380943688,8489.06755791753
cell_30530,3603.2942044719102,10858.49933847328
cell_27713,2630.318587919926,-40030.12498685859
cell_107420,3403.339262765536,939.5478052383663
cell_109615,3625.0493247644067,5406.867942081691
cell_16260,-1088.7472506228205,9137.58721062073
cell_30270,2314.0736515516405,14067.752746079363
cell_28240,228.25187487806662,14053.18744522305
cell_105234,-2497.8316752174997,13258.32898281141
cell_107125,1743.6113237933846,7531.324330393672
cell_110000,-3595.1650552177816,11962.26969032178
cell_16081,-5527.823556858145,10384.793209178679
cell_28574,1817.8314224360074,14977.082561333908
cell_108464,4288.451853108537,6372.202147999132
cell_112470,-3173.3906865503695,15648.533074343877
cell_110341,605.8224793326518,-38483.58957173154
cell_104571,-1930.5382781742348,13734.232320825937
cell_105536,-2578.365648169386,11716.407481165428
cell_103339,4539.657797090312,4324.088585726413
cell_28972,2181.5968398897544,15146.648174821079
cell_14865,1888.4870008647988,-42216.94087511637
cell_113444,-3321.25407769901,14252.694764758868
cell_106833,-640.4910995788624,10038.26166296249
cell_114367,-2707.5865169189115,12278.547657447307
cell_29664,-1727.4445943551946,-35088.247075411586
cell_28019,798.9954034430074,13775.934641174843
cell_114464,-3341.3476098462293,13951.086765586519
cell_105608,1894.5914634909886,-38043.25475857346
cell_107743,1584.1033942424622,8058.28539380911
cell_113863,-1983.584127537658,13095.400922136774
cell_112046,3537.9806228519683,5947.805074248645
cell_110412,-2332.5740561918765,15163.961405756634
cell_111391,-2274.801943844862,12896.207964944611
cell_105912,29.674753033843956,10229.338189411066
cell_104289,-3430.9728399279124,14857.452305322002
cell_29114,2653.458361363625,14781.762606404754
cell_113182,-3473.6123090502674,13987.889178120988
cell_104988,2416.1430453798184,7159.392806139457
cell_103360,-3185.867501941409,14527.149579471885
cell_106841,-3161.576920462222,12281.910243280705
cell_110546,-3366.091321808213,12424.118912522392
cell_112976,-3136.2157351196297,-28850.553846886276
cell_110503,1050.1564691194478,10464.597976494912
cell_14109,-2190.284137636227,-36495.29052847217
cell_113935,1847.7424883276356,-39373.271669141184
cell_28548,4126.633290620064,9256.807875596292
cell_109345,5956.703524682293,-1101.4101937321827
cell_30093,3400.319020129117,9699.577921787944
cell_14831,-1365.3353122944354,-37789.190931458914
cell_107643,-3023.018757247136,12931.117238406534
cell_107146,389.7672221984928,9069.43112081518
cell_14432,-4045.329259946276,10203.77679578908
cell_108335,0.43977116917249104,10674.964214729642
cell_30559,3125.15544096621,14490.728561029799
cell_104453,-3203.034266319251,14203.675091003293
cell_110747,-3854.1321447717037,12634.930324216723
cell_107198,5979.140381272975,-1318.228185168302
cell_30126,3943.865998572465,10542.647842059123
cell_29387,6110.080346085208,-3013.2660473343085
cell_109892,-2668.027873944807,12533.5166907008
cell_103916,-2667.5647278977954,10847.251519600597
cell_104508,-3167.4709467756097,-32077.68649936404
cell_113144,-2882.418167055287,11875.86963867071
cell_109654,-2948.4272233231986,14097.28200492738
cell_108770,-2424.2305764692674,14288.178376988366
cell_28772,2553.206261985077,14274.296309116718
cell_109700,1919.33783346663,7568.9608880731175
cell_28665,819.4861328929322,-39793.22851825431
cell_112721,-2063.161284528641,-33706.13895298665
cell_104917,-589.176502037624,-35098.85979311739
cell_30521,-646.0284287697694,15324.75516355797
cell_108730,-3011.652860073596,12506.763232223813
cell_114508,-2177.1829499118403,14456.504638600018
cell_29362,2574.114979864379,12754.581336075482
cell_110720,1773.6216579331578,7265.911319396769
cell_105637,5362.774224889027,417.9219749731262
cell_113083,-98.15809118893667,7702.157942953269
cell_111455,-3392.115185896637,13815.942235705323
cell_107346,-392.4262448749619,10093.081089595731
cell_14382,-4064.6709726359754,11901.506933348173
cell_110522,-3672.0384504654758,15395.155587132498
cell_29536,-394.1277526467731,13986.10201031356
cell_28386,2792.3500860027666,14017.317181600463
cell_113347,4263.275004872638,1294.9966868897989
cell_28693,4695.676633211827,6843.293950147535
cell_28126,6081.721400142563,-3458.8654359268417
cell_110376,4638.677599836901,4042.921922593497
cell_110101,-1048.699820528412,12219.623770981563
cell_110905,644.9801112065804,10285.743787928124
cell_106455,2069.01254376068,6989.264408367037
cell_108818,-3207.3716747833823,15377.235777951058
cell_108207,2156.573965457565,6864.787165038998
cell_112695,5201.331074913255,6002.644386893138
cell_27875,3138.914170248906,11136.484424020675
cell_114276,-4269.063612327428,14167.337319150378
cell_104855,3724.4616120252194,4503.941803892155
cell_16170,-149.01409676789956,9694.401798936236
cell_28976,4760.461189281078,6758.944154438946
cell_110253,2293.6624690760946,-36744.238699655514
cell_105790,2851.3075137466244,7015.00489576566
cell_111356,-1615.8996705423663,9477.185789986108
cell_109228,2417.6807216108846,6723.058322869476
cell_108627,-2992.4455846376077,13033.874393878863
cell_105659,1877.874474043452,7921.054138646479
cell_108838,4364.709366538989,4850.296970963017
cell_104924,-3173.5253520456736,-28231.01855134162
cell_106731,-2017.4448266269933,15030.462506132559
cell_30436,4113.276674361078,3673.158503854556
cell_29384,1539.9465190660096,14228.629978935642
cell_106755,-2676.6352149000377,12262.228296768986
cell_14202,4070.8284403368666,4278.777295119154
cell_104263,-4031.6348701092807,11326.138156006484
cell_103913,7271.957477545858,-6338.135056631765
cell_15989,6147.556848431611,-2509.1444943903452
cell_111593,6695.355317455287,-5232.897349784091
cell_14904,4750.787387386896,3858.994545863018
cell_106812,-1929.2688707475452,13636.10852111836
cell_13989,2304.005101240319,4338.769123677039
cell_113715,4458.203884690448,5237.057664995169
cell_108001,2454.96335476046,6360.428530367777
cell_16026,-3111.898532737069,10930.194866931937
cell_108970,5274.414737059282,-3473.175763097273
cell_27936,3702.9297615872115,11291.363361770793
cell_111826,-2152.6936601700404,9860.58157195902
cell_106100,3612.6567034760096,4366.833522802819
cell_113949,-2511.1514742461463,15056.175686834998
cell_109493,2362.13947639667,-41314.66497858219
cell_110752,-3354.4019588618276,13517.01165938791
cell_112928,-387.3816458114696,10171.203834584603
cell_104649,-3165.0249353809595,11310.20516225123
cell_107312,3457.062461922165,1728.3786101388619
cell_114430,-3118.5944293092643,15375.322943789246
cell_113408,-3386.9577774474055,14375.290845827942
cell_114034,1381.3748834292041,-36854.82912961817
cell_14254,5280.837019589958,5630.216163280152
cell_112009,-293.5509504093371,-35269.88914532907
cell_112811,-1108.079870990735,12933.527097637645
cell_107305,2547.235432045291,6848.831981458953
cell_113544,2572.674335184221,4981.128842887088
cell_106333,-3073.4183582822097,12454.269515532247
cell_104006,-2039.2428029284067,12845.968209022027
cell_111881,-1507.3295729559607,10926.941821458946
cell_114044,-1827.0419237839524,12458.645686110496
cell_112094,5031.013360833134,2608.463113549927
cell_107742,2204.237590525798,7077.672020254966
cell_113194,2976.7018874737755,4208.532602232729
cell_14435,1835.5777926455921,-38911.66029934529
cell_27890,3133.849592811441,-38844.22440758997
cell_107484,3983.4267146601824,5258.509416132184
cell_105748,-1891.9848272390898,13758.550390833356
cell_113393,-3581.1737721385844,14260.426856770422
cell_104447,311.89257950152773,11471.90973085041
cell_104224,-1428.1986412987344,12154.552667720252
cell_109963,-2690.183554144565,15054.075670141148
cell_103477,3246.6599904375817,6492.307339948316
cell_103642,-2799.775887591259,-28883.940477017775
cell_29932,2584.9014296229975,14210.790720006624
cell_15816,-45.27528480911199,9788.59425331297
cell_14790,-3014.467401862171,10039.198254394632
cell_30199,2494.2440341278734,14617.183234794005
cell_14828,-2852.4240496725256,-32787.24315415188
cell_105663,-1699.074434093205,14538.474471145748
cell_109561,716.964034737184,-36849.957676497535
cell_109731,-3046.934413028553,13957.777272556292
cell_111334,2172.876120052132,5696.581998226693
cell_112502,-2475.4778521454164,12124.69238517192
cell_111565,-409.707530723126,7443.803388270959
cell_107836,-2880.4851238334236,13747.763058086823
cell_109658,7036.105770308774,-5862.966784754466
cell_16089,527.8049014574699,-36852.63013345681
cell_105274,5623.117535873054,-5790.8914494157225
cell_114246,-3892.245308076716,-30496.763253941397
cell_105590,-2408.564187504049,15513.627095872813
cell_110700,2017.2333288282728,-36807.76766282465
cell_104998,-2612.9555387275072,12827.26633867754
cell_15768,-675.1832291977535,-40387.88168229577
cell_106612,4074.0791740882355,6231.498822707126
cell_112609,7417.069942701428,-8035.324848458175
cell_108879,2722.82641818451,-39154.72197452825
cell_110501,-2327.434848154039,12230.569993566294
cell_14607,1271.071445074411,6049.621875616313
cell_103431,6498.9337641737475,-4420.256003367459
cell_27767,6068.94171486641,-1564.854775001803
cell_111946,1866.2537423778651,7758.850683068044
cell_108809,6857.7690988757,-8300.584707348864
cell_114240,-971.8145825406623,11543.799748552829
cell_112274,1699.819534957583,-37901.90870191005
cell_105815,6131.7066399445275,-3189.727358087024
cell_107388,-3568.9492853285797,12757.193813744701
cell_105344,2736.793416451818,6474.276623394659
cell_111359,6926.606954683164,-8166.959911747609
cell_108545,-3228.0012468578925,13790.549394857058
cell_14923,-313.0493982384584,7771.301741357871
cell_106210,2194.1084766929775,-39260.01146203509
cell_110155,-2190.5930511783017,-31429.612846071675
cell_107031,-1855.9299192054139,12876.011288665492
cell_107074,3326.3637363668704,6115.758335537961
cell_29399,2241.9656928658706,13917.34933873794
cell_111084,-2596.7340103798706,15025.23929052658
cell_108288,-5247.042857709793,10911.068417966251
cell_110314,946.8307186775165,7925.516288744843
cell_15971,-2995.4653696635805,9395.435159162316
cell_113343,-2132.9021445966478,13023.466694621591
cell_108076,-2440.368602778271,13700.521268694032
cell_103713,-3398.120952589265,11795.34547156166
cell_28022,2335.7340381818703,14092.766242285601
cell_112898,1124.6646436736269,9501.829987113995
cell_29221,2665.1411464442435,14290.085580635083
cell_111452,3410.820405967857,6045.183794725849
cell_112332,5938.991847892232,-1187.1536536413462
cell_107206,933.6144025584335,-40022.26292124011
cell_114100,-4370.000346051165,14625.74705278713
cell_15225,-4489.344682142909,13278.712269986268
cell_103372,-4180.762245746324,9698.69898637522
cell_112555,6603.527760919278,-7201.120292819238
cell_111274,4531.114574136589,5164.784946008176
cell_105449,3915.060991103457,5959.779301129495
cell_16317,-3440.2745532821664,-28881.398272789877
cell_15281,-858.0202290729918,-38967.928865944676
cell_28335,2048.802327243028,15020.721826026385
cell_15131,-1393.3157645348856,-40769.11960005318
cell_114292,773.0017259456805,9267.134365434546
cell_112105,-1401.8241292879557,12706.157321402177
cell_104816,-2660.9787489608134,15447.947161738466
cell_107207,-1878.036748612826,12008.654061485535
cell_105687,944.5198913246999,7726.9126518413605
cell_15212,1073.0487610526197,6949.564100078511
cell_110158,6677.33707902145,-5679.945381640442
cell_29473,2620.0463023132306,14227.926614692493
cell_112171,6874.753570901815,-7218.535315988334
cell_105794,-3270.8135915914336,15768.280801824927
cell_113740,-3916.0523542393084,15104.672995055738
cell_16029,-496.03241093509973,7487.147764492858
cell_14641,-2225.9658589358596,-34776.007549162394
cell_104092,-1327.4566478321265,-40416.85481300579
cell_114385,6398.436928325622,-3415.703337208965
cell_30234,3726.759316272305,6577.019055051975
cell_109250,-3188.7191374704526,13932.888946509302
cell_111375,2840.732979458545,6797.349624977118
cell_103310,-2661.403762182263,14097.050224562228
cell_15604,2521.8645357991163,4896.470537170121
cell_111873,4744.520645298451,-14.271610437956163
cell_103934,-2682.5098578822713,-29158.113576267944
cell_29821,1097.5055221717655,-40520.162763390304
cell_107831,-3394.007285688537,14684.293659645806
cell_110679,1352.2129537001802,-36702.283486530214
cell_110813,6886.108382101642,-7494.479888158843
cell_109631,-2567.4700325118456,12748.111054584593
cell_109789,2549.250993334428,-36444.121424774516
cell_28109,4159.5012728566735,7273.6084984245135
cell_105622,2896.3424276400738,6438.229058709122
cell_104737,6983.794313911565,-6626.312462531701
cell_111602,-2922.114411957744,12208.456717598654
cell_106640,-3521.3541368018687,15593.484589811356
cell_106408,470.16333251170255,-40460.593197226575
cell_106409,599.6413343642429,9357.365664434432
cell_105095,813.0673988086608,-37839.85992319401
cell_104131,-2237.9775698767603,-33562.126287354935
cell_108118,2359.6233549462668,-40523.87907246459
cell_107504,684.9307958895112,9041.35972334174
cell_105408,840.2486047468446,-40211.94251166747
cell_109879,2718.2171285594254,7828.5962662712345
cell_112968,5968.696213595925,-4642.5386382617
cell_108750,-2142.148033903338,12530.84731609773
cell_105179,-3581.5715512793604,11649.782095025492
cell_108032,4768.479118411637,2158.241988076938
cell_28666,1963.8038086681092,14389.85301922124
cell_104890,-416.96381180844025,-35475.50244104442
cell_15567,-5034.863026983098,9914.002344936816
cell_114413,-3586.4514255636122,14122.733838235628
cell_105388,-623.7280653446882,10842.338918455638
cell_109714,1098.591693140776,9464.193015122264
cell_104848,5631.014804180587,-446.02300167211666
cell_106097,-3486.605552060737,14799.247132293425
cell_107997,-1184.5505024610088,12580.818811994526
cell_104340,5636.552695277412,5974.108977277821
cell_110290,-3000.262444738142,12147.29422967906
cell_109646,5079.358293150973,1653.6417536217702
cell_15614,3058.9616697460874,4573.462329827366
cell_112802,-3812.621874539971,12643.70082312843
cell_112841,-347.63705957214006,10309.755241619736
cell_110078,-3670.69810804273,14624.577189874084
cell_112513,7330.086018886777,-7338.79345028076
cell_29096,2269.219605188035,14141.043121697856
cell_14419,-2418.784029775626,11783.545999461861
cell_104188,-4587.164869876607,10439.77600347023
cell_106638,-3541.7258371783178,15570.719314837184
cell_105361,-2812.864046267393,12819.85566348619
cell_14431,1726.9310052886694,6072.2940458799985
cell_111256,804.7821889598629,14054.07689709199
cell_14639,-4003.614292819096,11282.562701766403
cell_16252,-3158.193644892949,11275.983086735443
cell_104624,-2811.921908479178,12977.437777469284
cell_30608,1806.2403433032416,13874.421744141246
cell_27944,4127.79894475446,8348.340371055187
cell_107095,-3548.4983028807274,14076.659880858428
cell_27902,2868.881519549912,14100.960557512144
cell_104332,-3221.4012322177423,-28086.26003057529
cell_110076,3733.222617381944,5906.547831800156
cell_106463,120.575687855718,10527.842511195724
cell_109436,400.1950130831138,10533.441316993658
cell_14062,4428.26471093134,6198.158960684892
cell_104403,7364.547986632472,-6073.8490050581995
cell_29349,615.8420293481897,14704.359901342723
cell_114487,5823.57899013074,-3549.3833063093844
cell_113104,3487.5119050340013,5360.00915835776
cell_29223,2651.129243397831,11193.35466973166
cell_110299,-2800.625795160105,14053.299048838766
cell_110222,-3064.777693709872,15678.573899457035
cell_16245,2593.206250802093,6591.534512354726
cell_113988,-2659.194356641622,13401.478073194434
cell_16304,-2268.820161003072,11517.524666395302
cell_114080,-241.17316745021347,-39915.21266892149
cell_112233,3359.2163182828526,5862.852262407285
cell_29563,3191.598664119193,14857.41584801795
cell_114055,5372.530936927445,-4092.3177453855574
cell_113855,-3100.342858516145,11553.891357736533
cell_111849,4542.174365251688,4920.638118665324
cell_106147,-2506.192080959357,11870.036045618905
cell_15606,-2995.2859689974025,11881.716263739643
cell_109313,-523.8415747321296,10541.359035329144
cell_16121,-4407.895941867548,12238.573591178661
cell_104451,-1075.4132782186066,10544.043550340804
cell_28187,1781.2680876366449,13701.50550962242
cell_107035,-552.2384712282463,8675.5421901658
cell_106625,-2926.3579083538616,11919.053930453561
cell_29501,2282.281952496817,12741.72289878221
cell_107688,-1478.777091781671,10570.630182568277
cell_14314,623.1975998444062,-40355.30375196107
cell_110955,-1466.9453129356,14109.958738138355
cell_103517,-5168.659625604637,13563.395107943077
cell_29567,1499.3873910095301,-39405.74766581894
cell_112678,2355.352982435113,8178.431228480288
cell_113448,530.8393752914776,7336.622906411157
cell_104113,6995.457417298786,-5229.429008515869
cell_28589,2133.8772063143656,14833.945572652276
cell_103411,-2831.569120782303,12028.59826376561
cell_104518,6870.250535131322,-8390.446896658907
cell_109518,-132.21447015123894,11966.76720992501
cell_28924,4529.788943209336,-1788.4449480448739
cell_113420,-4578.520655442108,14147.31453117714
cell_110545,2210.8636698360738,7329.912439311746
cell_110439,490.8881391405669,9781.484758802602
cell_111810,-246.16277045366485,9877.955566523817
cell_108271,1743.363447329791,8024.11015109259
cell_108038,-3969.9987690242974,10521.041341380516
cell_28737,1987.150214642394,14102.530374230151
cell_106369,-2561.735297652553,12792.538987256472
cell_111786,-3177.8656072869594,12301.412055078901
cell_113616,-1709.721820957892,10701.987612778928
cell_15557,-5769.542993811766,10102.326033285919
cell_14376,-2764.3372174093415,-32343.219234984168
cell_107681,2554.7387182447005,6755.4614839761825
cell_110549,442.07226794799715,-37311.69659377026
cell_27761,2499.582593368208,-39620.66777513591
cell_108259,2344.6183084193062,-41222.55886633226
cell_112415,-1799.3879175358009,13395.421362995055
cell_110749,1342.6621207100459,-39533.75553059069
cell_112072,1975.0873964610169,8611.25274871535
cell_104578,2309.884491419344,6841.537146316338
cell_107491,-1325.759776249172,11785.959715978111
cell_113217,5400.0843630525815,-1918.6617643872014
cell_30046,5015.4024641458545,6854.951890331961
cell_109916,-2224.1570012569073,14567.173710636067
cell_108422,-2981.5785149852886,14706.990400339659
cell_110684,-3488.743810483405,13710.288628029759
cell_107581,624.5761821915651,-40254.83819698203
cell_112844,5611.661782345708,-6084.101646189402
cell_111591,1495.999911752543,8478.210393967714
cell_108621,1595.989624103838,-39721.78186127888
cell_108073,2605.5048933151,7120.9499993609525
cell_16200,-1441.7897315422185,11751.820204314767
cell_15334,-2765.723268153115,-29511.59052710686
cell_14996,-4849.425804157598,11445.967407739525
cell_108875,-3612.1537702642204,15683.136078024232
cell_111002,1573.4749400986746,7792.039382913675
cell_107963,-2303.084982492743,15437.985934740276
cell_111783,-1026.0299515507068,11809.262493524668
cell_28551,2193.5677475026555,-37749.909904859014
cell_108880,3751.685189600902,5397.556847426244
cell_112697,-3411.877127817541,12288.563205835015
cell_109196,-1158.874279120932,-39913.215632929794
cell_15839,-2397.1561609757205,9389.305626567477
cell_113717,2229.5857665400404,-38126.360183077784
cell_110413,-3136.5135536138273,15461.661693643568
cell_110996,803.6105408965519,8025.522744947563
cell_106501,-2109.293703575678,12244.502716239536
cell_106020,1594.016044814182,-42420.27112685409
cell_111581,-3358.1527304080055,13444.095322352123
cell_106342,1593.0881010452845,8263.376340586909
cell_111549,-3642.756469990281,12540.93732703808
cell_104179,3176.852753140337,4807.016485481944
cell_108318,41.963182189803405,-36326.666772551696
cell_109215,-4892.011590226356,12079.764798119904
cell_28142,2793.772117480138,14110.85872505712
cell_16085,-1007.0234501825173,-36786.05821171956
cell_109753,-3439.5060380537466,15559.803373697163
cell_103361,4572.062760778394,1032.298995280627
cell_112914,1228.9652609748016,9552.581078886224
cell_28771,2759.128132482503,11817.310106216584
cell_28046,3936.9152770711075,8734.046861542638
cell_29652,6702.181097078036,-6803.64104841436
cell_28207,3635.6647125184263,10100.9808365619
cell_29474,2668.9846581886395,14557.565495803536
cell_103509,-664.6883614568823,13063.261471597756
cell_27787,943.695257870607,12009.135942007311
cell_109420,2160.8035963086436,7038.710932145104
cell_107410,-1709.4657295523282,12515.087761665261
cell_103462,-3143.952048444212,14415.777220656495
cell_108745,3033.3685109232765,6062.329212866747
cell_28655,4710.733015544389,7086.574506391383
cell_27955,2237.286612168142,14740.851706239973
cell_111621,-3889.505688499485,14325.537491985573
cell_15700,-1839.6997867781176,-39829.15708437307
cell_105845,-2779.550960832802,13150.799684618158
cell_114315,-2500.91899183504,14271.5150391056
cell_30201,-409.4848882290927,15122.657224347047
cell_111908,-1286.2531997717322,12471.286966704558
cell_103297,-2591.6459241430384,-32603.149579218236
cell_112786,-2375.078646516825,11848.613417858427
cell_114335,5705.494019188216,-1802.4405515809042
cell_28510,1610.2272827713123,13907.020034100931
cell_29833,3515.9891610511772,10229.1419271523
cell_113344,3995.106518250925,4935.384083374908
cell_112947,-1727.571436238252,-34197.18243476538
cell_112637,-3229.132453744499,11309.105099300614
cell_104243,1219.7273772298836,7833.560857739295
cell_105533,-4251.525873195764,13706.628068313457
cell_111566,663.6759811545818,9680.391665187857
cell_111839,-2247.0777420521854,15324.740517979897
cell_28154,2930.436747609594,15553.821183280234
cell_105585,-3463.3481060944437,13226.813082806164
cell_109031,1299.9067175714795,-40586.06012150254
cell_112360,4366.236841370507,4699.85843060434
cell_15364,-4974.995619003237,9471.121988595183
cell_105135,613.2885987786456,-35727.5349134707
cell_113373,-2146.110160242512,14763.271824529986
cell_14420,-3532.529640006594,-29783.894649620266
cell_106957,5340.930989196632,-4651.1452521782385
cell_112768,-2635.328487879155,14531.796652427905
cell_14733,774.0708588477277,10981.987089673692
cell_29209,569.4634797316586,15060.51174954985
cell_111615,129.6523896289853,-38821.91630149056
cell_103935,-4892.954914523776,14167.46681100077
cell_28500,3348.3133742266587,15033.072021571765
cell_111344,-1611.1905984552213,12404.352473046423
cell_114513,-2618.718364720423,12500.596710589432
cell_29935,4680.586547402004,7490.6985192364955
cell_113649,-1858.2060148713729,-34132.95320770581
cell_29824,1533.6225957943377,14121.03812333743
cell_108766,2691.843016133763,5772.63678263433
cell_112707,-5362.033904831432,12565.739737690566
cell_15626,-3094.247929170372,10822.04275188889
cell_15498,-2542.2348850418875,10758.93495514809
cell_104753,3449.2880226522007,6694.235903117423
cell_104515,-2170.641917022065,14537.370586501873
cell_110169,579.4217164500619,-39784.66336297222
cell_15945,-3222.0806438782975,-28663.201057443206
cell_110831,-1651.4190933177972,10396.028327051848
cell_105467,6026.497698959853,-7170.322971239022
cell_112650,-3044.6509594332365,13358.159604548593
cell_109689,-3121.4644875361687,-28616.57662621356
cell_111748,-2563.7597536264584,14854.646001404328
cell_103917,-3245.36747122949,14163.468360941797
cell_112155,-1627.1737457884442,-34755.168116166504
cell_14805,-239.81317582293872,8815.202104313066
cell_15743,-3633.5909580574776,10942.394643698077
cell_107319,-1331.326254140383,12508.18873844147
cell_112157,2638.165034981123,7455.902584166599
cell_105308,-3144.830604858926,15108.093725835068
cell_112091,-2893.212593806921,15135.225418243701
cell_30422,3256.9829714477924,9712.128515294187
cell_108841,1814.5196148529888,7826.775146332583
cell_14615,-1570.372956070087,9403.057406782975
cell_107567,370.07755164121676,-35903.259292855946
cell_106827,-942.6792647993675,-39369.62261559351
cell_105714,2824.043332123896,5594.172378176682
cell_16050,931.452543079415,6299.788152146001
cell_105967,-2776.118638601176,13614.093324358146
cell_105691,34.62537279206417,-35984.53975063251
cell_111777,2633.90470258696,7716.109724110067
cell_103630,-2488.1897555220003,11565.884205518745
cell_105991,-3381.885917405664,-28060.788139203854
cell_112220,-3220.1626614801876,15046.211394925384
cell_107852,6317.313213369332,-5103.19778735565
cell_113847,1705.0894907215159,-38486.136749250094
cell_106055,-2176.2940465036454,13928.01295613527
cell_103866,-3442.4002777723967,15770.69721049794
cell_110714,-2901.340887651942,13033.59933704421
cell_107761,-850.5488976873764,11237.41747223295
cell_28438,3216.365995772156,15115.623867453427
cell_108290,2711.8645062438113,6536.075060142498
cell_111442,11.472614483053404,9815.089974072394
cell_28868,430.89804194587794,12174.331813864606
cell_29259,3189.301206446801,14612.428383668488
cell_29200,6492.017883682733,-3855.1529391408653
cell_28166,3236.7683383966187,12347.491538655242
cell_113529,6575.1966361343875,-3573.4987191160867
cell_108034,-1853.7590701035854,12130.10223188601
cell_29017,-390.7025492240819,12626.403049134811
cell_15882,-2519.2709356365704,-30091.265643318522
cell_114144,2708.3296021826754,-37084.25284971506
cell_14888,6657.836042879911,-3376.6572700016827
cell_15597,-1494.0826987326368,8945.796422571733
cell_112544,-2952.029077768486,15407.997244683553
cell_106525,3.8227974908141835,-39251.18963644484
cell_107954,-1352.5693167092243,-36194.78770201275
cell_111263,-2698.1888409343283,11484.15218545101
cell_109893,2048.7195399768048,-40493.52690906865
cell_111421,-1578.3932661683718,13570.944401686857
cell_30178,3871.1587202184833,10187.05445002522
cell_110038,4807.9413957030265,4723.470907134269
cell_15103,1577.863036890193,-38440.271185440724
cell_109857,-3713.872802782577,-30940.571509957575
cell_28214,2614.068357525391,12564.902237380924
cell_109910,773.0972518749064,-37730.33562149486
cell_114248,-3230.529039900248,12705.605293421131
cell_110694,3086.055101437901,7312.082525792209
cell_112983,-3249.920552156145,12620.283695446655
cell_104928,7423.430173390472,-7953.630766310637
cell_104130,4576.167147567968,-2033.6207483033265
cell_104294,-3240.2786755801126,15459.668332225354
cell_113750,-1547.5463459275368,11636.717542146203
cell_30380,3890.8995199471738,12449.059228820643
cell_29747,824.9990326293455,14880.09907947857
cell_15269,-1304.2514020901401,9859.812630026108
cell_14024,-442.9502711938592,6697.230331543417
cell_106273,-962.4518243227353,-37796.95908815652
cell_106207,519.4446323497199,9226.779086019387
cell_111383,-2066.429116076603,13314.115893277742
cell_15177,1066.6086939119507,5725.760657540358
cell_14674,-4195.164760822798,-28937.380900999986
cell_15260,777.3044273115739,-40550.983467793594
cell_114467,-2749.3633942833844,-32296.34363334129
cell_113363,-3254.091256127743,13248.852018911399
cell_29852,2917.3530088624043,14621.07388106284
cell_108003,7108.419990260282,-6978.041526938488
cell_14876,-3578.0187002909706,11441.918705210215
cell_29603,5094.549217738176,7167.980221334437
cell_105901,-2770.0895492920604,14823.57902424314
cell_107276,-1984.0918640770374,-33985.4462099582
cell_16122,2445.2523966374247,6085.214918664804
cell_106909,-206.95547667468588,10824.606298918752
cell_14794,45.840219010927385,11405.172186112713
cell_111659,-1467.7561872221354,11062.231337753126
cell_114085,-756.1989131016729,-34961.713136865605
cell_109799,-204.5564343580579,10548.457369777356
cell_29586,2001.8438245805535,13931.277896265641
cell_107695,-2402.7874474622618,-29413.839925133838
cell_28200,278.1854485175846,13606.61532012611
cell_108315,1019.3922721844483,10301.551110306953
cell_28654,5812.114138569521,-11430.515530778102
cell_112846,851.0831644668541,8278.435056243317
cell_104961,-463.39701238631824,9926.0042668846
cell_110403,-2519.919493493313,12864.45183640167
cell_104066,-2832.7854646449614,12723.423049928511
cell_111760,1147.4405287564339,7201.881709391896
cell_106024,-1946.7503702141562,-34969.052801506405
cell_28271,1998.9160951173194,-38406.11621604567
cell_113489,-3839.35896707364,12518.584582912012
cell_14951,-3153.732781731644,13489.785956848962
cell_112064,-2551.7461463867585,15090.398129005609
cell_15435,6786.9703753698095,-4733.685535647326
cell_15536,1330.6794151085128,-40429.95795684501
cell_105268,5898.844221726416,-4703.983929301562
cell_111709,4171.827316128255,6059.773361803231
cell_104146,-3190.647619522393,15691.115497120003
cell_27991,3342.9884385829905,14940.255347632223
cell_28324,5940.076606825308,-3224.449665199192
cell_14054,-4450.624256097523,13017.61757426541
cell_112769,720.953018012121,8697.557307084477
cell_113203,-4389.125166010941,-28474.56838447167
cell_105053,1087.3101272436722,8481.673170683622
cell_109211,-2488.6180207234092,15363.999456279824
cell_105547,-2960.709748813942,14832.096086187046
cell_14918,-3289.356986046312,11624.369674938529
cell_114327,2739.0502099553487,7204.592234190273
cell_15612,-4701.83341561213,11688.572438994419
cell_16040,-5426.296506920295,12335.781240939652
cell_104115,-2506.054720958724,12376.93422456564
cell_107263,-2584.1572530068574,12643.519226781795
cell_15982,-4688.334199591294,12916.998189484266
cell_106902,5633.264280709011,404.89785918677217
cell_108989,1041.1488599275667,-39296.92466087152
cell_108184,-2203.56884591317,13335.028519924845
cell_104956,684.4608382208756,9428.892957465507
cell_114048,-3095.4085445363644,14025.054298341884
cell_16266,-3743.932634064538,10973.119071349965
cell_109413,-1014.3795862221674,9623.281443809743
cell_114517,-3124.1145826656957,12472.43883419514
cell_114272,4173.853680861823,6869.948630357149
cell_106346,-3307.657285596877,13999.134764356759
cell_112575,3546.9026841250675,5595.686535437164
cell_30080,7242.724007245066,-6621.784586765891
cell_107715,1755.992159946828,8780.419273079662
cell_15267,5188.543684040719,5285.639473266507
cell_14018,384.69171245115615,6279.694950749738
cell_109594,-2966.8309438941774,13806.424573096489
cell_15024,-4294.84907243997,10103.028167952807
cell_103954,151.44671119893673,8642.27113705151
cell_112134,-1003.2203800408004,13909.66373581001
cell_109055,-2811.457958081373,13270.416933900771
cell_16125,-1815.583899474105,10472.434162395039
cell_105103,5027.287936206577,839.9636181061785
cell_30171,2561.647821736304,14343.183503165108
cell_112516,1824.2618671754637,5486.426276456593
cell_109357,1701.8792121905606,7361.009235829748
cell_111977,-3577.0589405616165,12329.129499668392
cell_110896,-3291.7100643635404,15900.05433041579
cell_107960,2110.5568231022057,6972.279831143175
cell_105287,-441.57865102701425,-40716.97124178772
cell_111751,-3178.234276040164,13150.326023450416
cell_14010,-2434.8955815058544,10374.05863697379
cell_14592,-5009.164731263798,10207.91229137844
cell_108262,2684.9927176460924,3704.5187744332266
cell_29713,2530.5562993774565,14441.385081984812
cell_14736,-126.08165861968138,-36496.316615398646
cell_27897,1701.9964968238075,11110.185027583146
cell_30182,-43.225980115587845,-39922.44422288753
cell_106045,-3529.568087736325,12378.577492888251
cell_108586,-1233.416406645505,11793.632320532719
cell_14921,3392.504836900697,5217.054222208314
cell_14583,-4758.73492046253,10073.66502784944
cell_105859,-478.63021031233615,11696.180625021394
cell_30622,1924.231084739022,13995.93448701855
cell_27794,3118.911781860013,9858.245822752373
cell_29905,1210.4928278841467,15080.058692803152
cell_106413,-1452.7388476473052,11386.142666389333
cell_109069,-3019.431262556079,14644.677755016824
cell_107477,-1854.4451979360872,-33921.474604643285
cell_14230,-4684.174961394672,13744.449883910744
cell_109368,4931.69518595789,-129.37729875246498
cell_28631,432.57905080424285,8642.23094631471
cell_28378,1212.6318842096553,13815.925238419333
cell_112929,4800.699776890375,5050.428394342051
cell_104116,6475.061130859801,-9799.490636849181
cell_104372,4190.3705143580055,5758.202557768353
cell_109502,3972.0074835534124,5514.143446969573
cell_112763,3611.3313914458504,5848.981882986661
cell_28429,6451.321848973679,-2862.5691543312273
cell_106629,-2011.426139050149,12656.261525930076
cell_104741,2062.87867762439,5104.233046915336
cell_106940,7222.269976376316,-5808.416406588438
cell_29966,1312.985782358745,14422.256323026946
cell_112183,6739.314015247414,-7363.180883980073
cell_111727,6723.26131296894,-4774.839943302863
cell_110645,-3190.251786674754,14479.089930934151
cell_14946,-5392.939531968554,11655.163285461018
cell_105645,-5014.454645130749,12060.467030170534
cell_29388,3229.9447177313823,15000.408368778883
cell_113372,-182.1967506031088,9564.696374078925
cell_28758,3200.9762987359304,10937.470918265733
cell_111811,2690.2688839605153,7877.699552130482
cell_109639,2297.255471501335,6654.424162463602
cell_104499,-2734.562704955621,14000.942514269353
cell_103735,-1575.1282802835872,13046.785537789361
cell_103356,-234.79641892589134,9036.940177252489
cell_105769,-4305.200555861892,-28574.337104870763
cell_14292,2088.913678060117,-41143.33753339192
cell_15910,2276.0104421891338,5299.338974468755
cell_30142,3774.471651790629,13545.169778552769
cell_105075,-1532.33660074388,12916.840999442884
cell_15367,-1079.0843859646936,11752.869110946096
cell_106372,-2554.657980524722,12963.90655510345
cell_106591,964.6917556980364,8534.821480065542
cell_111996,2001.0826585437592,-41174.95520243956
cell_30218,2319.2825493938653,12743.84266614986
cell_114046,-658.8008688893152,9868.421899601284
cell_14565,-2773.657219440166,9005.883254828956
cell_30534,3092.0201787005576,14339.87140637554
cell_110370,-2824.4402774773057,13709.865566540439
cell_29260,3524.5241217470034,12221.437372409313
cell_109742,-2274.9762502926,13904.118858168886
cell_106531,-3605.226709086947,-28303.309831710976
cell_28231,3884.810248314728,10825.590214546835
cell_28804,2850.7508460159684,12742.974934954364
cell_111703,-2610.56280089676,15822.4695945504
cell_28832,2096.9571066795434,13667.59437852557
cell_29157,3680.615987801857,12661.596203624698
cell_106650,-2546.98537437268,12325.017961999798
cell_110297,-2901.5435296989067,12423.800271428168
cell_108692,-1239.9122071505915,11457.774765322272
cell_104048,2580.4026115582365,6093.620484435884
cell_111384,-2950.941863347644,15221.10906858359
cell_112994,2085.5201033380795,6537.378181954135
cell_110248,-2589.6208988380195,12422.955384292243
cell_106787,-3249.805184273512,14213.345741256499
cell_108230,-3658.7920456317756,10808.62778844925
cell_113441,1867.6454199208645,7865.541659756758
cell_109248,4120.656983996572,2632.653781895527
cell_111984,3208.6410946592314,4446.027962935432
cell_108667,-235.87469003284093,12512.115446683332
cell_15723,6412.6945798966935,-2654.057228958664
cell_113397,-2395.5974021908182,12867.227509117698
cell_106781,-2.966012141198007,9897.781945188905
cell_16166,1165.5939958210602,-40206.781768785535
cell_110136,-2394.5331359235706,-30807.94495976152
cell_110125,1102.7831781304278,-39928.468235939334
cell_105823,-5168.9818931046575,11716.605468137126
cell_104889,3325.5743238685413,5442.7084795791225
cell_108151,-2918.2854975581527,15558.268546114225
cell_112452,-3084.805004381878,15895.869887455008
cell_14236,-5349.313521986143,12289.733084574375
cell_104276,-2682.5900076037706,-28877.0222877533
cell_106247,-1318.4276100202785,11627.844123951234
cell_103552,6779.928234130573,-4343.654809076742
cell_114541,-3543.536559405307,13994.132344956928
cell_113178,-4122.03923413961,13208.431309364096
cell_112676,-3396.511990740202,15327.065016262186
cell_110809,4513.664612636935,6714.4749097370695
cell_107063,4865.41598305833,2882.6953404435994
cell_110873,2449.4605996621453,7467.201646961792
cell_107053,1669.8511210397946,8072.038981521566
cell_29587,6692.371772606262,-5904.467589595688
cell_106450,2094.5815471020915,7820.092548244704
cell_104809,-1123.1933414514142,12723.655669994458
cell_105157,2567.426967128902,6611.768774061461
cell_104854,339.8900066178842,11248.970611339446
cell_104474,1094.9483475777092,-40663.46418756772
cell_114540,-684.3591930736645,11709.253923656745
cell_106069,-2450.6965715457236,11693.462233210841
cell_28400,2443.1546643205456,14441.08797394555
cell_107619,-4231.16605387953,12938.68723393653
cell_109948,-2979.0756380201274,13276.200195483309
cell_28540,3252.1508705965116,9818.045917276164
cell_112190,2379.623224242623,7326.240532670108
cell_29783,-241.42205831512643,-35710.93676694936
cell_112331,1928.8649597898768,-37678.88723424716
cell_30172,2824.5321182946213,14966.083643826254
cell_105473,-1286.3901408841398,11561.422694070206
cell_109415,-2334.27121413045,15039.494261034146
cell_112433,-762.9616070957293,-35045.706881923434
cell_30154,-3099.2172194971854,-26772.446601483116
cell_111189,-1197.7332674149873,10691.107816031626
cell_113509,4558.927125326048,4844.25715779201
cell_109061,-2563.3506980222196,12432.98634125544
cell_104519,-981.2949286281805,9758.29636404723
cell_103570,-2691.983695080579,13303.984095534253
cell_106025,1271.8571654902335,-37442.03830185119
cell_105817,-3002.4985882877036,15063.644817062019
cell_113619,3213.704399407104,6614.1813081747105
cell_15021,-3536.0671201598657,11369.849890433181
cell_30050,4269.006766511008,8356.822568971242
cell_112644,1624.4421131048693,-36917.28912783596
cell_29344,3404.3649376759804,15064.970488493509
cell_111407,-4108.906008194542,-29358.751865516773
cell_28723,1109.1969766466198,-39895.24131323844
cell_103799,-3725.3825310906973,12883.771768835599
cell_109906,1220.3064532396322,-36809.14293895288
cell_106648,-1782.387864382389,-33969.23234368894
cell_13982,-2436.071536162025,8700.879817090912
cell_28230,2291.1388332024076,13887.174960015047
cell_111364,-1937.7290779988507,14801.371455326222
cell_28921,1546.445953585792,14303.013594000244
cell_110992,-1775.2079692301254,13577.305919673076
cell_111190,-1900.8013866998376,9017.073522635423
cell_107331,2211.427556256513,-38190.71375552177
cell_15291,-2488.497492446302,10573.16817876379
cell_113333,-1838.8761355569127,13045.466364524515
cell_110186,-3649.189290731991,11863.229857887181
cell_14321,-1690.7509558020733,11878.038167394492
cell_15434,3846.9308291024795,3517.45338075349
cell_30221,2112.7105984863506,13814.686450584979
cell_109155,-2449.8375509252983,12412.192239204222
cell_29067,2317.461012190164,13742.493501212664
cell_14509,-820.279146910447,-37253.89520769781
cell_108263,-3619.3934379220746,15327.304001412549
cell_113708,-3159.371789508694,15494.269110854679
cell_112086,-1520.9868732182833,11376.792460760114
cell_29146,1002.5527819594346,12914.737124050018
cell_105518,3986.17732594811,1140.6714317538801
cell_109400,-2921.7826735020776,-28645.210182559815
cell_112248,2829.450502540772,7313.865208983267
cell_15515,-646.6887070592192,-36205.30841324638
cell_106326,6214.9926458888685,-3337.8860672436917
cell_14251,-4021.3548396388046,-29630.745494101033
cell_112955,-4057.2562783863023,-29372.213236465777
cell_14284,-4848.747694175,10847.744559239218
cell_105255,1469.159614548673,-41694.2165456823
cell_109090,2468.735584435731,6764.335165150114
cell_104727,4591.613396999493,695.5435609834879
cell_111638,5138.593874416707,-714.4756560397908
cell_103946,6860.834204405509,-8026.501218419593
cell_15308,-1927.3519640471673,8310.054121708112
cell_110474,-2428.533706701808,14612.958170291375
cell_15176,-1537.9531698063718,11188.046349070177
cell_104435,-3831.9584836276554,14957.259866122888
cell_108529,-3178.827108175339,-28336.368803429992
cell_109826,-3078.5131501271735,15066.85010354142
cell_104025,4315.079123779296,4378.549326604426
cell_28678,2029.0767620779955,15114.851591877905
cell_15471,935.8042068219969,6213.623210271864
cell_110961,-1426.4468019130654,12047.333365235698
cell_110712,2367.293152059459,6192.28364859247
cell_104548,3693.3062465067587,5268.577250155019
cell_108515,-3091.6225423695323,15090.83983328981
cell_113348,-2595.9896618913485,11843.175799021928
cell_107701,3231.791826120148,3803.4401502561323
cell_29493,-3758.1250039622905,-28051.16182176389
cell_14638,-3325.4474874843945,10195.238761853409
cell_113916,-3165.0545108022493,13694.089464062305
cell_114324,377.0926096174586,-39084.40331986365
cell_28091,360.0819325928112,14257.621071642174
cell_114463,-1456.8599083090176,10408.533471102684
cell_114383,2017.305945368294,-40467.61916947226
cell_105578,2489.7357760058194,-40212.20784153543
cell_112677,-1721.5011177506383,-34258.94129866155
cell_109181,-570.5844872890974,-36253.011714622684
cell_109883,-2855.4059640490063,15866.58722235947
cell_29290,1749.9739998230846,14795.910694836144
cell_109144,3008.8029419477375,6145.829277322006
cell_113751,-3629.265812140046,13354.457696063639
cell_103801,840.1729857657589,9811.012024198173
cell_15609,-2527.2844827908393,10915.300793642107
cell_112346,-2499.759894128326,10069.678572971516
cell_111789,7267.397860778385,-5945.319803083351
cell_112787,3717.3255065168128,6292.810640425691
cell_104840,267.3552709648521,-40014.551956428266
cell_114164,-1875.5823721084007,12599.934073782302
cell_14754,-3596.98750694147,9820.911518600644
cell_103900,-3681.6235626895514,12256.141208377456
cell_111642,1626.6690242968286,-39432.99295915332
cell_107342,821.5735065742689,7590.3872391209425
cell_29565,2684.946361660934,9749.957424436965
cell_114174,3527.5546429217607,3747.234054884837
cell_28297,1806.0123006889553,12980.348636053712
cell_105903,1218.2957563733955,7338.275429214224
cell_29056,1681.9500244674214,14415.915856405449
cell_113268,1349.1576313656865,-42531.55731471586
cell_107404,-3254.02061006008,15551.973976385168
cell_104009,-3344.318209687477,15488.06158188299
cell_107066,3284.6652140536926,5561.6095192424855
cell_108793,3269.285069962902,4767.449805939367
cell_14005,2853.0166525230197,5270.198161979571
cell_15424,-2181.9704197315664,11814.567632961016
cell_112923,4426.270507721376,4967.7851073869815
cell_107290,-2348.848672275205,12320.298587892796
cell_107669,3632.0545746804833,5921.66154470197
cell_15719,-4784.045702876186,11595.574988463013
cell_14983,-901.0611154357457,-39673.30767356591
cell_110217,-3064.79549169598,12756.035115206778
cell_107745,-3103.761873420085,13792.778867264145
cell_108974,-2419.9785411537077,14367.534022099167
cell_110154,4403.763280374681,5318.367730400731
cell_29815,2877.2623999193224,14576.995776202037
cell_109643,-2746.03634743903,13576.093874835742
cell_28482,2752.9757919048125,12951.150496618811
cell_15862,-464.2488041064704,12623.357304388328
cell_108171,-2350.9343682535045,13933.223641252638
cell_104034,-2578.4810810299437,15062.338656868862
cell_28627,4984.260187144177,3033.0477810256734
cell_108777,-2937.799229293963,12370.293959525858
cell_15418,-5160.139939211605,9702.071108283748
cell_111459,-884.6432117969339,12016.138441358415
cell_16268,-2698.279500558887,-33954.2736847658
cell_104141,-1517.9870598186403,12783.693262055333
cell_30480,3024.3588272456304,14405.254500741912
cell_15774,-4442.1687472428375,12361.524356208385
cell_105379,2042.953883424696,5924.972378618196
cell_109280,-1131.888027002446,12779.509921766796
cell_112730,2432.1783242360207,-40194.60641347709
cell_14673,289.86312987000395,9236.06294862125
cell_111303,-3671.5738338793367,14862.098272482026
cell_109900,2866.9472431234103,7158.970806606123
cell_106585,-3019.562527264282,13615.246300794975
cell_103874,-3434.2074626136796,14896.779667104338
cell_106071,-3203.415243958392,13081.853493311104
cell_27740,1482.4330762453246,-37872.02700340718
cell_28583,1420.656625913193,14471.320629450245
cell_30423,445.1714636043938,-39984.52620310946
cell_112392,2172.451607339728,7220.979498375709
cell_110597,4089.667224783834,6615.50681918901
cell_114503,823.1344964054149,-37977.06146867342
cell_111173,6455.625116095561,-9834.293037392677
cell_15497,-98.28349767060676,8716.48669281113
cell_103677,-2140.5295435121757,12882.592860819863
cell_28205,2280.4907487402193,-38550.777636069004
cell_107391,-1847.7871844527917,13602.990234708062
cell_112781,5845.620718653296,-5443.205919221314
cell_105000,1775.9677593139113,8087.479271097378
cell_111372,-3194.359356595974,14082.13998593023
cell_28478,3210.126243498002,11557.253681498914
cell_103590,2662.1464296697754,-40064.41209560325
cell_105784,-1797.9840645079216,13033.282703090774
cell_113964,2157.705905787794,-40349.091092958835
cell_110631,-2496.959248391703,10991.712369622412
cell_106874,-440.24724525927934,9612.049549652686
cell_27810,2532.866359165577,14501.249729101059
cell_15899,1500.1045139368432,-36982.322554440405
cell_103429,-3220.9960914448293,12301.46845446102
cell_109224,189.7831936308199,9354.482767333307
cell_29734,487.11560570333825,-37183.91099377143
cell_105952,-1780.4635766142237,-40638.41576313802
cell_104061,1873.3412473550034,5839.038685123467
cell_104209,-4676.775432724004,10534.609807279501
cell_15137,1754.019279075094,8154.157474118911
cell_27900,2960.8693703305985,14104.062261446503
cell_113583,-1074.28132705069,11593.443571528112
cell_16028,-4494.203228931279,12939.004341755859
cell_30078,1312.4483995848534,14342.684517046479
cell_104255,259.7844617840086,9166.261447767225
cell_108995,-3760.272233853531,13959.114294984187
cell_29758,2669.936604063882,13169.404024855066
cell_29016,1131.4362554088991,-38000.66923852475
cell_15529,-3792.903721146107,13312.007705131608
cell_15310,-1074.509168827097,7145.508440222759
cell_107124,-3051.172333846434,11908.949076387573
cell_30031,-3512.358020005743,-28073.552165639645
cell_104856,-3477.8766038632552,14908.676515995981
cell_28739,2469.4356922228258,13916.17451540705
cell_109428,-2446.28130293257,15006.347334581205
cell_14458,-2561.2725042923685,8605.424422234793
cell_103560,2242.4345784003017,4361.312480809821
cell_107683,-3084.119166855291,12207.330207625273
cell_29309,3043.450274563785,15346.84418904346
cell_27879,4054.879560726532,7986.868280609153
cell_27725,3955.3042970085435,9836.504256965925
cell_16033,-2882.86304464762,13700.656460066932
cell_104479,-1042.1830600863377,-35466.221093242304
cell_15849,-3451.894747904973,9771.459659489306
cell_103465,2312.8279493344075,6092.715962712211
cell_109824,-2773.56625040511,12616.80804694413
cell_106266,-340.96217770666294,10510.451217003754
cell_111234,-3601.657262431028,13261.022893679568
cell_111553,-885.8258499971058,-34930.48754074005
cell_28449,1687.4060726345424,-39211.52373151592
cell_108180,3270.8771013160053,4645.3381127941775
cell_113395,-3787.6315082399356,13611.098348245807
cell_15722,4549.5621383991365,2094.933396212882
cell_110489,-2707.983511987509,14479.045123542168
cell_27732,1768.5894931051462,15099.568436992255
cell_106804,-3225.272340858339,14901.849758860873
cell_110312,-2787.184505092222,12256.209052063174
cell_109478,-4217.842964602347,-29004.93575310843
cell_113766,2311.926248917583,6304.478343265591
cell_114222,-3616.426276756317,12756.048451233797
cell_112510,597.586537781209,9397.711655059566
cell_29776,308.53762758218505,14515.068587986858
cell_113478,-3832.3379556415844,15315.572700408948
cell_107026,1684.5476708308208,8473.216405640294
cell_106068,-2926.967524902824,12730.348091709871
cell_103764,-984.5963488009734,10391.322909124945
cell_29988,1735.4235126440035,15185.800036651799
cell_103860,-2374.7583115388675,12257.96699207671
cell_113899,-3325.679501602103,15734.814986155914
cell_28067,3809.2143070406964,8489.42679115869
cell_28780,2571.6180348407656,15036.91309163391
cell_107323,-2071.059719004062,13211.427862776649
cell_104457,597.0806434443576,8619.461309401095
cell_28928,1765.2904778172742,-39024.28461625784
cell_114198,-1257.1782299046763,10390.155883469763
cell_28496,-1306.4392330815479,-35628.870794376075
cell_14820,-3003.551142982343,11006.220444086102
cell_113390,3165.5531539701988,4727.14117502917
cell_103565,-1186.3748088967297,11391.573558209315
cell_106797,-2470.374200349115,13095.154912235492
cell_104051,-471.6225100278292,9148.32215135771
cell_106744,866.5020679842701,-40310.81211937683
cell_29045,2416.1457235205876,14637.765176202502
cell_30298,1177.5221846158129,8842.973044522761
cell_112142,4915.597372844862,4137.656429163345
cell_15905,-5361.437939540505,10460.816546554848
cell_111500,-1717.0214899305652,-36342.224299235895
cell_28582,3306.076975545953,14818.500393144932
cell_107170,1824.3697319468774,-41447.575418207685
cell_14349,1276.9825054450848,7636.01443970578
cell_110454,-2770.9995608619106,15380.226906003507
cell_104238,5079.70189793255,6193.96613206914
cell_14015,-3358.581035474473,-32071.576084758573
cell_29210,3433.0711452099845,2606.5981712844628
cell_15029,-326.7366563543442,12220.991922419951
cell_104303,-524.1449910526698,9740.310060823082
cell_110499,-2756.172926973985,15332.182562571314
cell_104187,5265.827524510081,489.1439777208655
cell_105839,-1591.367343668037,-34710.41451399288
cell_106512,-2786.236630770569,-28993.260426472934
cell_28351,2606.2892446146,14060.987080529663
cell_110764,-2203.8946471551953,12481.490151119076
cell_14956,-4311.752924930781,12987.459652411082
cell_30397,1777.1902760974278,15233.84202157426
cell_103921,-2766.317751135394,15585.885637909898
cell_15969,-3801.7317195217474,-28247.989304735198
cell_104369,-3183.4738570011446,15591.207587727682
cell_104229,-1964.829204929328,-32537.077523423293
cell_106642,2479.12495731351,4001.2555905589525
cell_30504,581.1446980573498,11079.135525442414
cell_104464,-1179.9274798324755,10419.361185834601
cell_108650,-3840.5947568172846,13476.428517969962
cell_109865,4586.646407865253,3435.6994750292984
cell_14813,1832.7479060988774,6133.058788951982
cell_112462,-327.46510055748786,10262.457198186721
cell_106082,2370.172977335937,7505.94065043778
cell_103737,1555.9493128783674,9478.361169200762
cell_114047,-2896.7558562592353,12285.488720699459
cell_108661,-1996.068240410554,14409.691367969595
cell_103303,-3486.7169310639215,12424.409399504271
cell_27970,4528.456936374038,6516.792095727445
cell_110026,3878.0868333669296,1125.673588675678
cell_29952,3702.109399978672,10618.658379345305
cell_16315,-4185.968444453574,10147.70447788321
cell_103906,-3350.811198916281,15387.255185238493
cell_108503,-2216.5630944904387,14367.949277433712
cell_105705,-1529.686822356729,12193.148564888741
cell_29593,2105.1228064079623,14990.78769132358
cell_104339,-1963.0790278163474,-33482.04802806948
cell_109966,-863.8687415368651,-34957.70807568367
cell_104701,-2329.6919531495328,9899.22781010895
cell_28651,2326.4723715504315,15156.37093717375
cell_28936,2352.720606410445,14251.544297753866
cell_106817,-3721.3356814363688,15000.573714230075
cell_113784,2073.3436765937126,7369.472473810527
cell_28403,3101.548081978062,9542.331382395787
cell_27756,3003.285784987641,10857.088383335913
cell_104654,6644.373334771553,-4124.867301287169
cell_30075,210.40298827912056,14769.273404881824
cell_16265,-1786.0764668130705,-39876.61572586385
cell_108634,909.8064214629469,-40489.242478968066
cell_112315,-3946.0445786746177,15320.407909462007
cell_113510,6682.916435127282,-5365.805686019551
cell_108689,2591.6296973156136,6759.339536037889
cell_30447,2890.2167372035947,14364.537258108916
cell_28943,2213.8376781536235,12358.082460420368
cell_27931,6702.23891780714,-7130.149877544223
cell_110592,7232.105605935299,-5595.26348855487
cell_14446,5097.744222827426,5720.5081601926895
cell_105819,-2732.7301371872672,12899.86072467037
cell_30481,1103.0322334242176,-37455.64759019026
cell_112810,-2875.7503934523374,14735.931166796194
cell_113006,-2725.445135231205,15144.174696869219
cell_107350,-3101.9650626178063,11851.597374178875
cell_28171,6464.40988055837,-2539.931864719801
cell_28901,2012.05204842295,14294.120089253896
cell_28411,294.6894586543117,-39996.318070072804
cell_105824,-3259.6756719996533,15349.220370458088
cell_112837,-2967.304090253991,13710.267107006071
cell_106896,-3359.3504000950793,14476.997283303146
cell_105586,-3350.4174953572906,13762.27050064205
cell_104487,1366.1371933427292,7697.2735924982735
cell_27798,3023.3527234194885,13859.890255237002
cell_106088,-2218.8434249762818,13456.239857380777
cell_106522,-4109.37773717234,12928.385386372081
cell_14381,502.54512298247255,-40135.67375473525
cell_108866,6459.149755783942,-3508.8810701539605
cell_104133,-2223.6754149425356,11637.380832339513
cell_110395,306.55393165879303,9259.15087538756
cell_111824,-594.1704758809173,6920.483983428457
cell_106627,-1917.9616877256308,11985.057192279293
cell_15450,-1519.4788332129401,10510.21189776927
cell_28846,2734.707502578463,9876.20945348192
cell_16190,-233.35375261836393,7196.188315042736
cell_14499,-3723.0928518145606,11240.16152752278
cell_111893,-687.0362814938965,10270.853142425605
cell_114456,1499.7854006497273,7777.718289802242
cell_113548,950.0875666758474,7823.583224704733
cell_109102,-297.312477509045,10726.157786679778
cell_110693,2505.1861512550645,6153.364337983348
cell_28891,1931.362604897061,15082.617095407808
cell_113034,-1078.0259089497204,9942.12148561677
cell_103697,-2434.898555301257,14137.494583311482
cell_112699,3315.7834389329028,5135.148678276218
cell_114533,4990.768763840654,-318.687438461215
cell_107801,2536.93241289286,7252.4425319949
cell_112584,-2268.39123514313,13203.714681975376
cell_108662,-3744.8637999949874,12844.32368183094
cell_107164,-3713.71540240718,12286.976794410139
cell_29139,-27.59795357279999,15534.950906209175
cell_16300,-2387.835005852814,-34368.824204343066
cell_108462,-1761.4445338281987,10861.916736812558
cell_103884,2062.6366494891354,-40767.87203703738
cell_106935,4982.776235371436,4365.796215896828
cell_104502,-68.48728311395504,10410.347153387362
cell_104904,3710.6209593353797,4384.778978384008
cell_113297,1061.1105262851813,7531.261044408382
cell_29115,3036.2511994015226,7703.631977240131
cell_107257,1469.57562753316,-40926.65466612453
cell_28450,1494.1152094457861,14692.703601657427
cell_105520,-3401.904671595671,13526.529590343474
cell_112249,773.0661149884553,7659.84481920825
cell_105512,212.75004053834962,-37360.82767951632
cell_108024,-4098.968336431612,11725.176594548731
cell_105165,-3046.8794946280873,12496.742916202484
cell_112917,-3180.5148078942107,12830.464115887802
cell_112873,-3343.2805424136973,15593.221593007393
cell_15970,740.892823501241,-41065.1521637409
cell_109528,-2933.495316135984,12427.914739498849
cell_111236,745.2180953705995,8374.425911023785
cell_110200,2939.4395216255384,6408.41179626168
cell_30601,5781.719165108936,-6037.720089156342
cell_104120,-3286.3323919298764,14982.104670382763
cell_104122,-3112.4175760086478,12384.3865437585
cell_108474,-1955.9378608772097,15119.530001883713
cell_28628,3049.9115181437983,14342.349394766237
cell_109913,-3103.035288472477,-28308.4469249609
cell_29204,3311.7807644573368,14522.475325311092
cell_113598,-309.1021185684008,-40869.96886444766
cell_107905,-3324.6744750121725,15060.699678687435
cell_15395,-5532.689641246061,10711.848965615507
cell_113937,-4645.203372578572,14005.269693945698
cell_14821,-3670.5410433211305,12383.387827900746
cell_111129,-3293.5080178402177,12154.028502929315
cell_111151,-1456.3604063258483,9040.859584404228
cell_108134,-2279.940128742069,-31470.33277603933
cell_28941,3622.689981291388,12493.584607508767
cell_104909,-4183.19571200081,-28487.523742232614
cell_28089,3151.470360286892,13095.887755148842
cell_104565,-3179.6922031924883,12694.388459123675
cell_107560,514.0307963419708,5743.9523631194415
cell_110757,-2783.9195500565615,15063.355081326665
cell_113833,1759.2138010546657,-38746.13165232992
cell_107787,-1742.9950117803335,12405.274142025763
cell_29383,3624.9911094476624,11988.983051607389
cell_15487,-3952.131107780432,-29679.788266826916
cell_105811,1110.7037743060441,-40558.50360374788
cell_110020,-3415.696688739107,13650.261084812884
cell_103492,-3677.5952471387354,-27932.120107693278
cell_103691,4452.914233065437,4518.885010953209
cell_114484,220.40221882169573,9781.501995650155
cell_109706,4639.389218838814,4897.005116949202
cell_110950,-3737.824728163271,11818.730406405793
cell_104773,-2836.71694052303,15599.817657176362
cell_108400,-2197.3780785317676,14246.588278368099
cell_108733,-2374.4562941315517,13577.990574873187
cell_104283,-1385.6596325975581,9734.189027059207
cell_112654,4874.516541937205,4892.206249995467
cell_28960,3332.3589576568297,14952.662718354928
cell_112809,-2725.345426190092,15255.857189943632
cell_109318,-3553.5361912644116,14339.773328120684
cell_109887,-3104.6543586863377,11682.229364046545
cell_113778,4676.729468033443,-2400.366185501683
cell_14735,-2088.752748573308,12143.50362854036
cell_113917,-3358.244887500677,14349.908491084021
cell_108736,-2792.0419583410285,12359.434799610326
cell_15956,-4372.991507642069,10429.210490138452
cell_104672,973.5817584566004,8948.957566334466
cell_106084,-4104.115848198796,11453.2700083197
cell_112495,-3486.9175892559297,12261.80470874493
cell_113660,-3023.2976635293576,14380.803618074866
cell_109373,2243.237408246075,-37992.44109097608
cell_16127,-2462.6732232939003,-30846.88147845614
cell_112499,-3271.1234042372594,12039.00928532975
cell_28920,2286.1314115428186,15000.067300200939
cell_103299,2065.7664394414264,-39624.06814782556
cell_103555,-3206.6579304143993,15198.624096206499
cell_107335,-2345.5526995040796,15138.544036730726
cell_16256,-576.3912414885366,7400.402226486945
cell_110476,-2894.233182179922,13518.594031462742
cell_29365,2503.899266383139,12773.640699097783
cell_109891,-3192.5252585704484,15142.155620350184
cell_106184,-2682.577437793365,14514.753756653176
cell_113614,927.621218206491,-37260.226139439445
cell_105294,1115.2027106072637,8114.025889797362
cell_107466,1651.289452680872,7793.134670071354
cell_110264,-2526.747324504287,12454.876403793158
cell_105404,-1342.8143765493658,11473.729540498462
cell_111113,-1902.395911603493,-33880.619135230816
cell_106106,-1851.7978056689258,11724.928760118157
cell_104970,350.06670155972523,8135.317702321888
cell_110259,-2764.4978259188383,14204.944276306862
cell_114469,4493.558548531131,1163.522294907217
cell_104352,-3021.839448916374,-28090.157581241354
cell_107117,-2661.361184836748,12380.167417177061
cell_108368,5738.924481291034,-2663.6706689989064
cell_112287,-519.8483448023361,10864.616557933894
cell_105575,1776.394002999275,7855.477243729069
cell_14030,-3404.744204311617,11510.91796960986
cell_29083,2937.613823198886,14419.207540576168
cell_103943,1488.9435750905645,8110.32670387248
cell_114419,6409.426898307958,-9179.872292006778
cell_28609,1448.4752215970902,13798.563893550276
cell_109312,2510.233974051211,8866.614040978822
cell_108113,-4178.7594513973445,-29230.26543000561
cell_111311,-3278.6062907754717,12123.211536579529
cell_111099,-3298.330860035348,13561.355031186362
cell_109987,7420.17672479331,-7080.741307760283
cell_107120,1320.5995656478833,-36794.803703238955
cell_111018,-3227.2444949089104,15283.123102276877
cell_30512,1571.0696357726245,13812.994787410571
cell_107017,-2094.3807942577782,10654.993891347742
cell_105970,4461.999501469317,5175.655041689925
cell_30237,2562.356242480854,14463.356032100759
cell_107621,-4282.5569634251615,11579.559279379302
cell_106709,2981.069025024107,6104.681172722653
cell_111876,3478.5846191560263,2012.9137806411072
cell_109512,274.132019650973,10157.421892766084
cell_113915,-3226.26898134146,15762.527355287353
cell_114019,-3841.4972069766136,12763.250444358871
cell_105933,-4388.377021031294,14064.113261895132
cell_29225,510.7556208260345,14542.10273777328
cell_14535,-2131.566666053912,11645.826488078725
cell_106269,460.8651258982259,5625.92060120964
cell_109473,2496.6462562035176,-42243.24823641051
cell_110916,-1942.7658162271955,13064.846674670904
cell_14214,-5269.326994702522,12431.116581488734
cell_105225,-2853.550027897614,12696.668721927077
cell_106773,-3740.585092018842,12258.420823820272
cell_111300,2284.8356712254617,-37625.5646996455
cell_107182,-2513.3218170934038,15342.201769485435
cell_114390,-3373.4896716042335,12511.29844554107
cell_109403,-3525.9555850945817,12127.502310910259
cell_15817,-5071.891717081534,10927.113835191249
cell_114476,5843.654037123773,-2102.863117568464
cell_112363,7119.736907152137,-7028.489314129027
cell_16020,-4541.9246717183605,10858.887827949504
cell_14528,-4442.069472899996,11928.142710618176
cell_104076,1184.6930875113233,8418.985035462092
cell_110223,5163.047273192815,831.7259195975238
cell_113421,2358.5144580457477,-41512.15326965123
cell_108644,4053.4179729427105,1847.740329440433
cell_111425,-2167.4110079181255,12872.512493617949
cell_104071,-3065.8215208885226,12885.967456804745
cell_107210,-3433.891892305089,12953.486111865734
cell_28532,6266.177822907913,-1536.0639403206524
cell_105631,-398.2225496161866,-36047.76679614346
cell_108776,-2704.8582408760326,12322.392371622404
cell_28155,2087.1919710438933,14816.19077378399
cell_104195,5851.312685833115,-2915.615894598838
cell_112990,-2728.2102575043045,14421.359568030794
cell_109284,-2210.16959823086,13416.586322994839
cell_110383,803.5233313013331,9444.540266135618
cell_103794,-1510.485243300592,-35051.344485460235
cell_105241,-2153.216087391367,15070.569771860737
cell_15704,-4505.343392219587,13219.42016442964
cell_110885,-1727.0031547051267,10680.588285959077
cell_113227,-1969.7281433426188,11408.06194544888
cell_15439,-3776.1111252938,11529.300770102449
cell_104198,997.5506916052059,-37715.503410586
cell_106854,237.75080749135802,7359.47330576837
cell_110209,-2879.1246719857827,14600.605395166087
cell_29780,943.27066472472,-37867.84026993587
cell_109823,-2453.5254294274264,-30882.61906581497
cell_106202,6139.900592175312,-1761.6378051918346
cell_111501,1069.6279447023126,7144.522256547171
cell_28357,-437.7773093246634,12762.94668678679
cell_108681,-2245.111562279922,10924.207085148215
cell_29380,1808.6297642888285,11866.031741882718
cell_103556,-399.809124878407,8983.165104939839
cell_29289,2084.3375078421154,15061.401328636612
cell_107489,7123.514440148596,-8804.27458593545
cell_15538,-1111.9903622176987,9745.514120111744
cell_112883,-3514.2765246821664,11881.564589296951
cell_15074,-1165.8728894212604,-40107.13231972166
cell_14728,-239.73473045259286,8354.408241409395
cell_104815,-2155.668352134077,12582.340682195112
cell_16008,-2292.846447606866,11924.20591196907
cell_108000,4579.009357045269,5208.35147918052
cell_104989,-2224.7171454407726,14477.615810953997
cell_106332,-208.51689450024006,9388.189967656992
cell_110944,1223.9706119588075,8180.404459403725
cell_28152,1876.6065607397472,14158.918886090307
cell_113131,6581.836940360138,-4330.711517919461
cell_106040,-2625.624156978011,-30223.698969483343
cell_109386,2277.1067560740794,-40364.27391857252
cell_15166,-327.0528256931191,-41498.85660155356
cell_113435,3088.977186524682,4258.581866628942
cell_106548,-2754.1901600916954,12558.908668320708
cell_15663,-3809.522887509028,9247.812797871753
cell_105596,4884.44551191448,3794.616640234009
cell_112437,5863.8213544629225,-2626.921082617105
cell_112153,6157.693994925691,-1990.8507864407693
cell_29203,1924.4296900489524,13906.446622221645
cell_30313,2682.6128046620065,13870.071699164644
cell_14007,-4052.4209810157054,12822.808477222203
cell_113038,-771.1071745391532,10130.638345195703
cell_103969,-3965.8299861011433,14529.317802895841
cell_105346,-2149.4428344846883,-35854.81375797068
cell_108558,-820.8354229836158,10904.224535425772
cell_28236,4208.598196084177,8140.0094005548035
cell_103861,-4224.790982663885,13464.203330405255
cell_111419,-3048.892660587047,15014.092534025434
cell_108444,-1733.7098700739657,10318.183585757311
cell_110057,-2890.8132311521003,15573.884343867589
cell_110748,-2966.048020753249,14042.582685521338
cell_109608,-3277.6512509885033,11583.187377049568
cell_109956,-821.4889796097885,-40195.345753417256
cell_106130,3307.6914849643736,5091.2635456881735
cell_109247,-3086.481025595628,12894.960348767616
cell_105175,-1179.4262917667245,11434.74945574678
cell_109474,4868.102800629952,3882.5546554171724
cell_110576,-3680.1976983808977,13165.164392522314
cell_27774,996.0063425414703,-41049.45800517611
cell_114407,-3242.0403731887973,12513.583700413583
cell_30179,1783.7972387282714,-38532.89306945473
cell_108063,2676.8894944739213,6773.473212358128
cell_104617,1810.5889664039407,7088.029661805776
cell_112934,-3633.718118438136,14722.93143075249
cell_105357,-1866.5857012153638,11523.929122729267
cell_112251,-588.2994051334389,-34972.32753150157
cell_113945,-2821.274600022973,12078.954527354956
cell_16156,-5150.727059687871,10563.826392141476
cell_106457,-623.8265172862086,9862.648570736523
cell_111616,-4022.59913396871,11348.143433753412
cell_105109,6072.582223880657,-3036.537671355221
cell_104430,4574.858857952404,4872.64374675566
cell_14861,199.8837884085768,8857.507159671966
cell_108715,-2825.667134931312,14603.635326700512
cell_114320,1017.8092026267917,-40997.64202114552
cell_112733,-3871.1542060186093,10868.699305005415
cell_106999,6951.630859687671,-8257.736472387629
cell_15533,4432.14296211924,3366.901885999779
cell_108587,-103.03352613588677,10534.538864775943
cell_14929,375.30871498710974,8174.648673690146
cell_112874,1874.9076489343347,-36559.70428943473
cell_109671,3360.5792350045363,6296.421702423317
cell_28765,2498.1543255708752,13086.054993924696
cell_111795,-2848.9711361197606,-28930.807584068465
cell_107561,2338.0494944546876,-39604.68011880919
cell_108059,-3209.417980014452,-28132.307019367312
cell_111022,5172.981148705369,6149.3219405703585
cell_107009,-3279.2444800232306,13856.208739453026
cell_109199,-2075.516234678943,13449.698259455878
cell_15647,1260.4338136724614,5059.728228270823
cell_28919,-3809.6929758896576,-28397.23978543078
cell_108386,-2442.4322973228554,14203.626371560636
cell_108738,-2280.956003504575,12819.944551669638
cell_27819,2360.1927130649883,14893.512935746045
cell_107052,2129.860838144771,6608.75391362858
cell_112712,4731.492031429463,-147.7483615058962
cell_106453,-67.09180003071103,9654.80275856376
cell_14107,-4937.394392846274,10009.578833706335
cell_110913,3186.4793015580217,2963.205816793442
cell_14621,-4906.091518412542,9935.343526670593
cell_113375,3819.7863248847802,6075.967315648372
cell_14879,-1158.9353008405767,12646.810013983253
cell_14394,392.94153979966904,-39846.964925884975
cell_108548,6900.394035231137,-4874.013878482529
cell_106264,-212.76350320327253,8188.701027507059
cell_103475,2299.7029762510397,7658.405112480056
cell_108291,188.14252410198867,-36948.62876842089
cell_112353,1528.935679810248,-36867.89899142558
cell_106861,-2890.7357105514843,15462.253318247147
cell_111537,5668.283021874683,-5512.040212374231
cell_29177,3238.19747602755,10406.399263397347
cell_109503,7359.926077702418,-7438.172978513228
cell_30393,3663.535826802758,10830.812897806045
cell_110936,7209.414126861149,-6351.642639331748
cell_105182,4411.508530642041,6528.272056466321
cell_14403,1289.8772704490648,6588.773330914158
cell_104356,-2448.8118369856525,14127.212189558473
cell_105545,465.2597139952029,8277.915048782354
cell_109666,5326.198404289922,6073.124835444292
cell_103494,450.1920943819431,8730.780562663656
cell_111745,-2568.5457364553213,14581.146341956179
cell_29073,-2053.3384209121073,-33577.73203785924
cell_105655,-2202.3847302498893,14842.730533276233
cell_29598,2692.0266961670713,12022.08455157225
cell_108347,-3006.05146395138,14998.911822593696
cell_110713,6453.852227118329,-8146.598474169857
cell_109820,-2278.341867901859,14290.107789202399
cell_15680,2294.3215043970777,-40748.70287859741
cell_113405,-2260.864074836179,12167.44702217228
cell_27992,6721.114526983344,-7333.221130426055
cell_110672,4718.130402544686,4392.469189088237
cell_106341,2225.6839538216354,-39157.22514447922
cell_106287,2764.5689186391787,5956.1318213225495
cell_110451,911.2661263576199,-40326.5642389676
cell_106323,-264.0986505832905,10996.616251359956
cell_104220,2540.4785411098646,7285.053248298966
cell_111250,5474.842763752032,490.79046808822426
cell_14843,-1239.1904635510666,-40745.84640339285
cell_28233,3013.3500895188554,15131.216612765784
cell_106815,-3610.4601956393676,15566.712787057115
cell_110862,-21.138179221236143,-38419.42358298659
cell_28840,-2585.7516216360073,13973.796749712343
cell_29308,2582.0236460283973,13858.951611357452
cell_15821,2721.5666465660797,4329.460213558741
cell_112774,-3626.132823991637,12037.564798102825
cell_112179,-2480.8330170952954,11978.384304434141
cell_29341,3302.950506112099,-38249.661007126626
cell_106898,-1910.5457650838719,12573.580681278241
cell_107942,-3136.1067703213826,13306.332874856313
cell_113565,-2773.4596399352345,12493.308753550406
cell_110277,-1836.3226248582605,10750.112213011116
cell_109223,3289.741872388775,6425.124865352345
cell_113220,7049.310483469305,-8342.486722745172
cell_107832,-2593.367543637351,13550.030670200429
cell_113061,-1342.0321859896476,13065.501203649195
cell_15857,1465.5576518324328,-37542.57333441616
cell_103779,-475.3426820262952,-35325.82359878391
cell_14208,-3277.057945885159,10246.714697512485
cell_111619,-3078.691608169849,15513.900728747863
cell_16129,381.77943084633034,6155.407273845034
cell_14643,-1994.020749645585,12571.50841116277
cell_109827,-2503.917310100775,12725.920477758062
cell_108029,2473.8248999626007,5980.422360439908
cell_113873,-4151.389307179061,13154.781812876927
cell_14344,-3430.894060382594,-27993.38998211199
cell_104049,-403.58595838167975,9129.815964922569
cell_108267,-943.7324509543963,10313.690261409172
cell_107042,1612.7094420797382,7334.917241448106
cell_30212,3572.6846253013337,12443.573689843128
cell_27831,-345.0688569085233,14604.203595037736
cell_111279,-149.1258828627575,10940.40225982159
cell_108101,5196.990941367938,522.8650798823724
cell_30091,1540.8386886817455,-39591.64590826247
cell_28201,5927.483836904281,-2130.3493598711634
cell_110028,-2368.061429875265,14632.95369630399
cell_114032,-2705.590450473596,11941.319838555624
cell_105852,1849.8036135876664,4635.064190833589
cell_113972,-3876.731460857093,15479.906948275491
cell_103615,-2848.679067134646,-28899.653734449268
cell_108483,-3497.8650689976785,13572.505841236367
cell_109202,1258.2679383805344,8858.874666829444
cell_14878,-2997.4747301224406,-32428.80789031393
cell_112540,2227.2346507949096,-37362.68350276219
cell_112058,-2261.0455953500395,15129.908203850813
cell_28513,3425.2403909505283,11471.716904725621
cell_108985,-2580.8985846917935,14307.00606215641
cell_107645,-3792.1190238465238,-27787.792846873013
cell_114206,-2208.106696060593,14151.486269963714
cell_114297,4629.651054616484,3312.672483503028
cell_114129,2086.6615372438187,8592.459877125386
cell_107400,-3341.1567594649823,14018.20574437642
cell_111101,6510.143587225557,-3751.6551141791606
cell_108691,1171.5026802652264,-39138.7985698051
cell_106920,-1592.277366588406,12028.884487920774
cell_29103,3251.6284137126554,14370.81596632468
cell_113618,2117.5493727125863,7223.741127551498
cell_107913,-3148.2796231176744,-28285.86208101548
cell_105646,869.1162726267283,8328.919281942486
cell_111436,-3329.72304318732,13686.796965182632
cell_30515,3342.2443103666837,14639.613317626723
cell_106495,-3783.463323043926,12001.558380648632
cell_103631,3113.2230098750497,5909.659179091802
cell_106782,1981.0405000442995,7726.148808065383
cell_112102,-1215.990145106207,12596.129711983682
cell_108008,6553.2170989409815,-9175.286844929653
cell_14368,4525.7560111321145,4650.219916431675
cell_111882,7424.568303233774,-6899.402713418371
cell_29280,1789.718644931703,15320.403542764867
cell_104695,-3602.360984706203,15648.306833289407
cell_106679,-1636.702263001674,12839.864777859771
cell_114434,-2625.2857775443554,13483.574440683364
cell_113063,2095.0254188468934,-39900.418017678196
cell_111040,-151.33014436805328,9413.954536089646
cell_107872,-474.0407346790285,11015.18626861147
cell_114005,-2584.9155726439135,14239.076966595121
cell_15842,3911.747492993919,3517.435669731117
cell_110990,4042.2670295255784,6119.884750877693
cell_103857,-930.476302936007,10748.970447853659
cell_29790,-456.9850911984386,13173.382562000013
cell_15958,-3205.168194593185,-28070.778930627737
cell_112885,-3013.69815546514,13343.567158037196
cell_108312,-2878.3040599848728,12996.37241817268
cell_28884,2440.3276894217615,13782.643461625577
cell_16063,-1300.340152636306,8456.389825758652
cell_104939,61.180179224371365,9741.278726883538
cell_15675,-5196.034117742206,12772.99415472755
cell_14347,-543.6664874238787,9982.329470019597
cell_15320,-3017.7518066007824,11472.51037628625
cell_112381,-4436.294509349552,11699.115699955206
cell_110449,3642.1547050106674,951.2022104442567
cell_111183,-815.9731514664737,9545.78473128094
cell_111172,5253.960696455709,1001.7953147055287
cell_112600,-1096.7868772553934,11654.39820982009
cell_110452,6969.497490940563,-7686.18549619189
cell_114000,7142.6276294161935,-7795.353019126203
cell_109677,3357.209473892193,5807.626749503363
cell_112430,-941.0110818800414,9417.268450209995
cell_15298,-2436.185978963853,-33803.8286800589
cell_107823,-2970.324852161588,13319.390322233949
cell_111394,1211.6422639658358,8267.340497814392
cell_109551,6210.902871341778,-3124.050822831318
cell_14524,1427.8023075118235,5839.127483742113
cell_29711,5225.621968486031,-521.8631147980493
cell_14775,-1540.1358934279165,-38018.231453772
cell_103765,7273.293489051101,-6037.814196145589
cell_15339,-3550.970872008441,10954.634683421993
cell_112518,-2561.7682431508365,15676.357515874244
cell_113115,-1220.101521284589,8300.270915746198
cell_106452,2469.698806500785,-42351.66906915141
cell_108174,-2929.2425695258175,12783.107613735838
cell_112508,-2899.864010414031,14221.980336276947
cell_30609,659.6891211950166,13270.976956676644
cell_107283,-3078.3492074214478,12925.596648490746
cell_111036,-2343.294451831916,13347.436451675178
cell_109042,-584.7816789050079,11191.14602863076
cell_108154,2200.410627509036,5409.4730106628085
cell_111458,-2512.5118859092613,12236.757327256078
cell_14078,2676.6764083332064,2952.471551395992
cell_15924,-1453.6729542323496,-40505.15183377276
cell_109519,-3131.825139067846,12799.121025643948
cell_27952,3282.2744764018703,15138.72501395438
cell_113255,6264.851649631829,-3411.362491197465
cell_103314,-2262.4428924685976,15429.672591157383
cell_112204,-2475.297394087323,12478.334488769253
cell_106925,-157.91914839761955,8336.785351841441
cell_15772,-1972.2048873305805,8983.058274353978
cell_14196,-1353.0552531033713,-40115.561259232105
cell_30181,1844.108837914394,-38934.88516044591
cell_103710,3850.403716954397,6420.966158230665
cell_14332,433.1798396318073,8562.743405350428
cell_106594,2284.3119128423436,-40048.5235693248
cell_28748,4531.4299874432845,6775.605385266163
cell_104297,-2068.6567369072523,10416.215547992311
cell_14824,-869.4451153310413,7657.201893812531
cell_14223,-3247.783882275852,-27725.056162430094
cell_105792,-3319.919358489807,14843.902750207792
cell_15123,-3022.576460440971,10687.682123917273
cell_14192,1914.0115311993493,-38671.82681318184
cell_112839,2522.776260876579,6959.609024987362
cell_111312,-3028.203029229665,12816.628341146054
cell_107129,-2704.7771686807223,14383.660823078497
cell_108463,-3502.6654873781044,12953.74544389774
cell_30264,2776.0919651041136,14633.414325638785
cell_106018,516.280569586895,-38335.05433972018
cell_27982,4629.858301881265,-288.73650191670623
cell_106750,2395.441371640268,6164.786639116188
cell_110761,-3388.9706952945285,13862.25156048406
cell_108460,4729.169218258874,2357.914509357806
cell_15343,1485.5481405226806,6083.120519446409
cell_15728,-2855.9949777001166,-29444.162494381493
cell_30101,3508.9164293498116,12900.304565804938
cell_27983,2043.4559250364018,13946.225130653878
cell_112892,-2094.5377695786296,-32084.87286830714
cell_113851,6907.6698194735345,-4750.877545597741
cell_15889,2207.7446031855825,-40100.827827685134
cell_112132,-1048.1993155612147,11929.95924842306
cell_16151,4241.58259678669,3234.629562712581
cell_104183,-1768.372699281238,15530.471865384638
cell_113294,802.6584236872528,7901.421107046994
cell_30358,3479.367467352532,14370.133064768139
cell_105366,-2095.0815623369335,13860.703799196392
cell_28098,3962.6962142305474,9758.482521706426
cell_112519,987.746227397759,-40092.52543001737
cell_107931,5884.255638552248,-1834.9242847384587
cell_28712,1563.3904389618165,14341.367127170544
cell_103298,707.6982403566959,-39962.57485154818
cell_15391,-2810.5989879308363,10523.132775748436
cell_30579,2128.7068363708518,-43055.80888622299
cell_106941,-2726.3725499888474,9376.924672196443
cell_110600,-450.44675865954576,10447.763191573682
cell_104651,-3558.389333252024,15504.306788859258
cell_108501,-128.72596589030454,9598.504733822012
cell_16330,-5737.616061409582,12375.193348345183
cell_14635,21.5270483974784,-38257.7815270833
cell_104623,-2961.9085097067336,10502.194649903264
cell_107325,2321.614195836931,-40367.817056110565
cell_113719,-3426.248228999989,14117.899199855896
cell_110734,2025.7660075367496,-40836.370638641194
cell_114245,-1385.6145693574524,12348.346921417298
cell_16154,-39.60299543850727,6644.485780331373
cell_113845,-3436.971630514802,13825.688144724758
cell_28677,1515.2824556010332,14310.264810765793
cell_106647,7260.52700393447,-7437.0865480350685
cell_111345,1425.6604111816616,-37519.87237854743
cell_106840,-1871.329472513543,12154.516708028228
cell_105908,-4135.207041959373,11455.75247716987
cell_106848,5619.594963723975,-2662.8259613716964
cell_108389,-3151.7775683831132,12949.2790632382
cell_113989,-2854.84531202409,12460.514334233647
cell_15400,-3226.523991445384,9110.777457475362
cell_105487,-2943.721750610517,12152.45400393428
cell_107962,-2777.6776483477897,15433.515916190054
cell_107156,3215.4091951696564,6762.512066596466
cell_28515,1460.4712117694817,13603.311471800616
cell_106565,513.6890448220374,8803.892380977606
cell_28995,2489.7195807131316,-40003.39736966065
cell_28685,1127.2297156058903,12952.118152857185
cell_111169,-3368.0245245940023,15538.90410858548
cell_107500,-1480.2494819652811,12144.259055345734
cell_111299,545.4483752148033,-38094.79296513554
cell_107718,-2871.8463380030953,15682.482112534237
cell_110146,-2724.4391133055424,12986.46951541455
cell_113497,4094.84588796862,5702.451583485431
cell_108953,2026.163290656118,7627.605849857489
cell_108293,-3450.4585370592167,-27526.462778441866
cell_110233,-3600.792826612789,12230.548699701454
cell_113602,-573.5371587443504,9960.969343575494
cell_112077,-2819.882905367397,12312.834961206776
cell_106560,5155.991937362118,5805.577740695573
cell_30496,7252.242692815288,-6500.238374644315
cell_112752,-576.1535609994185,9536.893387190143
cell_16273,-3530.4241409728616,11058.961282139386
cell_105797,-2379.2271425661725,14345.78630498296
cell_15645,3123.7887429994416,3920.190102962759
cell_28181,4617.714639288376,8079.634817331088
cell_112209,-3122.7276742007093,12674.147538788387
cell_107844,-1299.2524305808472,13064.57056201867
cell_114511,-3416.5489666196795,14443.353626967872
cell_30549,2325.350556350097,14484.844235188646
cell_111924,-2986.949833953444,12364.529509420683
cell_104103,806.213815974744,7940.3635779332935
cell_105385,-440.3220156730835,-39019.33119151652
cell_14536,-1468.1659400133508,10920.285789942274
cell_109515,-2756.1968675475637,14142.48569959926
cell_107728,-2667.623354225156,13647.894110911473
cell_15155,-3300.483971133914,-27738.102431292195
cell_105968,-1667.5472228356707,11506.905681668422
cell_107370,4266.043838234275,5225.925344959826
cell_103385,4645.621399615262,6150.127189733582
cell_112866,2982.259438042875,6176.955477849931
cell_29471,1828.0758550053074,14846.146267926366
cell_111535,2614.135169944041,6321.143860338438
cell_15173,-2668.4198057659064,11252.064383806126
cell_30438,2110.7135935544866,15231.08046613604
cell_108964,-3081.0540825204957,12654.313008269317
cell_15095,171.67271497808804,7862.910151034971
cell_112972,-2339.3989517403297,-33368.55766052203
cell_107155,2197.3827369844744,7494.475386909417
cell_105093,-709.7228082959914,12135.095535990924
cell_104096,4974.461828811533,460.5982813546168
cell_14978,-3853.3262761732644,10185.115668461927
cell_106328,4970.113061840477,3933.5200033359492
cell_105006,1904.541663408263,6879.025293538434
cell_112958,-1563.060117194685,11803.678804293697
cell_113652,-3758.137326569274,13146.211663911728
cell_15847,-4663.48629119303,9949.264057167953
cell_30256,2148.0099796023846,15198.808858695196
cell_109322,621.2064399799543,9564.055170904687
cell_111587,2587.3661734165853,7387.9994027876855
cell_14577,4286.5611964775635,1179.175957736281
cell_113271,4753.817898337213,-2539.2700635369256
cell_111107,-2540.729582547228,14554.50815134918
cell_15227,-4212.872798035819,12969.856007892233
cell_111639,-1236.7970089290702,-37738.329458457956
cell_106058,501.30854195746167,8856.273997836031
cell_106317,4713.9753232102585,5658.725939453011
cell_106454,-2316.979871137137,12494.161242684357
cell_14032,4560.882381140663,3767.0427875987693
cell_112899,4457.931546200946,4757.864830232634
cell_110710,369.8407021353687,12359.626528257391
cell_112122,-2784.3636639858787,14594.442970946066
cell_27846,4196.812330798787,9223.285026337575
cell_108890,-3146.663541512207,14719.633848584877
cell_112631,-3641.5034362309,13694.17919580022
cell_112687,-3705.4342809800305,14932.192648677375
cell_108518,-2590.256436395804,13200.049182269846
cell_110742,-319.7196208291551,9921.014784566252
cell_114355,-2801.3171857802554,11692.33297316621
cell_105529,-3062.4973412639997,12113.066207518155
cell_28316,3266.807920737063,11381.591448901581
cell_109669,-253.91662914624234,10664.638044373998
cell_14982,-910.34219733954,-39189.62324074806
cell_30279,-264.66123956776823,13509.809642105294
cell_113755,4294.0577241770525,5362.268191769528
cell_106975,7228.925964523135,-5404.686514829992
cell_105764,-4761.1883647424,11991.739192443689
cell_107837,-2252.51444783343,14535.838184533133
cell_15051,-4816.824395337852,9696.03953702419
cell_30299,1687.4831430085871,14975.577950360075
cell_29584,3262.8684391613538,14958.34066364317
cell_107515,5659.388597319895,5766.452252321518
cell_103888,-3593.3497692186456,14725.05835644512
cell_113768,733.8602201479156,8431.488144416957
cell_109850,3461.1989696965675,5171.89135392788
cell_108746,2905.5531235367134,6959.3202366755
cell_29219,4290.2846230272,7556.718022109166
cell_113651,2627.4880439100093,4244.4286474210085
cell_14955,-2905.784207027825,10368.786984542357
cell_30175,3489.317432305036,14899.546823825187
cell_109314,-1488.6431443527522,11632.713878015116
cell_15951,124.4212918653842,7768.062098441084
cell_29671,1729.890280558622,13897.636199892717
cell_16228,-1236.1788407951328,-37179.10571528424
cell_113457,-2640.394868455001,11390.783123530242
cell_104422,1087.7561023514068,8134.513794656199
cell_109584,6355.94186876181,-2598.0207506942525
cell_103647,549.591495719425,12704.7635363459
cell_29193,3256.1603390488776,12320.066260159567
cell_28414,5762.349682993455,-3503.998533823636
cell_113712,-2945.9574070705544,15103.55790782065
cell_106943,-2623.677687206763,12926.252579111619
cell_109962,1346.130796273826,-40698.94724131853
cell_111435,6060.838843739016,-2259.0014401317194
cell_14795,-811.5844729748083,9292.720697613047
cell_29484,2931.7708478162176,14286.882241774469
cell_114482,-3200.60958561531,14814.28671434253
cell_111513,-1183.4097119458213,-37482.23830376319
cell_112970,2406.4775987226813,-39967.640136278875
cell_27824,1240.8437021960285,-39880.9249815733
cell_28463,3011.4322020767413,9257.08340883401
cell_107013,4396.575930037265,1338.6792624855234
cell_111295,248.77870604795064,8450.12324174346
cell_103332,1509.139123655835,-39721.734047467406
cell_114068,4366.822784702272,2370.283776989302
cell_105142,-443.7531777278155,8611.371542368592
cell_105230,-3478.106417667419,15151.381600272121
cell_30303,1594.0597070742826,14560.524467403535
cell_104833,-3282.7842637698795,13671.537174306573
cell_114569,-2953.4096717874113,15670.700297084757
cell_29460,2870.2230123525273,11875.736780122075
cell_105980,-2896.9024278236966,12165.403880789967
cell_109638,3303.471340592029,5447.199533334599
cell_108851,2578.473819760033,3675.2425525058825
cell_108284,6236.076249058593,-3595.2278902160506
cell_16199,3883.3381832353984,1828.7064476679386
cell_105260,-2775.614105314972,15142.20712771085
cell_103614,-2612.441107180705,12254.542931777753
cell_15379,-1423.5017132280589,8795.211665803763
cell_30474,2278.6648448801784,15196.652033312223
cell_29674,4250.386135639157,7449.307535574187
cell_106887,3032.593756968529,6395.300663784287
cell_112293,-2402.601619435116,15152.23952278821
cell_14450,1965.7812498258995,5379.901170220577
cell_104083,1724.2959808810353,-36573.98447843149
cell_14895,4262.071511933469,2471.364079044322
cell_106297,-4009.241665032132,11763.804074455735
cell_103853,-3235.216498752815,15697.528524467007
cell_14877,-4340.155854117329,12901.178442186923
cell_110354,-2444.7490111562392,11929.92083685911
cell_105465,-2124.1400419430784,15080.339176252206
cell_113331,-2886.303754983887,12857.063638809306
cell_107874,4810.000470562098,3398.139109839775
cell_16101,-5256.09024197018,12351.344444913902
cell_111817,-3100.229526829739,14705.219981381717
cell_106096,1054.340473753157,-37455.79873133532
cell_28088,2678.1001415893015,-39461.26832135503
cell_110292,806.3785408793952,9265.037498280495
cell_28436,2932.2094886190475,14538.11605531376
cell_28017,1802.3209262206294,-40598.172962693694
cell_27781,4036.9878620225204,10918.75928418391
cell_28680,2967.61941089063,8461.938686352407
cell_109021,7103.2599701966,-5511.67873644183
cell_112988,-3131.7701228093624,14762.016331470895
cell_106155,-4178.688753745002,12233.382718550592
cell_103715,4065.9704123910565,7300.9685031119
cell_106670,-2790.290437820706,11583.275566747487
cell_108833,304.7895015361479,8605.544529597442
cell_15078,494.88176002275947,6786.232749689888
cell_28957,2835.587002601893,11866.661184399574
cell_113377,-2730.6885063263426,-30358.275181290464
cell_108342,-2850.578647528784,12865.636090240336
cell_106576,6906.524773960074,-8432.23665044096
cell_103968,5344.514790471298,-4844.377418171117
cell_105024,-3826.3746679910664,14904.34564773989
cell_106331,471.7459371280536,10062.253679002153
cell_106569,3052.4074390557885,5238.847155312481
cell_29811,1930.2146471816593,14833.093870269859
cell_14836,-4186.166045323451,13079.554777838513
cell_15655,-1886.830147253384,-39603.647885364764
cell_15063,-5075.195651175013,12776.995659011476
cell_114532,-5068.905280825574,11992.079996582124
cell_28330,2970.8384998391743,15005.64431683603
cell_110958,1749.3924039193555,5160.351008207794
cell_14666,6042.0225917922635,-1692.3182364063593
cell_113027,2369.2950016236546,-40915.915247958306
cell_28465,2429.229172046347,15099.45245594881
cell_106403,-3300.1530294123245,14730.554891092463
cell_110941,-2721.5578342657495,13235.449833205817
cell_104192,3256.8712512098273,5678.844611331141
cell_14195,-1550.5305555148325,-39771.33484220772
cell_113483,-1776.3873515181306,11980.819813499324
cell_15906,-1332.5196903270087,8540.590474568009
cell_110055,-1662.755455074231,14147.669817980792
cell_29224,848.4382351666893,-37898.58173107538
cell_109417,-3269.5122380446396,15233.968001782774
cell_15530,-4098.945177772678,-28735.61061246002
cell_28090,4902.86316595806,-560.8640568281103
cell_103535,-1829.9441166569375,10330.191821569031
cell_109975,2990.06339344614,3981.5203528443058
cell_15401,-3483.3619026509023,11822.585861673082
cell_104966,3158.2201953243853,5023.3441678514655
cell_29704,2357.6762891568046,14055.739389299566
cell_112027,-382.4657308074116,11008.243268394073
cell_14852,-4299.837711935548,12222.04522672823
cell_28381,2115.1745774387473,12778.166509423121
cell_112467,2362.506997630843,6902.002833205714
cell_15107,3613.467838316426,4601.00121338179
cell_114063,678.4466497379896,7618.319305491524
cell_29132,2858.9834132519422,14945.576082609028
cell_108052,-1697.9368418302497,13858.551115388917
cell_112461,-1137.3195763636384,12566.243779462397
cell_110987,-2537.138127752925,12713.172166998625
cell_112365,-3151.522905939086,12885.297817131115
cell_103641,-993.0045900550564,-37587.691260858956
cell_28521,212.36929495750866,-37044.37051938075
cell_110215,2058.0007619679814,-36763.17492917213
cell_14984,-2129.1523325122917,12029.488393950252
cell_105178,3050.05637620538,6596.786751701607
cell_107261,3323.774815776357,7035.444463945963
cell_110722,3300.8435160431036,2250.9311437995443
cell_108935,-3309.892420259106,-31677.54135805891
cell_108507,-831.9295620486204,10672.39613882916
cell_30417,2447.2100676315813,12980.444151293133
cell_105261,-2736.2910170954833,14807.74516851408
cell_108654,-170.0405765305799,10294.546246574226
cell_14003,-2469.147600610695,13133.712195804768
cell_112696,-1105.3074255398096,-37652.93919355358
cell_14690,-3912.68095303767,10605.864717422472
cell_107215,-1938.5573841805572,12276.67540153494
cell_112525,4917.452916883347,1524.9023005889503
cell_104754,-2070.877188572773,13279.492766895557
cell_113781,869.3415354326457,-40808.79042501295
cell_104017,-3606.6883433144817,-30992.86890939182
cell_110830,3178.0650501447667,6119.732245710614
cell_105119,-2823.1170891588363,15075.8365992826
cell_110587,5639.692673358799,-6375.555027559782
cell_15172,-5047.284624201783,11777.131289650937
cell_111552,1241.8035497558815,-40995.85963425759
cell_28881,6974.1880291019,-5428.990501163926
cell_111973,-4015.1600776225337,13421.141076813337
cell_104436,-629.1916589352126,10099.152699188284
cell_106048,2262.3929125382597,-42764.637728592556
cell_111058,-526.7966496753775,11479.911684541696
cell_109274,-2776.4521236335386,14540.670136098515
cell_28130,778.7873334189248,8394.910517436814
cell_30572,1905.998984866942,-39672.41954637541
cell_105783,5684.972035162333,-346.4560544961157
cell_28272,2414.013841249517,14707.304753273136
cell_106821,-553.745958147687,8594.714923979967
cell_110566,-1519.6393202146526,11416.730775729815
cell_15668,5333.304325939242,5713.256466187711
cell_114466,2375.734202707852,7217.341608279536
cell_28704,420.51765746254887,12456.598322096921
cell_111874,-3535.8369657401245,12954.460529155345
cell_30239,4513.663535235671,8740.260302985223
cell_109960,-2919.495318298928,11861.696067807474
cell_111088,-2643.264923921237,-29679.46590571013
cell_103323,2584.8405744099628,-37871.56859192462
cell_103789,-3030.4727108559696,12747.533348668234
cell_105033,4207.605545851078,224.2957336280081
cell_108465,-2193.7896175686187,14300.88070409055
cell_110736,-646.6714103573629,11580.976808275364
cell_110161,5853.17187695308,-1770.7672173363408
cell_110866,546.4703729037061,7603.126400377732
cell_112378,-2803.7652992912704,12483.015814506458
cell_111677,3049.7787774528406,7278.90090139077
cell_113267,-881.9142327958775,10128.108970268697
cell_110017,3506.4235624946227,6561.235133557504
cell_110082,-3403.5247720578445,14569.739997072624
cell_111192,3597.447767559511,5765.733085663095
cell_111734,4065.3630931977145,6041.351303159101
cell_16270,-1946.2902901964844,9822.633390418036
cell_112115,2784.281237921255,5362.594761318281
cell_113010,-2868.250050509274,14015.010192150536
cell_107826,6818.239065150292,-4205.40387606295
cell_112395,-2441.4301342085937,-31014.539745290807
cell_112962,1988.7083444354193,7187.094877963882
cell_112651,-2095.825599486779,11786.94520277399
cell_103512,-787.1915746571557,8885.145486768228
cell_14001,4778.422527187659,881.6739936446155
cell_111690,-2711.0583851542615,14188.754803058988
cell_113436,-3262.3152902716743,14947.432720908557
cell_109024,-2942.0152451917606,15602.381253049476
cell_14355,2096.3539034611513,6883.878255076764
cell_15521,-1006.6957131932654,12469.27046173074
cell_110192,-2241.2109587217597,14265.623044163109
cell_111897,3061.6523505435566,6034.774576616411
cell_109909,-1054.4495814962447,10942.636356760057
cell_111547,-891.3832365517987,12975.063880187308
cell_104221,-3039.6203679114205,14954.562428602652
cell_107855,-1390.2071657318986,10403.533474654927
cell_106017,4926.501823606587,6325.897015461241
cell_112796,2558.7838979779294,5573.867674275184
cell_29972,2461.1914127289474,-41694.747268947474
cell_15011,-2438.5476798674017,11513.297816405757
cell_14095,-1891.9182696840803,-40365.90114614494
cell_103404,-2896.09665605982,12575.04754468227
cell_104931,-2517.02537576353,13083.67875134929
cell_108407,-2949.2054467629987,13483.463485357055
cell_110856,-1474.1790118089898,12222.567374625374
cell_30499,2075.0441429112393,-41748.26631994677
cell_104086,488.1943733387382,-38368.224415609926
cell_106988,-3307.736356547817,13889.237845573662
cell_109039,-2116.899695189664,13843.361221693904
cell_27718,2230.4962483792688,14835.724715562726
cell_107806,2254.393737401364,6376.42344087597
cell_103370,2435.020670892155,-36614.02688975623
cell_103659,5369.9077778410165,5898.006034400573
cell_106491,-3837.085761718939,11524.008393247448
cell_112275,2185.0445680821636,7169.701072865302
cell_114120,4626.838339044009,6316.375697862369
cell_113773,-4559.952896290525,12052.503778932474
cell_105367,5794.635529988176,-898.8808414563571
cell_113078,-1865.319725679261,-32733.79907718709
cell_14989,-3215.437120563548,10009.728535324048
cell_30322,2489.294481387388,-39550.421706923385
cell_112779,-3133.4663301948926,14016.741829893446
cell_113939,-2414.189370799614,12913.8767151077
cell_107091,-2853.8763448328577,11929.552746690379
cell_109103,-1434.925016810139,12487.713233832888
cell_113786,-3395.0866262281847,11749.44076421149
cell_15790,-1203.6252708794034,-36479.564623052145
cell_108348,-2970.1515628529082,11447.444064018797
cell_15666,4558.793994493176,3633.4334170104953
cell_110792,2608.7080465651584,-38886.93478991979
cell_106187,2288.3627629173143,-37355.76476101953
cell_104853,5084.950542930728,942.5408752741123
cell_30312,2614.8916630077606,12879.538888883912
cell_15907,-4743.594343529387,12302.290005278379
cell_107024,-2521.5167903463434,13298.9089224322
cell_112836,-3029.9164167437084,14778.01627187555
cell_15158,-3235.423389807372,12156.98865487657
cell_105358,-2817.39282338414,15378.709260830494
cell_110828,-3357.500478760708,13636.679525269194
cell_113754,4068.4166312324965,5079.94353686667
cell_28944,3038.6114244410724,7899.437141029351
cell_111683,2077.528008336237,8692.68810761784
cell_14698,-1294.0124268060667,-36289.630193869896
cell_104831,-2512.9968080301883,12798.980645688376
cell_28184,-161.88617427181072,14213.310240172377
cell_15484,-2578.8467828764087,-32964.39802038724
cell_105460,-3151.609439956272,12150.432906692751
cell_112321,703.5368773875584,8226.27733578838
cell_15831,-4298.423642096901,12614.070917425279
cell_29434,3308.659537171719,15003.521008290973
cell_114219,5784.973418270044,-773.3746109921535
cell_112140,965.7302745934339,-40468.63131209408
cell_28865,2871.022267278496,14402.955100601293
cell_14829,-3799.6430271290023,12368.220140169462
cell_109903,-429.7959226465145,10026.238606045248
cell_15901,-2314.2781462840417,-33850.92533223179
cell_29847,3563.165902400184,9627.703796078755
cell_15894,-3047.8716153239793,-32276.72233802599
cell_113062,-540.758765365048,8438.975281907768
cell_110791,1588.7118770618104,-41558.03827402955
cell_112113,-1691.1569414996404,12169.79947362581
cell_29976,4522.871545581477,7838.532000596573
cell_113112,1050.0598538520214,7336.4419916159395
cell_112657,-2625.1599408927827,15026.207299881906
cell_104358,677.618222150798,6813.502646158775
cell_114572,-2713.3382888597785,11666.066235421262
cell_30400,1639.228220547001,14830.757560178703
cell_113037,4753.393255251689,4325.128728097338
cell_114229,4426.724849389735,5299.12540254547
cell_105327,5263.042482242025,6355.717475133362
cell_111589,-1938.8436907724977,10509.65265797155
cell_14543,-1563.4160602264217,10954.785680430678
cell_14366,-4107.985986523923,9425.775453553653
cell_104724,1904.4362865249611,-38036.67888450623
cell_113192,-3064.6947329488275,14642.223133376066
cell_30014,1854.9641925088897,-39495.6460796399
cell_30012,1150.1267977183272,13906.827446985357
cell_16065,154.15677409779855,8156.754677062738
cell_14724,1154.0808950749438,4772.500447015921
cell_104805,-3508.4877983916626,12758.795394099892
cell_105003,-3036.1152423721787,14248.230467840147
cell_108326,1584.4377689803166,-36908.895816758166
cell_103504,7225.598110727385,-5733.323891781203
cell_109868,239.2913031332805,9062.142612682654
cell_103336,416.1330523411275,-36590.988175232
cell_15383,6208.058790361885,-2220.727806745301
cell_15442,-4302.17699960788,12918.616583538233
cell_28545,6350.725324409718,-3403.508426038362
cell_110849,1076.3955501637274,-40627.602419184965
cell_109783,4561.318319846571,4716.541883454339
cell_110447,2254.5570061503136,-40336.17509597918
cell_111550,840.9842381028562,8976.874688700249
cell_30107,2932.527193484861,14755.682383795272
cell_107498,2780.347152467953,7767.411373932249
cell_29392,6104.9623961290545,-4396.878179798502
cell_16164,-1923.997926520802,-39818.81610560675
cell_113479,-562.5246441027323,10719.059440222773
cell_30133,3852.532279802653,9166.343161780043
cell_107903,-3404.133533171411,15552.928846021874
cell_108517,-2479.0623816309444,14801.419251414165
cell_107675,-3326.1658096501837,15187.44227650861
cell_16310,-691.2899820992803,8422.885482309564
cell_28293,1749.3256732145205,14944.819423537785
cell_104024,-3242.3669411043024,-28192.62693644242
cell_107300,-714.2194187370272,11299.935576047612
cell_109109,-2282.1624859549756,-32729.578878233526
cell_108338,-790.1163292398734,10159.208159400645
cell_108607,7001.423894841921,-7614.424371827005
cell_109010,1914.8025617397602,7159.077794183283
cell_111906,995.0538113964482,-37230.72997308342
cell_104268,-1523.2788400337581,11257.778734277494
cell_107458,348.362678187742,8670.787567217318
cell_14310,-4214.982404526958,10312.521382699017
cell_16229,-4154.16657503925,13079.411832402424
cell_110424,3549.934147692503,3770.5319576941606
cell_110094,-3927.4426120337876,-27846.16596435371
cell_14925,5012.343867547897,4621.665251196804
cell_15916,-4676.77786928328,11047.061556275565
cell_106741,3477.667487547834,5965.889727728591
cell_16158,-4922.354932459919,12184.05367725406
cell_29129,2961.1821566812305,13159.626764632752
cell_14704,-1405.4017457273326,10986.532749532798
cell_110478,2732.9239118514197,7152.976918428381
cell_14031,-3384.0032110387174,-27687.161774198623
cell_113158,2591.7909900911072,-40692.784404510385
cell_112930,-3471.9741755990976,13403.663397569608
cell_27968,1703.1588427509691,13764.960286839083
cell_113965,2515.209488793881,4353.702808781395
cell_108189,-1057.0437386296203,12049.964000861914
cell_15563,-3873.721321460745,12497.138256360688
cell_15508,1731.1613541933807,-39622.783770937946
cell_14481,-4610.665718189323,11531.723070885662
cell_27922,3399.3734320742115,14898.018149577047
cell_28314,3494.4586122702312,10149.40078466706
cell_105692,4266.721306818447,4132.263548289432
cell_112044,5687.097678246415,-697.1985724074043
cell_107657,-3295.186676951087,-28224.24693168908
cell_30296,651.1864872921251,-37735.489681155974
cell_105090,282.55100124106536,9533.603183064026
cell_111342,-2734.1744671720894,11912.242780848881
cell_104663,4204.331360668625,5104.669774970553
cell_110773,752.4124335639862,9481.330708938587
cell_29583,799.963566815,-38059.855094984036
cell_113907,-3493.338623313969,13802.664085557206
cell_112259,619.6708236583734,10272.679630135972
cell_111663,5529.308554739369,1142.7874682969862
cell_109617,4179.187081509002,5238.162523443975
cell_111013,2031.1688845939773,-37179.97505875675
cell_30460,2893.83464952966,8914.515948078762
cell_15114,4488.9985209158185,3145.2420761474377
cell_27832,3246.1897615172843,12433.134520135387
cell_110263,6644.508426659103,-8527.896794436037
cell_112080,1239.0625388393623,-40409.853543915444
cell_16071,-688.8801048164332,7248.121033648133
cell_105037,-2018.6699285759385,-32238.432954410455
cell_103379,368.55864630805735,11026.912862989626
cell_110405,-2983.2495751155457,15606.331686212969
cell_112954,-1585.658172588132,12216.950081237348
cell_15135,-2745.921284905435,12070.883912731091
cell_29657,3744.6408431437303,11619.697911787884
cell_108007,-2475.6330261140397,13004.723523351622
cell_28660,1313.6021417936834,14189.366785954546
cell_29954,2410.5401618250153,14597.825884689806
cell_105059,-101.05533753674216,10127.019281816285
cell_105089,-4651.606973648615,13021.343028600357
cell_15546,3603.085978375536,6518.259555412656
cell_16312,6771.526163493931,-3573.6824944907717
cell_14317,-2990.511920974398,9061.731480978171
cell_106276,2471.212485874264,5401.431410713315
cell_16069,-4770.988503470987,11089.024679733655
cell_109442,4511.587754898626,5113.971055400527
cell_112705,3257.9839880602854,5642.121084366869
cell_111357,-3393.2509992738233,12034.195910749033
cell_106006,-1757.336599666778,12295.843093762398
cell_113639,4106.660384200232,4045.645241221172
cell_16288,1725.2416889545284,6706.342367131171
cell_105065,-511.2962173761991,9767.204121419189
cell_104950,-2789.619653513175,11943.647461208784
cell_110015,-2624.642797080869,13022.85797117598
cell_111596,2450.1450818148983,6997.29595169009
cell_15110,-1931.3216307907023,-40058.53220562591
cell_104784,-2893.2308411038325,15420.586654578186
cell_15798,-4174.618338824267,10423.952397274252
cell_15550,-4229.317052639077,12851.528517574368
cell_113123,3407.070171750401,5028.609404881444
cell_114451,-989.2445941648411,8461.925727256603
cell_114356,2319.726793327572,5375.560109998026
cell_28787,3432.069622226932,11563.102951570374
cell_107356,-3232.529766779605,12369.63117051482
cell_14519,-5772.231195572322,11835.669899429246
cell_112184,2610.1788733002163,-37028.54645045281
cell_109396,-1507.2108563512222,-34482.21575581983
cell_113473,-2257.3240806421113,11633.806757314704
cell_111239,5095.170057024232,4707.249348777476
cell_14556,425.9209403835923,-41000.41638958594
cell_29983,-3637.2898270131964,-28088.62004816881
cell_111306,-2671.399412046956,12144.57064999078
cell_108822,-2840.744644793698,12810.582589016394
cell_112939,-2947.7168300748704,15292.601029785294
cell_14782,2116.367104738884,-40867.90525322705
cell_106715,-3711.1559131156305,-30732.96167078774
cell_16153,-3635.0242583363943,12145.653577387373
cell_28119,982.1235760282318,13501.976935360713
cell_109894,2226.0790975540326,-39653.77971563096
cell_30561,3500.5197635830646,14575.772775034962
cell_108657,6114.389081114966,-1686.8465907082757
cell_103350,-3178.6003151568825,13061.803979657714
cell_108153,-3111.8257763522297,14409.821398586148
cell_14619,-3037.053195136555,10004.336516571826
cell_111577,-3227.7945642927525,12416.992415222527
cell_107980,-3035.4824205879972,15150.040113762341
cell_114568,4977.368966112724,6171.03358161268
cell_28002,-2238.526789118216,-26566.608576418086
cell_107334,-709.0263966605701,11791.873795461153
cell_15101,-2967.023674974894,13379.81442387151
cell_15662,-1803.8015968331965,12837.085006269657
cell_113224,-3050.2152881625025,-28930.812739504086
cell_107722,3135.295764312197,7422.027587272953
cell_16274,-3865.2996361385995,10308.554543548655
cell_104391,-2638.6157691581498,14381.887173281752
cell_113005,1109.238034037202,-37649.022703371484
cell_110541,-1969.5889949658413,13263.936328939337
cell_104046,-2667.9251855846774,14843.65357722173
cell_14636,-2411.718256142508,14816.132089380237
cell_114031,-4010.136387858989,-29482.007177900676
cell_114086,-4210.954265823588,11117.151235610172
cell_106220,-2651.306886424143,14772.682254473808
cell_114217,-3092.5409248817627,14947.54984974084
cell_29064,1263.2961183842967,13819.161695633984
cell_111570,-3941.186484413459,13801.847793129806
cell_109532,-2546.813390074992,11405.548355041523
cell_15725,530.401020884627,8675.416745121822
cell_107533,-359.92469157115056,9293.343094959586
cell_16193,931.8984905955285,6778.161593453039
cell_16240,-3494.9004188162403,10591.401079144704
cell_104837,6424.193119591601,-3238.1428555822163
cell_112703,-2364.9210764524632,11312.236880393359
cell_110419,1000.3390347702863,7958.4384194374625
cell_30131,3066.3961936136147,13021.119746457038
cell_111781,4632.682600727234,4989.529917341255
cell_104634,-4003.0193012893155,11632.891436362535
cell_103594,3292.218454216096,4835.138447960457
cell_113790,2123.673151891267,-39416.451059029365
cell_29296,3653.1579178473335,7430.244363668146
cell_112319,-2553.8625544153683,10565.342523634692
cell_29490,1777.2060024982168,15140.630735010518
cell_112989,928.2272454421274,8370.99727035051
cell_114330,1428.3994480651854,8089.470064828914
cell_107086,4393.08334369982,5719.808218921515
cell_28013,2411.9386669011733,-41864.235533196996
cell_112224,-1634.2391087488554,12258.090871729968
cell_105527,-529.3847953009099,9944.423545124304
cell_15410,-3566.041631175567,-29908.256419204765
cell_15711,-2270.975458283657,10158.009390830939
cell_110881,-1212.988194999774,11316.999295352633
cell_108352,-2803.845469411726,14440.934925736718
cell_15377,-3037.461501787628,11032.632945699217
cell_105045,-1461.3011388086993,11166.591535001702
cell_29801,2150.9674523064723,15118.561956537385
cell_15610,-133.09205181607368,7751.38809499212
cell_15664,-3226.3491060260026,-27645.191837353977
cell_106969,2271.122860275553,7381.69202462534
cell_105343,-3300.3620935031877,12274.241608406854
cell_113881,3643.4733002760718,2169.607493799311
cell_111477,-2536.493421152268,-30287.416995519452
cell_15972,-4901.893473363059,12887.046045589927
cell_113216,-1487.7957209075987,13291.259580558672
cell_103869,5210.26137329099,1070.5964251597466
cell_15444,-381.7562966585929,9229.751138481453
cell_29878,2270.6500619170547,-38215.782218300905
cell_108002,2305.706155931587,8444.642788462505
cell_103311,-2297.108680913708,13311.268957090519
cell_112828,-3355.1572584543273,11425.967080243217
cell_28937,4006.0777643950146,5290.39079692141
cell_29761,-423.9882843602387,-39738.34404732148
cell_15312,-143.94514283742765,-40024.873070710084
cell_114558,-4067.132867953657,9979.662031399921
cell_112260,2495.3759474618787,-36660.78006421376
cell_109636,1813.5963519393963,-42202.01826586304
cell_112749,-1513.2266460974508,11118.231960023055
cell_15080,-3408.091009042571,-28307.632817069767
cell_113808,2538.475231877024,-41322.261695244386
cell_106694,-1729.3444065131832,12463.429263356158
cell_105513,4664.264050087251,6007.9279306730505
cell_29065,2369.4162978963236,14354.431196095684
cell_14311,-2604.7784956118207,-33496.71066869355
cell_104780,-4363.845909925642,10948.924398282541
cell_107386,-3528.6687644987273,15743.436118999794
cell_109509,-3200.270664959193,-28479.049169084017
cell_113681,3977.9387004012906,5124.364771557895
cell_111729,-4101.967302011644,14643.31010226909
cell_112471,-424.54145148535855,-35780.34876247971
cell_105966,-2184.7428740454325,13024.999534715
cell_106758,-3158.7961211033116,15821.1251546406
cell_107268,-3452.3080818053813,13028.56659645452
cell_106885,-3708.9118159573054,15484.539015645838
cell_107460,-2130.5277518463604,11676.62650836401
cell_113936,4836.491430854909,3016.306280737463
cell_111673,-3163.2575731752277,12517.594611577822
cell_30568,-1027.6129550494454,13556.801427239796
cell_106298,-2320.865357513453,14002.472007124896
cell_107513,-351.9445735558175,10351.687712768242
cell_110923,-501.82724279031237,9820.892750909323
cell_15670,-381.3656657446801,9846.358050571935
cell_29367,7012.907512010327,-5390.799966514175
cell_106658,-2109.329062966552,11754.718015144927
cell_30487,2327.814689944366,13019.190999547656
cell_114536,-2617.9152951162305,13095.639660373765
cell_28981,3891.8711146003748,8436.085483967776
cell_103708,3752.7913332499993,812.3462038188143
cell_27823,3836.3989987449568,9087.798106234328
cell_113564,1713.516377018539,7038.264581777587
cell_104790,1357.7098900550845,-39258.87472187104
cell_30003,-1029.4870772530205,14267.26360901835
cell_30570,1906.7246985551812,14193.522998616072
cell_105259,-1159.6262518711455,-35676.31761441306
cell_109088,-2764.978814774901,11788.708287372441
cell_30498,-957.834385641473,15115.186209817348
cell_14883,-1288.456780877866,-40438.24927689619
cell_110025,2593.093103672201,7353.327893633273
cell_104091,1513.6114126699747,7533.346890865017
cell_14874,-2834.8922248662884,-32839.361824812135
cell_104011,-3920.4476520974786,15416.89660544801
cell_111431,870.5989664796103,-39992.430568398835
cell_107354,4807.574668056377,2872.374321087435
cell_109154,-3255.4350192719594,12761.01084257653
cell_30374,1341.3091251180758,14696.09849329757
cell_104526,2849.3560696629784,7921.6147470441165
cell_15509,4968.370992341695,4246.743868575181
cell_104380,1094.3323918308547,7024.521823807169
cell_107879,-2249.6408857536962,12991.796733884483
cell_29559,3512.588959147449,14706.800346255231
cell_14622,-4599.757417451996,12907.308896330705
cell_112543,2530.738621393377,4992.50754812814
cell_110430,-3882.1729592441825,-30170.973377796796
cell_27871,764.0221357093029,-36682.13250825523
cell_107950,1469.5505012568428,6546.391447754524
cell_15566,4720.819158114764,4003.397417677108
cell_108286,-2104.7074840728737,13057.437374480214
cell_30231,6683.806086923391,-8136.657028652332
cell_14180,5568.770300114162,-789.9847562009277
cell_105374,5144.015946038779,5965.900521274457
cell_14498,1987.9721309505526,-40887.4489232602
cell_28926,4152.419287177552,8317.257521880685
cell_30514,2643.4348119381966,14080.489472580643
cell_106961,5214.075088125081,1488.4956316668372
cell_28423,2250.9881449639283,13227.915644966492
cell_30323,3183.633846275586,12477.922872536263
cell_108687,1876.336764918,-41724.620532043016
cell_114275,560.4591202167068,8786.212817098161
cell_104417,290.65409264035566,8904.800978212892
cell_27743,2225.4151680547707,13839.274857904089
cell_109423,1891.99843501957,8394.514435551628
cell_111502,-1977.0759718707736,12394.433259159341
cell_28392,2976.9269317018257,11096.530884311998
cell_105787,1684.9988235312246,-37395.76825164189
cell_14540,-855.5315905391021,-37112.195223313465
cell_109563,-3720.9637316362246,11961.068716954955
cell_14991,-2126.4083732951694,7960.974282771433
cell_112709,2103.9974468835962,-40134.226946790426
cell_107658,2303.2540727622177,-40203.76293469079
cell_14097,-3942.0225832228907,12750.072012270226
cell_104492,-2892.9404526101544,12500.489013413164
cell_107189,-1660.5846005057367,12698.575673754285
cell_106518,7353.764931103183,-7121.26876106916
cell_27860,1454.5215758566935,14816.22794790178
cell_110402,1730.4985893734395,7975.077769660186
cell_104420,-882.1845625087068,10240.924378021631
cell_109349,-250.33720859565057,10190.410607869058
cell_110356,-2884.283431814187,12936.11569032885
cell_112871,689.1661992560673,9458.036924125341
cell_16291,-2022.58983949109,11442.753864093651
cell_104786,1264.4919732693604,9294.092074451872
cell_14216,-4835.248914567751,11901.836025458007
cell_29728,1075.7305262910202,-37095.34756857354
cell_106438,-2695.9634920418684,14004.227115085161
cell_113125,4928.055501140864,1056.8487818328754
cell_109564,2073.3184754619874,-39780.03003955009
cell_28633,1494.5975795914442,-38277.83727550348
cell_30364,2264.2362102915504,13738.960391697288
cell_108172,-3307.7368016789155,14094.381417905039
cell_107864,1958.3948041299664,-40071.85801857809
cell_106432,-3064.678444143512,12978.432475454354
cell_108546,-1022.758589328531,12066.39246000752
cell_105801,2023.4951456081924,7331.687162676548
cell_28309,975.3828449424967,14362.077655585916
cell_29030,3773.6937401580362,8596.231911143925
cell_113600,-3043.047522583536,15274.034394652863
cell_107253,3540.097757587025,3585.316476066866
cell_104424,221.90425143325714,8932.269024350697
cell_107630,-3433.476393261756,15198.037135717637
cell_103748,-4342.583208152225,-28326.764448390124
cell_105453,-3291.3116173218673,12217.493330055366
cell_29901,2436.395176217818,-38779.143004616555
cell_112116,4211.123292865435,4021.849960009697
cell_112581,-2262.040720791603,14614.734154655327
cell_111620,-3145.678705925314,13926.141670790774
cell_103854,-3686.616917717217,-28358.811541274903
cell_104128,-2807.8538593348894,14349.175843620813
cell_107792,571.552069850657,9934.815223817579
cell_111004,4485.8478315247,5457.236661689182
cell_110174,4565.585157984802,5391.635856936432
cell_108574,-2068.445264483324,14043.259251689651
cell_103335,3384.959888193179,2386.834830477207
cell_107572,1032.3478074432023,-39510.85054185483
cell_15071,-4178.97092363796,-28096.38916278742
cell_110605,-2208.522183366468,12611.007630001977
cell_111992,-2493.1972736941475,14487.127772194704
cell_16075,-4156.188417953319,12956.252586864332
cell_14350,-2855.1820082565478,-28690.767029398085
cell_14209,5954.466987852202,-1747.8019421318436
cell_104652,-2300.95147610371,11276.18599244385
cell_113474,-3336.8353344446728,10920.844803710304
cell_108062,-2807.9921529098515,13328.954229504267
cell_108595,4200.8111318679785,5974.89788577082
cell_14580,4627.992914451526,-450.5790814791117
cell_27714,3299.3450047214633,2723.311847917667
cell_113844,-671.2064517184342,-37150.75433300832
cell_107990,-3279.849586473581,12980.333273619532
cell_29654,4651.550083177615,8111.923299420476
cell_111235,-234.0194164701846,7700.638932200861
cell_114368,-1954.8690526230594,11225.029425902725
cell_109340,-3071.9785362747643,12694.078012520029
cell_114118,-390.178880207409,10609.885179495495
cell_108102,-3252.2055212733762,14115.179194195249
cell_111174,3374.145732812558,1936.3247058977274
cell_29216,1969.5666102654538,13112.651137019871
cell_106959,-3028.0893471359163,-29155.183810356615
cell_108609,-2364.005570935681,12166.855351584289
cell_27966,-3857.742841215725,-27737.868355645678
cell_105352,1050.1629674458245,6634.739177475596
cell_110925,-3005.681727266836,12488.885100254358
cell_16218,-2872.3299973346852,9225.69752637546
cell_109126,-657.1111663980262,10956.252885573
cell_103962,-1723.7856624194803,8062.655023865397
cell_108868,2252.5584492578364,-36579.37502039723
cell_108885,-3185.9298222454518,14655.342684734174
cell_14867,-4160.153963383752,10871.677479186701
cell_30348,1822.587692354435,14725.621455511568
cell_104535,-3052.3057602356157,13992.089175508621
cell_109803,618.3199031256737,9015.638308772508
cell_15489,-3710.375877666686,10890.476621024001
cell_110322,-3569.932862583457,-31137.50309415831
cell_28434,1694.2757834969223,10734.864863210056
cell_108904,-2945.211460722865,13903.671727593417
cell_113396,-2526.724698691661,11928.5005019637
cell_107878,-2966.8973509417347,14942.21550072423
cell_114096,1048.055289208982,8797.563237999182
cell_107471,4904.210931278104,-2478.9782465322432
cell_108680,1654.3160835270191,-36793.9765564045
cell_105188,5796.989746217446,-1941.6845077394519
cell_110396,-3223.249478063275,11766.797371273542
cell_105012,217.83888895682483,9883.43619404242
cell_29829,2364.6094770806667,-38429.23909882294
cell_28275,306.8364573911345,-36916.13611694125
cell_15262,1397.2340693750575,8136.134272294219
cell_105602,-3105.922936512785,-28245.379401312886
cell_103312,1372.7638088877559,-41300.24183584242
cell_103727,1945.220953031689,7800.003755335182
cell_29715,2947.866823097202,14900.029088506486
cell_110162,4646.324645417198,-2182.656782927222
cell_104258,262.9031114162068,9925.569636603519
cell_108597,5011.260628867966,2724.6797778982304
cell_28353,3103.3736472768137,12438.156558467634
cell_108705,4456.264807660853,2742.200367096652
cell_28157,2591.9121111917852,14561.825164298176
cell_107640,4643.433004799083,5597.781509102109
cell_107953,-3339.070101072077,11712.683764085712
cell_113195,-2725.4702633223437,14111.913752258342
cell_112317,-2495.800383781889,13046.893166526514
cell_103754,-3093.5882143566782,-32158.86259434879
cell_29667,4887.615521853422,7079.338450717586
cell_111055,-2994.3366025629803,12309.50097703011
cell_16329,6920.810354884801,-4951.201179582174
cell_106448,2015.366589289894,7159.345443271643
cell_111046,-980.2059496907682,11445.146942599462
cell_114472,-2810.25086695584,13382.072318450286
cell_14532,-3920.5819263979156,-29600.56680183972
cell_110888,4993.590496759383,6221.097321223682
cell_105698,6957.157368232869,-6458.19803296291
cell_104245,-3829.388793709155,13672.113393117974
cell_14657,-2504.5544002094653,-34894.592066205405
cell_111737,4457.791620365326,3180.254049335933
cell_107799,-303.1901561869066,9839.619171182985
cell_112340,-4988.622267097539,14063.15586127837
cell_106489,2467.9930544427866,-41455.519655662916
cell_103559,1167.623293885084,7513.09532012136
cell_15208,-3778.1425167588172,12068.72516715585
cell_111735,3995.4256009347464,5844.554943270749
cell_109718,-3028.571626491639,15717.407719562476
cell_111863,4870.521245605671,1942.743291029374
cell_108936,-1526.9519867336319,11681.265059561212
cell_15968,4473.960478634319,4010.746946693438
cell_108674,-1993.4058998119515,12848.939341502053
cell_108379,6911.459328037587,-7562.466886947681
cell_29381,2704.542482375323,14527.630620831429
cell_104287,319.1170415544208,8940.7851292326
cell_112021,3703.3249361317307,5682.2805534872305
cell_112971,2213.0474745184174,5304.1869804265425
cell_29195,2660.0108512251377,13832.81235396879
cell_113088,3237.3523005857546,7095.47869276491
cell_14870,-4103.361632535363,11221.300868956827
cell_28060,2230.625700298922,14700.005813855925
cell_111025,-2667.4409701960576,15049.049529347438
cell_112598,-1983.192214650308,12982.741378290113
cell_111846,-3028.4239867767737,13304.737863897763
cell_107081,-2749.949014466991,-32739.444266913117
cell_114288,-2556.337657993003,11477.781935795443
cell_106568,5197.204304097744,-385.1386901203262
cell_109513,5356.678863261366,-1227.4224828438103
cell_16176,2847.246943813814,3708.7441838679983
cell_15891,-2979.808887509959,-30324.69769257617
cell_111682,-2471.0015682328167,14373.532293030865
cell_108311,2234.9705527363794,7556.742343907379
cell_105067,-1503.5800386959322,11526.359988555245
cell_111411,-4349.509429531781,-28445.354810705605
cell_29063,2169.998788050744,13973.594213958278
cell_112478,-2846.2755444823615,15573.22199307823
cell_106019,2461.784042403711,6509.742610770803
cell_108214,5887.085631404976,-1219.302793966442
cell_28767,1139.1382198895797,13686.795397184622
cell_105754,-4516.710487451821,12272.367111714857
cell_14306,-3348.2607476714707,-27826.052918077807
cell_114311,-995.975234899593,-35140.77401607201
cell_107642,2210.6990161401673,5658.91139317832
cell_108993,381.49752780577074,7588.273494104515
cell_30111,2840.119246599285,14902.528869056483
cell_108934,-2364.4066942750237,12426.881332425673
cell_106214,295.44867701128413,-35835.90065485061
cell_28161,2167.9585661572487,14786.36491299316
cell_105965,-4068.167443965763,12043.913409122004
cell_30613,5298.381848397644,-4772.316301648894
cell_109873,-2366.2334456035037,13160.142451697227
cell_110255,-2363.223619392319,13531.600218963757
cell_103582,-1413.513107009784,-34448.87960425957
cell_14322,-3674.006265493442,12603.434213586495
cell_103679,-546.2083452463983,10301.211767057051
cell_104226,-3272.347611774313,13759.810986859893
cell_105450,-3455.8709802864814,15530.740553470387
cell_15375,-2220.4753215210308,-34892.06507822869
cell_113953,1056.7662979339814,-36294.33576730555
cell_112608,-3049.8813738763183,-28188.188544359466
cell_107753,6710.557129041993,-4917.412967278883
cell_109483,1736.932601752028,6538.778372169552
cell_108429,6038.060113404053,-2991.2993584725405
cell_29323,-181.67595732973868,12437.385462181122
cell_112858,-1718.968991630364,12079.298972838971
cell_105353,-2688.690367102805,13249.10667212014
cell_112084,-1000.2207783694895,12135.639462843032
cell_114267,-1862.2959839298637,13375.404873679341
cell_29100,4396.396479539274,5487.145073737674
cell_30183,3716.7195863164466,8586.843284817824
cell_15164,4568.518159368349,3576.431599186254
cell_110531,6744.889536420437,-5557.673936992824
cell_113813,3663.0549461682854,6337.440337805003
cell_29877,3518.2904595681134,15104.759147168439
cell_14732,-3738.9591732318922,12046.223541705866
cell_14093,4453.96243025209,4553.722381884872
cell_16174,-4814.071726599379,12731.713788956831
cell_30375,6682.213886811152,-8597.006309741517
cell_110184,-609.5193633966743,9807.189625449737
cell_104758,5805.281527897197,-870.2216856710513
cell_105828,-1199.8029105612773,-34603.248717702154
cell_105688,-3761.768660653832,12627.772830666669
cell_112348,-3580.142393439114,10905.151789444202
cell_27938,2402.288468977123,14265.971880090861
cell_113971,-291.4722637892738,-35599.19139571246
cell_110506,-167.99016758390826,-38773.88649374053
cell_108269,-1108.7179619937808,13989.77137708953
cell_105295,-2215.7364404779305,15533.20493022615
cell_106791,1255.0828104821412,-38038.068454921275
cell_107153,-1746.1474795572972,11367.070895822513
cell_103489,1030.853107970704,7490.700168870534
cell_106129,2211.0809281879037,5085.07325846737
cell_114576,-2729.594654505676,13782.770624250632
cell_106788,1665.3590817998675,7484.3687504055315
cell_104331,-3286.84278957987,14862.323951463499
cell_109871,3844.8777401166976,537.5074448684205
cell_104021,-3637.7705329700475,12340.281112419407
cell_104416,-3324.3958917669283,11966.00524677905
cell_15223,-2542.737654395128,-34001.12968975835
cell_14061,-4300.68540824889,-28691.205466161417
cell_106282,3638.104663468922,815.6280565851614
cell_110068,-2249.1231874434598,14160.016791681115
cell_108871,2409.5251805137686,-37349.81347363394
cell_14406,1246.6442178672055,6338.957391201384
cell_114133,3707.51054976589,6004.778180947822
cell_29013,3149.672664187748,8319.309785704034
cell_111787,-2427.695405256559,11263.854726130825
cell_112711,6873.0208974257075,-7632.242437863698
cell_109627,-3003.0968458304033,15432.576260447831
cell_105036,562.220912932232,8432.419800283129
cell_27790,3252.7066562089735,10977.074835841533
cell_109759,-1763.321645897015,12094.140079121225
cell_105232,-2432.63626791789,13245.00060813314
cell_106173,1990.2364326850482,-38916.541933670705
cell_104960,-418.66321861992526,9379.822770197363
cell_15082,-1433.2633605672268,10237.711356401087
cell_29507,2795.321451276606,10357.482126641144
cell_104081,-338.0414928040623,11066.1897772905
cell_28008,2117.5169838086304,12244.997470380129
cell_30478,4126.516743819635,10025.601817081546
cell_111346,-3388.7778551121205,13253.060909455255
cell_103821,-4324.799751678199,-28358.25311608829
cell_15361,82.57718223509154,6474.881432129796
cell_111661,-1165.9032330468106,-34614.18655221812
cell_105574,-406.5263515529761,9332.699605677384
cell_112349,-2852.2378247587467,10294.963615698594
cell_105349,1316.0660408369715,-40469.6583295796
cell_103663,-1698.122020006131,-36306.90758276115
cell_15517,-792.5524896395722,6981.888366047777
cell_103803,-3268.3986115884113,-31826.148311328794
cell_113092,3222.3438567649796,5357.458195496283
cell_114145,-2152.204273542816,12650.080569265401
cell_112181,-1716.9410552214156,13761.055011896367
cell_111560,1955.3710013508999,4658.827999539735
cell_112206,2863.2156352834404,4407.82409685586
cell_105371,-2364.503161197359,13114.976699832638
cell_103786,-3182.5907892962655,14446.232282625004
cell_106730,-3277.154106206959,12398.070424015294
cell_111197,-2859.9929247069404,13159.727145760553
cell_103544,-3634.793338581292,11408.856156511887
cell_103733,-2679.759540978636,13873.567873376529
cell_15988,-2012.4707807326686,11249.133405527096
cell_15130,-2135.607471987543,10409.656360664887
cell_105951,-3340.0479834727,15237.653956405116
cell_28053,2586.3078546714205,15392.982046989488
cell_112826,-3017.3425835485637,15368.328398695732
cell_29060,1445.5372995660257,13680.87525877306
cell_15162,-4078.98573450332,-27994.45876349204
cell_112998,6230.537949715026,-2501.4340993126903
cell_108396,-3219.3381437039507,12566.592367064228
cell_104419,5674.553222821762,-3043.439101379297
cell_109772,-3079.7807514119067,13270.880513851369
cell_16097,3075.898890120665,5189.999976673724
cell_107239,3581.5750897955168,6404.887076624836
cell_28998,2479.0332821630177,13858.08101299238
cell_114168,1638.6398108607932,-36426.72816628733
cell_108051,-2537.949803937142,-30841.95701816964
cell_14191,-2707.7313389730252,13366.384299387717
cell_107006,-2079.0695231657105,8599.81842730291
cell_111360,1952.555992164772,7221.492925644978
cell_106875,-3191.632387031843,12015.95158344506
cell_14544,-4544.8808531109735,11432.17680626286
cell_103862,-2880.9703869061855,13967.105569292107
cell_113198,2109.832409435281,7298.350118147938
cell_16000,-3428.9260612821686,9093.46636246022
cell_112050,1682.7832683178706,-40018.13083203301
cell_112031,6767.103775183078,-4641.1340150439255
cell_113016,-4338.944609379392,9774.279240369928
cell_16142,1151.1634205287914,6458.437819168836
cell_109034,-2245.374191957145,14776.222054214813
cell_104993,-1359.0256718333396,10909.348905461979
cell_108894,-3081.2321100486033,13933.00732707113
cell_107964,-2640.706628734985,11818.458659638327
cell_104745,1722.1904039368749,7110.7314982054595
cell_29134,-1344.9534185652078,13731.546864927184
cell_105250,-3020.9363872689446,14429.328316278494
cell_107632,721.1026766445893,9547.353799111008
cell_108250,-2548.1814016335607,13251.917637874847
cell_104047,4284.511529112047,3279.3385994375035
cell_113856,-2995.369543728355,11562.884674499688
cell_30288,3035.15831801583,15356.469941148907
cell_111307,-2859.9258916001727,15424.929050790019
cell_103640,-1640.5461913795368,11344.889134913536
cell_105463,4955.314909195346,6409.705151452022
cell_106915,25.344234158707938,9608.281897941379
cell_111796,3223.129423142536,5751.730894605788
cell_14252,1375.3431795155705,6223.127356451689
cell_110562,-2187.187519086279,-33660.162381836526
cell_110470,7025.218446229658,-4960.246875047192
cell_112267,2730.4528614173014,6364.149388223532
cell_105666,-3127.778630288843,15062.430365260721
cell_112281,-2762.0774712445696,14712.170444970821
cell_112616,6468.494136570212,-3071.048580647889
cell_29313,2714.8953816592175,12376.146625537927
cell_14725,-3671.471475101696,12184.03639441709
cell_14517,-3729.1661542095803,11034.068010644525
cell_109570,1429.9181481241815,-37290.06041298661
cell_14884,-4076.1898997899607,11251.299043158664
cell_27797,-358.2256545717678,-39760.64103699227
cell_107548,-1695.7869852578697,13485.311113558811
cell_14372,-3768.9196437923692,11923.139515879435
cell_103847,-1838.0706135081796,11580.679063460839
cell_109702,-1806.2294193117923,12270.582147443922
cell_104040,795.6695428194167,8084.674946852997
cell_29659,975.4675417831052,-37474.23931025295
cell_104897,-2001.9390324712294,11836.791475490345
cell_109708,-2334.396285348077,12946.090435014068
cell_111508,-4095.1158819470274,14738.972507275666
cell_109810,1239.956408220441,7169.600948510483
cell_29807,2974.378640420111,12667.285729611305
cell_15050,-1534.9700869215624,8173.190936683583
cell_30087,2668.1630986797218,12985.88455062272
cell_106904,3440.0007677694525,5739.9544645640335
cell_114059,-3048.2628004985736,15439.971214913221
cell_14567,-801.8830427826074,10312.261355674795
cell_30132,2744.5445730381853,13829.123059298447
cell_29176,5125.785647942996,1989.6509061742277
cell_106618,1508.1316742354054,7116.955322346049
cell_107219,1896.3774153961758,8238.762825810556
cell_15499,2520.9774045340487,4947.127701555779
cell_111779,-3061.4871879272728,15188.247606112625
cell_103685,4078.8829299088165,666.3789918106074
cell_104685,1074.9519293150688,9660.139075918318
cell_112313,-765.8030529538898,10822.249579952671
cell_105483,-4265.664398679565,12697.058116327666
cell_29274,-634.0784384668517,14924.343643842345
cell_111248,-91.48233152460278,8504.711960188422
cell_110586,4436.097940696607,3129.194819619294
cell_28110,2104.277714744695,-37851.424407892744
cell_103497,-2452.103046892665,12941.721400232871
cell_29116,3392.3272825472577,11849.405220088585
cell_106593,4017.717255410168,2960.0064132517887
cell_104556,1430.774485085927,8349.91916747712
cell_113605,650.580203289075,8066.132182589968
cell_14065,-4371.378247042597,12261.683830264079
cell_104231,-2057.810117607092,12794.461222707763
cell_27817,3875.574843105296,6899.307722088073
cell_109267,-2431.509904728249,15048.015880835079
cell_108448,3437.839063780937,1573.4921315191252
cell_108514,-1315.6460815283701,-34188.35996086292
cell_113369,-825.0207211861722,-35023.88537146773
cell_28999,2789.000561394688,12577.506629375306
cell_29744,4588.284853850207,6488.7203767001
cell_29314,4200.858186899354,6329.347883181526
cell_108060,4471.326100113246,-1993.2657936930839
cell_14451,-5102.460186191536,10781.8396553011
cell_105459,-2868.1027795840123,-32679.88336907724
cell_103612,-207.8439414200302,9887.452090319923
cell_27735,686.3490933202839,13446.57001740877
cell_106724,-2853.7800136309634,13547.32571684724
cell_112151,-1699.635895241733,9885.79308272781
cell_28471,1070.270910312185,14347.34816207863
cell_106125,6880.764388648594,-8260.127604737454
cell_111746,-2434.0718759923716,14465.033464236325
cell_15236,1764.7300295367907,6858.769366356743
cell_29881,3243.8791610995854,8761.13481791381
cell_103654,6106.244350331091,-1775.4697049759552
cell_14058,80.08677095104896,10835.612854620349
cell_28791,3005.676972924144,7665.826885904708
cell_111945,2140.886037013185,-40752.601939109074
cell_105454,6088.732219270845,-2914.839690365074
cell_108185,3924.3978270499674,6184.141669398111
cell_105214,-2988.93717314632,-27859.986952275867
cell_107933,3661.7114670033166,3597.1505517908477
cell_15562,-3094.751600462907,12326.623401022765
cell_110047,-2384.3328914745875,11739.35409378175
cell_104219,-705.7171244564705,11139.58626356709
cell_105216,-2959.253126545271,15445.276452045628
cell_14461,-2702.2229912581647,-26527.872842371795
cell_30081,-594.9500798324823,14828.866252088379
cell_29871,4083.2772235821303,11108.931622639637
cell_28667,1768.98099765666,-42286.569581794094
cell_107978,4870.02111467305,-2494.1646866631986
cell_112647,-1751.2667034506615,13000.307230619768
cell_109674,-2991.520406962306,13099.546469337716
cell_106385,-2195.463778740707,12473.592736334595
cell_14595,1895.082201378892,-40210.76674489027
cell_103755,6735.58542744276,-8488.96227078878
cell_105254,-1374.2684859276399,-39827.08877512316
cell_112569,-926.6055796959824,10017.127759159499
cell_110122,4618.326636889152,5772.647796515428
cell_114262,1652.2441890205523,6862.151799406109
cell_111009,2483.8033956613353,7359.114876520281
cell_28039,3250.7473633140366,14578.422202399852
cell_29897,111.22474977160348,14322.372401710467
cell_105004,-2120.7832956471966,11898.088131653849
cell_108064,7058.42282573144,-7775.511834263405
cell_14418,-904.8617697794909,8243.169698163694
cell_14404,5756.515065267365,-3022.0082233131147
cell_16241,1331.6566670924094,-40576.79360265378
cell_28690,3117.9521258645773,12744.522345484284
cell_105808,1615.0720719481867,8409.5905470331
cell_14140,-3175.398851701796,9655.813758873739
cell_111104,-3120.297276883676,14870.63844163012
cell_112773,2196.553246862722,-40262.385400994186
cell_110326,821.7575861080079,8286.601480250081
cell_28977,3512.57064926348,12303.100310878315
cell_111266,1946.3877398105892,6003.241054433559
cell_107689,453.6576074962734,8701.506008734139
cell_29655,2614.82683881387,14296.958314093396
cell_111049,-970.5186268704058,-36831.70060146603
cell_110681,2710.55340535963,6685.144859772761
cell_109331,-2858.674116051675,13869.523982124798
cell_28697,1766.112403629742,14296.5666692928
cell_112351,2078.3428672088153,7243.1650572933995
cell_14729,-4671.644609566907,10963.998442367736
cell_29170,3732.400821416187,11380.333939499998
cell_112957,-922.4887475326533,12161.441220723644
cell_30347,3357.587797346409,9814.946890496858
cell_105802,5560.190878841752,-4284.967630564302
cell_104150,-1213.9017918882564,10864.428915903996
cell_105556,2573.15527658434,6693.374449712269
cell_28793,-330.296846546643,14289.520134758586
cell_113889,-3888.4444914111136,14357.615151326794
cell_105200,-3336.240775282577,12328.749715139558
cell_114553,-2547.699751401153,15283.841877205858
cell_29750,1861.1924972840395,14096.296061861178
cell_15134,-3803.515704045334,-29927.95704525628
cell_109017,2292.1949808384256,7028.518235859933
cell_29111,2308.270821607539,14327.020631009404
cell_108011,5499.031486221689,5144.604373105411
cell_112801,2578.404659904276,6187.377586915338
cell_113406,2471.7956001227917,6919.210050791601
cell_14239,-4260.990679326486,12912.246193828312
cell_29521,1646.8908661195371,12226.858000024518
cell_107161,2942.175953913417,7820.73061400735
cell_29321,2611.396890210687,15039.999017874878
cell_108984,6015.459129210348,-2602.3634557738906
cell_14871,-1059.5843410898365,-35698.3075813295
cell_103558,-3317.905186161424,11987.36079249716
cell_104841,-3114.496699116891,14179.259686407955
cell_15242,-4004.317466311617,-28049.918291989718
cell_107152,-3244.7095443095636,13910.329043209867
cell_109184,-2622.358566238993,15567.645388931267
cell_107476,-3235.8937580986176,13659.643896842414
cell_103811,-3011.480637498689,13444.96943120795
cell_78133,2401.988302361377,6055.400692713287
cell_83740,-3415.727032647672,11240.461987594652
cell_84905,-5799.481319972423,11791.696178728569
cell_62222,2135.6988076897096,13405.268278256262
cell_81266,-4871.102088697791,9968.660093648356
cell_78605,-2612.205790739102,10875.550477634313
cell_91002,5057.222671828394,5487.948584025029
cell_85371,5872.273174628611,-1750.204645086175
cell_84006,-1608.7571611891349,9899.688519388317
cell_82446,5326.23587431912,-4758.717409348136
cell_86558,814.216992490726,6849.532961849091
cell_78549,-4842.503103051588,11865.028448555273
cell_78212,-5136.694078554656,12018.472962400163
cell_81758,-4064.670595183918,11054.824436475099
cell_81284,3080.2400972392966,5372.985507085845
cell_62601,3534.682666129367,13042.37728544247
cell_62367,4080.665435175656,11883.56348496264
cell_86861,-1032.1543208651199,7413.474617873887
cell_88405,786.0905833349235,6816.842183423551
cell_80467,-5427.935200456141,11671.125185486555
cell_83837,-4274.4900015108415,10725.024866366004
cell_63012,4470.182934048129,11531.339350775716
cell_82587,5328.894321455099,-4798.932973609838
cell_81428,-1170.9372673792654,-39492.026096183596
cell_82147,-5948.379950703391,12966.876881539496
cell_85099,775.9796746254735,-42289.5487569608
cell_89860,-5529.054837076121,12529.178164719591
cell_62280,4044.6956894596556,12561.419361518268
cell_77659,-1875.9412625844361,-38988.551101724275
cell_80602,425.2089491861042,6923.513831680421
cell_83994,-1125.6466475235688,-39263.51468888085
cell_79609,7103.922428592015,-7820.564411488302
cell_82255,4089.4403916738906,6302.9352177972405
cell_85951,-4005.48242328566,-29199.15661513663
cell_80120,-4602.842244486619,12645.5261163298
cell_79306,-2362.6203425120566,8086.112323395321
cell_87150,-1700.8790097453705,-40809.94959899687
cell_79206,-1280.6150177888399,9640.072914046488
cell_78979,-2705.25857777515,11895.97299236548
cell_79252,-585.2875972483487,-39730.63319794002
cell_80297,1280.3042465098797,-39187.839940870894
cell_77733,1927.402266152233,7981.65227148094
cell_87822,-2529.2250026255115,8190.447491471902
cell_85075,6822.826506023722,-9101.666795112162
cell_79662,-1729.822226963067,-34959.77850588482
cell_80405,-4393.964506415523,11704.645834012723
cell_80607,1123.405403566657,-40195.69906379462
cell_78701,-2880.106328223376,-28114.151871327605
cell_79445,928.6663228867322,-40166.3876097937
cell_79612,4977.6066574462275,-790.470054501002
cell_87770,-707.0843992667487,13773.847359168429
cell_80455,1700.4640863217692,-39761.50176336351
cell_86110,5974.9116995398535,-1772.1191481584412
cell_83074,-4148.7400141846965,9437.804790481043
cell_82096,1395.0744156747357,5410.862751033082
cell_83387,1066.6751373880338,7655.712137581968
cell_62285,5288.8224988350075,4209.1118089776555
cell_89458,-481.5544037761198,6933.378837271119
cell_85272,346.90052668612174,6453.527320237042
cell_61859,3522.049210648153,14027.173692588216
cell_85256,3794.0145242499016,1030.4673541361565
cell_84297,-5619.383479684125,10771.700041733786
cell_82990,-33.7771551633249,6900.205236603459
cell_85743,-4356.972705085581,10341.12898300843
cell_88344,-5263.351643593208,9623.915477815204
cell_80806,6897.541558687687,-6819.934735297909
cell_82476,-5369.4765670524075,10419.253723114776
cell_87680,-3713.8303956407894,-27952.402821888594
cell_88010,-6197.102844721836,11471.323920558023
cell_86743,-5340.9204679680215,13015.599437586994
cell_80753,-4220.69926159696,11636.129188114634
cell_62174,1233.2833122403429,14017.970068110595
cell_62206,3420.5555533517513,13060.413503791642
cell_80461,-2329.7944436783305,7943.894095851977
cell_79133,-4088.484263622431,-29033.2246223448
cell_84925,-4651.62118039571,10740.587139558753
cell_90045,-4830.659870668099,12425.953335438031
cell_79161,-2721.7594015358995,9432.07732257516
cell_83699,-5837.753249460775,10926.865654232566
cell_62287,5073.57952452552,6703.33429479543
cell_85534,2175.959403576165,5271.498737228978
cell_85649,6902.2717326069305,-9020.85859719534
cell_61971,3785.6334852150826,12711.227606362774
cell_85133,-4013.1365996993545,-29071.858731607044
cell_88976,-364.8357172871057,-39993.584548376915
cell_89063,4254.400870092306,3926.304571384746
cell_90261,3112.255705843792,4746.953414122447
cell_90398,-5996.763961229177,12592.137703974866
cell_87386,2166.8124626450144,5312.857020145529
cell_85397,4021.835470144961,-23.4350889761638
cell_81952,-5849.194015332457,13039.47081277532
cell_78562,116.08887981876013,6484.9614050345135
cell_83656,-5152.64274230019,12561.945244827439
cell_90480,2280.773762732559,5101.38603096784
cell_85551,-4922.3069973030615,12992.782489342522
cell_86755,6223.283086552769,-9397.233643481191
cell_82314,-5663.94833613452,11256.097403817026
cell_87266,-2145.6678592469916,8067.240008137032
cell_80324,-2431.9360085560897,12666.145306940381
cell_78776,-4745.624081939646,13008.25855917729
cell_81448,7105.238154279691,-6250.576880164534
cell_77952,-2161.990912688297,10769.17704314362
cell_63124,-755.4743593216116,-39528.89828257645
cell_62628,2892.322381392895,14980.444813913016
cell_88620,-2976.672543330713,9928.488543352823
cell_79927,-3350.721185878309,-27653.07116296556
cell_87977,-613.7079235253319,-37450.46011623451
cell_80788,4471.923277516815,-1550.498076621865
cell_89909,-466.9459476693314,-23973.47896826463
cell_81973,-4857.1178284022835,10881.099315314004
cell_82983,5038.337713796987,5960.144063503434
cell_85147,-4829.7157117951165,11077.062740690852
cell_82179,-5342.942212061761,11967.759550879528
cell_77655,-5944.964977435046,11022.236733359217
cell_88083,7152.604104119356,-6941.434166903653
cell_87411,3523.5160523237,1713.8813413755722
cell_80199,-5439.683809387559,12223.862255252156
cell_82974,3639.178961390973,3402.4339697342257
cell_85795,-5246.450059704098,10842.371597191524
cell_81562,-2481.105209603295,10810.148965234355
cell_89071,1722.6703414409321,5279.0808592231715
cell_86792,-5005.398073857821,10277.398168672968
cell_83486,687.907329608835,-40505.17703397232
cell_80656,-1935.7985790164728,8117.609928192265
cell_62431,2611.310653448897,15335.865792303526
cell_85445,-5388.605894906742,9795.36417030393
cell_83572,-4032.308495000445,10381.922356510837
cell_86314,-2375.2938071294357,8290.712037480227
cell_84529,-2045.7868718972552,8402.475915221186
cell_79020,-5475.098401632532,10350.75566314525
cell_83891,-420.80122676244895,8161.507607202265
cell_78214,2620.320800664996,5410.291785851269
cell_88628,7144.588162784198,-7333.385923332435
cell_81720,-1515.6688110574669,-40907.58672070308
cell_84802,-660.4208521391303,7826.577041528244
cell_90761,-3944.959076528888,11500.233056976484
cell_63154,2729.861974087764,15139.081495208886
cell_87830,865.6839528151004,5035.2711820637915
cell_89904,-2141.612498998927,9444.88534760473
cell_89486,3439.4459737167235,4639.762161303718
cell_78801,-5182.019344718413,12463.147140112726
cell_80246,-3852.66636893662,12065.095215661726
cell_81832,4433.715676061858,3931.3974865920695
cell_90619,-1653.3551831343611,-35589.49791460997
cell_88080,-5788.600403778483,10505.843498356757
cell_82634,-2207.9166303205325,9780.071012753144
cell_79622,-91.27029841440722,7483.642489075323
cell_80242,-586.0676981652659,8405.61923372343
cell_88535,-942.4325952589493,-38008.66331870272
cell_86772,3315.90015007789,1279.2076747265094
cell_89900,2234.0215271506263,5123.815142711251
cell_87361,-1704.3511173627041,-33591.66269003847
cell_79366,5216.599420057305,-217.16640818191684
cell_85766,-5452.4851748833335,10326.065480832649
cell_87616,-3704.0669222528104,10427.622099679267
cell_80179,5443.60416747469,-4866.194998163641
cell_88088,-5568.015290702002,10075.098639708085
cell_87637,-1830.9657056869555,9693.677904705015
cell_83574,4528.962395197531,4734.785024287387
cell_85737,-4233.263829614078,10537.200170932638
cell_82912,2183.2539358361983,-42790.82395557599
cell_86912,-5784.842103796898,10441.435379610011
cell_86924,71.80852553929643,-40045.815421469946
cell_83707,-4632.034853787441,12842.202484846473
cell_77276,-1079.7884523443163,-39666.21325228515
cell_84384,-230.45745572251664,7343.113135155118
cell_85316,-449.9304754962246,-38685.70894920115
cell_81234,7149.458798751376,-5477.239015783104
cell_81184,-991.8002632102077,-41363.79338038957
cell_89973,642.999384901329,7554.511629939883
cell_62655,-1690.3280002344004,-39127.29544031536
cell_87604,-5315.174487762233,10171.527093937857
cell_77251,-4165.0568115364695,10472.211171912784
cell_80076,-3901.060835491041,12646.632559593647
cell_79183,1077.5056514901992,6010.2110484143695
cell_82241,-5313.733042284173,11985.458650027967
cell_79949,-2977.05849932592,10142.390050928214
cell_88587,-3043.025222182126,-31500.11985667024
cell_90690,-4964.907511386063,10076.01221700929
cell_88277,-5501.332684538811,10104.305234311843
cell_87312,5439.82720707045,-5330.125758918047
cell_89365,7131.988737195189,-6500.862690622165
cell_63123,2671.2534998219176,13974.265578298997
cell_90621,-5201.3470453914515,10110.785778952131
cell_78587,-3013.9881254104816,10932.011989941202
cell_89446,-228.87329852061302,-37676.59792657594
cell_82986,1844.0051993481702,5596.45392261061
cell_81384,-4560.419023849204,11043.017237214315
cell_85780,-1036.0489583684907,9553.214972280715
cell_77378,-2693.1083462906963,9815.23290219258
cell_77944,1348.6376118764656,4922.3893018762155
cell_79382,-5705.438658346582,13116.6166443998
cell_82682,-4148.870897144857,9515.280609841315
cell_83076,-5783.181756426733,13010.29046409879
cell_80319,-4200.565141453444,12105.504894621421
cell_89548,-4761.907846663613,9278.698895179357
cell_85293,763.7647429890451,7391.518182076185
cell_87194,-5973.980482157803,12973.566512783518
cell_81541,-4059.6991230925278,12893.8243253846
cell_87221,-5756.194398593907,12179.522929801054
cell_84963,3523.7397720700574,1064.6612757859423
cell_83746,4123.135843657596,6002.1074601522405
cell_85202,-5335.877206625412,11378.123498073717
cell_87086,1395.743807401835,6017.776041541224
cell_79349,-2963.6421749655524,10744.619725877845
cell_85727,5509.20985220834,-3366.021428365734
cell_83863,4792.647099128523,5500.17637220526
cell_84296,5525.2097882922435,-5774.82547851414
cell_81098,3254.810126190853,5242.035908563949
cell_85257,-2768.25352290642,9344.678313243687
cell_62464,3286.2135752415047,15324.328072543576
cell_90640,-1560.892602220187,-40887.8595972684
cell_61799,3229.0173889987295,15264.97090548595
cell_89507,-2579.726701613781,9150.34703741706
cell_83577,-3582.5138732048567,10747.261418804686
cell_89276,-1147.1009149402018,-38549.38193950745
cell_77426,-5635.191160714728,12888.86796355422
cell_84656,1393.477679630308,-42409.09248211491
cell_83594,244.06362205480437,7650.861130838439
cell_88430,1779.4722951282174,7323.776971480209
cell_83873,-509.36965215394554,8045.961213905928
cell_89137,-3290.505305751039,12086.838969924978
cell_84658,6480.666273420596,-9391.143328862068
cell_87107,-4917.0726067161395,11447.984365289723
cell_79746,-4493.959490315259,9597.81747670527
cell_81210,-5309.0716636260895,9772.128794998642
cell_84208,6862.330937776504,-5169.484777591164
cell_82087,1490.0060435508428,5630.296744841166
cell_82104,-4263.420674671004,-28799.112122931027
cell_78350,-2638.378881923024,10312.071138161666
cell_82413,-2998.2273518183724,-32300.527129306898
cell_88110,278.583002189077,-41929.81208840318
cell_91029,3787.6176684712,4701.118792016728
cell_87787,-5728.322583159956,10194.357399251874
cell_87184,101.98384123288439,6352.517576093125
cell_78992,-4298.4267936951555,10489.072149128791
cell_83593,-412.8634086032918,-38617.662872926165
cell_89803,-168.89115920572678,-40257.17597316776
cell_87987,3152.8396275693867,5806.782344809006
cell_87870,2386.1151745816355,5034.683090040538
cell_82431,-5504.581943889236,11784.831060654345
cell_87064,-1083.09887974676,-39378.38293115501
cell_81679,-3434.7979304571554,12253.616824520119
cell_77568,-5818.852199776551,9861.161736687522
cell_86909,-2800.133359558896,12872.813885282965
cell_80951,6754.450346908043,-6832.480100934462
cell_79220,-2316.6166006869785,-31421.336501114438
cell_89660,-5259.70160521449,11108.613750188493
cell_88754,5300.968962039697,-4431.978159461805
cell_88364,-4260.864906302399,11838.56992187844
cell_84646,61.14793827512816,-40317.97789802028
cell_83860,-5661.82449945964,10712.87133330511
cell_90876,-3710.0117188271656,12147.469105233125
cell_62122,4366.701594881462,11559.54473158367
cell_84137,1770.0626666792512,-40785.01519038248
cell_87716,-3661.0438678664227,13060.77791861836
cell_62129,4121.321368317677,9314.725997635827
cell_84325,-3732.4669520609946,9334.926409644513
cell_88745,-2854.662200373792,11113.899601916504
cell_84427,5311.6266996844315,-4124.684079213134
cell_89474,-543.924498922109,6907.662604579455
cell_85479,-2218.783941593667,-34697.16081686896
cell_82107,-2651.772410349909,10028.39755378999
cell_89353,1058.7203949276884,-42592.86991060284
cell_83166,-2240.8390789745295,-34277.375802673596
cell_81194,-810.2612334488587,7199.077200958357
cell_62603,-2481.732166660543,-31327.969257685978
cell_80202,2811.9656041054304,4758.751136031576
cell_84013,-6020.184992508941,10564.832492881362
cell_79534,-940.8803081069378,-39072.44377878182
cell_91019,-3139.6072228593093,-27986.33456583749
cell_90101,6531.875697566701,-3418.839698141163
cell_77308,-4819.6682894001315,11367.810020202181
cell_89021,-4046.838627174773,9716.237270900921
cell_85444,4622.932772724222,3898.7110973917274
cell_62424,5191.770442057495,5809.886788528152
cell_83850,2057.248143974129,5746.855308265847
cell_81310,1592.4642809448935,6729.833018519793
cell_78357,-3645.390794386321,12238.598346496901
cell_81036,5425.9632016099,-548.5770288799653
cell_83636,6251.689665840699,-9154.018352644656
cell_90330,-1041.2044540480442,-37664.87636100312
cell_87325,932.3928963128128,6514.080865361919
cell_78721,-1538.1940079904493,8377.838093732022
cell_77415,-1748.4258003249602,-35265.09206784017
cell_62233,3202.8765587622142,13613.13784109041
cell_80091,-4680.377550821713,9251.14464291913
cell_62057,2344.9492108396207,16010.523905918324
cell_78929,2245.858324847249,5709.694823808662
cell_89702,-2858.177743759765,10591.834982523966
cell_84773,-5488.19903551584,10234.054674227775
cell_84312,-1661.1811624220302,-26725.106975878327
cell_86707,-5250.088856645984,12115.03603699075
cell_88838,-4463.360563685844,11807.973112104428
cell_77642,785.5052626350397,6511.535054767449
cell_81007,644.1410438664877,6294.92734034044
cell_81568,-2938.2340368972586,10596.715294295705
cell_78124,-4175.224167522822,11939.556075571814
cell_83992,-5234.14087820418,11872.69291145309
cell_62874,3902.7930193978136,13498.5551138408
cell_85801,3578.280673108938,1744.4599897402802
cell_87230,-392.4161065227376,-41226.74964071552
cell_77571,558.8785095577746,6305.3325889953985
cell_87607,-748.1512740466409,7177.825824453993
cell_86208,6984.968812146686,-8415.160166668173
cell_86569,-4401.850394254932,13293.31650241987
cell_80412,3872.937919940556,5338.618682513447
cell_77402,1608.3172774620625,7816.392279330217
cell_81202,-2082.1806974329343,-34934.25033862701
cell_83544,2736.9941300798355,2498.4312135636264
cell_88215,3491.5723481054306,5053.645206264017
cell_77521,4911.389414204348,1086.4937538720528
cell_82623,-1331.0483833349829,10794.04650519384
cell_78770,-3574.3039950800708,12282.200609195397
cell_80594,588.9776844150997,6281.358400309328
cell_84561,-4459.555863227951,9603.235975186713
cell_79124,-3674.253766921855,13349.02844241236
cell_90302,-799.8865392017832,-38973.743490238936
cell_80098,-5431.399368698188,10055.474515141
cell_86958,-5832.210148399161,11192.700626738064
cell_82823,-735.0986470618885,-40207.06252137764
cell_79722,5772.853666013264,-6901.016889999955
cell_63005,1882.619727368265,-40270.10999670717
cell_89243,1306.886141548991,-41798.719541636994
cell_89026,-4443.182320894059,10647.718257042538
cell_81600,-5280.620160683689,10924.905913977256
cell_80220,4186.295981445723,6694.47042994441
cell_85019,-300.2537255082716,5935.578729552635
cell_83485,-1321.169315731998,10739.054545601815
cell_81192,-5699.001001327466,10365.091714421162
cell_84803,-3734.5624188600336,11078.253938439024
cell_83344,-5094.71685886307,12062.035109372013
cell_80863,-5832.094535766692,9927.91167899213
cell_77636,-4075.8526971484334,11332.082582943598
cell_87077,-744.6968166860894,8532.970851391827
cell_80935,1023.8996405515597,8042.77618058451
cell_87114,4655.889888851695,3677.8435759890212
cell_89511,-2984.9495390551424,10629.56010665485
cell_62968,3074.501603390924,15199.631827771153
cell_87517,3385.5234868905054,3470.5758673018463
cell_82358,-1978.0514105273933,-38327.959547356106
cell_80648,-6138.448499760262,10385.927507035789
cell_85894,-2455.8430542655346,9943.919871709775
cell_77732,-2560.268008672556,10474.350199703837
cell_82369,-993.171979086098,-40377.181555724856
cell_62026,-35.118272633560245,-38930.26062688024
cell_81872,-3006.63354642416,10107.077495198691
cell_81058,-3104.473747866766,10329.239720083433
cell_82373,-2286.233418929351,8110.432775791212
cell_90490,-4824.723420142845,9983.207489007606
cell_80587,1051.443878176809,6299.401046464888
cell_62974,4110.426735501815,10623.538931672776
cell_62883,3205.517851841377,15203.04677987784
cell_89838,-4561.652676947628,13279.994382283938
cell_90354,1173.8102396284523,6081.846202293458
cell_90610,-480.1137294502798,7978.356210568634
cell_80061,785.7856136787013,6995.353958225149
cell_90544,-892.8992771749048,8742.456993864289
cell_79617,-3327.3910096715813,9460.185585196621
cell_84736,1541.482595018426,6132.293770727613
cell_77424,4480.035848190099,6038.4019347970725
cell_83466,-2497.4940189543586,10630.999419172116
cell_62774,3676.251284379992,2257.845536715524
cell_79562,-720.0627194076666,-39268.360776912734
cell_88125,-4071.9696386189,-28081.78899518535
cell_79980,-128.9086063882608,8290.327022695474
cell_83346,-3866.583186053363,12295.441114554485
cell_82935,-12.702402722359087,7802.606635258896
cell_80809,1725.7022898296823,5912.768024312306
cell_62801,2971.4116090702164,14780.188382501912
cell_84042,5115.723239922143,-3751.668838289408
cell_87034,-862.3189713639621,7474.972878049917
cell_78702,168.8627807753813,5802.387450469833
cell_86797,1696.6908118676527,-37549.123113703434
cell_83117,-288.4738721729854,8701.734690272522
cell_79111,1629.1588887281143,4376.590694515307
cell_78443,97.90056272908025,7464.174349718354
cell_61827,2820.995921957581,15201.827922586139
cell_82416,-1627.8669906468374,9414.721746459163
cell_83663,4833.913457411674,5800.546469605322
cell_61842,2455.688927092744,15601.572309232912
cell_88090,610.3977008215071,-39822.32657059404
cell_82439,-3283.6526494045397,10145.532714436284
cell_78479,3780.8029011803933,4290.829032456329
cell_88155,-5063.161024414269,11624.373604824203
cell_77319,-679.7059809990278,9069.677535150864
cell_78046,-4896.196694098157,10841.865542890891
cell_89786,3250.557605749718,3998.8472469564335
cell_79152,-26.62566130932261,-41193.9354315067
cell_82781,3101.5332094125256,2121.436353097784
cell_79987,-27.1397514857825,5581.750723527034
cell_88918,-1531.8952162257217,-40328.035882474636
cell_79461,212.4620508548999,6330.412465899507
cell_87457,7238.1597386666135,-5233.4620590891245
cell_86770,7157.265139829541,-5770.9718286521675
cell_82385,3670.259968924627,4233.107472754031
cell_77453,-5577.731246068048,9979.523763795962
cell_89910,6201.59069795949,-2818.060313882197
cell_62372,1010.4427995029004,15387.261343248496
cell_78400,-1146.4293420406357,10756.245534114318
cell_77407,2563.8924144860166,5972.450244643124
cell_78511,3767.400901580437,3603.558571258998
cell_79204,793.272876912932,7449.173746730147
cell_89283,1945.9174221404414,-39721.25422992733
cell_63067,1623.858386487406,-39343.763557362436
cell_86387,1227.608094346942,7598.904625727525
cell_79480,-4124.370125843161,13072.848011212476
cell_82243,1782.464656732173,6143.1957444400605
cell_82971,-2251.31974237404,-32132.661404337072
cell_62905,2461.918750779212,14864.497304922686
cell_78901,-5310.2301316280555,10737.626984587581
cell_88713,-1470.1630759673687,-39738.9891756028
cell_84999,-183.46444131234472,7638.742036579776
cell_63204,2988.7888896722093,14981.258456117153
cell_62673,3440.397108511944,14703.15860057098
cell_86326,7267.6522735917715,-6088.219333476801
cell_85782,3330.1006976037984,4154.31112727947
cell_81246,-5300.510773896428,10857.136641116915
cell_62200,3416.7241050759217,13234.501887278713
cell_87436,-2639.359535190361,10686.214311339929
cell_90896,4354.547451433891,3424.5120406659416
cell_82967,-3580.1923524729445,11865.42207135881
cell_78553,148.14524303966894,7426.66741667162
cell_62732,2741.1606785134013,14873.829779259653
cell_84348,-1225.8026110179474,7854.783324477603
cell_83448,-1859.3208930520605,-40243.76339212682
cell_78383,-2271.4049985083616,8361.233980274517
cell_80638,-166.8207055270187,7152.295849832736
cell_80305,1283.7428237077816,6461.993199936874
cell_79416,-4286.052474827974,11116.644433644344
cell_82708,-5562.020778033863,13028.789928743368
cell_81674,-3802.1043339931452,11404.441183086832
cell_82978,-1199.3914668772204,-39382.61880431198
cell_62887,3225.1616035421803,12750.436531196212
cell_85292,-307.9377106014353,6862.578608497925
cell_89111,4550.66708406267,3867.9433026729694
cell_84018,-3669.1979460224543,11796.14144916907
cell_89859,5082.057182261986,6001.446984380323
cell_89945,5135.030313292913,-1520.4508607788493
cell_62103,4771.607918940687,8073.1068547514415
cell_77702,-4086.6850175443988,11091.383155536138
cell_78016,4673.464459603703,2629.6990220704565
cell_85094,-4658.623477497332,11009.84209539447
cell_85385,-5528.279391233967,13301.848022542672
cell_62924,3402.997615191138,14480.409616158371
cell_78856,-3269.8947865001282,11098.749866976379
cell_77352,-4970.2309146970065,12548.811978436155
cell_83600,-4859.431213066066,10154.020920737275
cell_82764,3039.5540760505337,6503.349048815784
cell_90834,-5451.512043139446,12827.166248153137
cell_78145,801.4282347100645,5760.182830896843
cell_88247,-4357.475838917285,10495.617497847348
cell_80645,5185.287477300118,371.96413419099173
cell_84946,-705.459479159449,8398.313005233722
cell_89985,-678.7049063773022,-38728.17255706778
cell_78915,3805.523916860992,5319.119033070943
cell_84235,7478.440238721667,-7047.387305320074
cell_79019,-5191.137697289614,12709.602106398568
cell_87665,-5176.283377315303,11812.777111848729
cell_62698,3011.2289004491213,15075.816697516357
cell_80360,3338.2383621810213,1608.2502961856264
cell_62056,2601.173968781385,14984.23026898608
cell_81961,-4370.00842028017,12342.254960190436
cell_85116,3861.1732325404587,4703.509240312277
cell_62345,1892.7211697051507,15125.20506668232
cell_80155,-3291.791113167212,-28002.722562467538
cell_85100,-2119.4177048326105,10835.572001027133
cell_89941,-4244.162439863831,12299.01852511735
cell_87409,-4053.795039399099,-28906.642929254045
cell_89811,-2911.916287219429,-28400.685182012923
cell_80804,966.238742246564,6638.349641122234
cell_87885,-2990.881484648968,9114.449666374327
cell_62812,2962.805810841362,15247.858153137773
cell_89877,2171.1429559583908,-40058.252056568504
cell_80165,-2511.3507366609942,8312.490810831654
cell_83262,-5950.023479382934,10522.773183546231
cell_79578,235.69757540810977,8523.46558865271
cell_90185,3743.2524675457958,4755.636557672191
cell_82205,-848.3158504025414,-40443.32030424286
cell_90496,6514.0889860690295,-4086.90184922668
cell_85879,-1942.6415512736246,-33762.00828662761
cell_82387,-583.4492307484294,9079.38066781027
cell_81068,-1315.3956465081253,9000.600830295
cell_79919,3319.7254729053125,5740.904416112005
cell_62891,2795.8926905420767,15502.948222453728
cell_89734,-1275.8216121143746,8696.915740658866
cell_85440,-5077.888252290775,10423.063137297913
cell_87224,-5109.730004444669,9627.939026271912
cell_86482,-4204.352585693342,10019.547058293578
cell_90796,-6201.277524584185,12199.047824410118
cell_77297,-5357.947038444675,11015.490840892518
cell_90017,2693.0414159401366,3011.296934404491
cell_62758,-3040.8620925111604,-33251.211050540915
cell_63163,977.7933733241575,14782.346769707714
cell_88168,-5561.155324355852,11091.411172277882
cell_88322,-4123.632605909733,11145.543617016705
cell_88581,-1492.5339255426902,-37561.04401218604
cell_77779,6593.130322940984,-3454.0118276820717
cell_77257,-3950.1173346444043,9927.001828931376
cell_90399,967.0361188641717,7299.479421344278
cell_85146,-2849.8631990751423,9948.296488044143
cell_84076,-2442.7262313202386,9695.274399652293
cell_81359,1974.4122647569868,6355.77781135578
cell_82499,-5537.185861257197,10758.119982765074
cell_62776,3250.5517180036604,15468.100501266192
cell_89271,7222.095763475502,-5148.231024194929
cell_87177,7072.120615960205,-6037.926704552296
cell_62097,3503.6877164178964,13674.170870293443
cell_88960,472.3429418557839,6072.2655617530945
cell_83202,-5137.24376243026,12225.005227977155
cell_63048,6831.526542070623,-4834.2884485481645
cell_82692,-4929.60940857267,12337.308302004716
cell_61977,3646.4950946981576,13290.839540972338
cell_87825,-2798.9630819904633,10709.626549529972
cell_80213,-5093.843986057588,12464.306444092497
cell_88701,-1444.4126659467497,10494.737460072687
cell_78079,5088.379264257303,-3807.370718173134
cell_79513,1691.854137007251,5792.130817746517
cell_79489,-2515.4432779511153,9003.81909082264
cell_88541,1324.7148160494278,6694.583821663344
cell_85228,6329.190219086104,-8140.814359110199
cell_82561,-1628.833351975309,-40973.359937539666
cell_85085,-2617.5823461163177,10011.866478305012
cell_84908,4139.293352421634,4403.225733970152
cell_82637,-1385.4677671575466,11468.378855260924
cell_81500,5926.954883963487,-1612.8274878747907
cell_86993,-4468.443290421523,13430.743575663893
cell_83537,-3573.1293067129436,8815.592547008038
cell_85025,-4014.4004426909705,10703.003625923378
cell_85828,-2141.369745698741,-36111.251290352564
cell_87956,-5096.404862854501,12152.83244778394
cell_82575,869.8619075333361,6793.753036793556
cell_81742,-3987.59790742821,-28543.15723274116
cell_80821,-68.91087075626989,-39532.29921069324
cell_83676,-5754.798573276048,12222.20308314316
cell_79079,-2255.6245906182735,10069.80426882902
cell_84014,-1925.0347950342752,-34921.50875716509
cell_84969,-1296.135950761362,8053.668780793202
cell_88356,-107.97678008236366,-40191.52569272335
cell_77928,7311.103567151719,-7367.794598465673
cell_84602,-4411.807079736728,10696.695846999628
cell_84425,6719.662257001029,-9515.784705899821
cell_90465,-1153.248154614751,-39752.061188257045
cell_90883,-5237.589949552619,13341.304212508006
cell_86538,3341.4898164299134,3902.319357765937
cell_87790,4076.666198463345,4198.619181702493
cell_89309,-5220.268975750466,9978.176406633072
cell_82396,-1996.778726301133,10214.758945548228
cell_82492,-4201.32469907502,9582.211739208986
cell_84864,-1771.2891922447188,-39410.849268653124
cell_86999,-2364.323927674006,-31085.91092666011
cell_62498,3331.104844421325,14336.730403717675
cell_82315,-4569.604367024992,12311.05530233146
cell_79147,-5009.313804026847,11323.554075824364
cell_77599,889.6633188760413,6565.993405026392
cell_87450,-5845.249155878114,10501.378153043577
cell_85755,806.336237091618,-39914.65653891103
cell_85701,-5397.903873416399,10466.709136459245
cell_86595,-2730.923330503754,11532.70279026054
cell_77985,-2016.218694770966,11504.918921580409
cell_77963,1283.959262635351,8537.858402282962
cell_86246,-2597.838242259494,8777.760422851201
cell_81404,-1525.982898236208,-39480.35633842909
cell_79014,7422.437058536914,-7115.190283982903
cell_90117,-359.52963976610965,7332.602110243445
cell_89389,-3525.8857366472294,11352.621572361093
cell_90353,-4459.650795169756,11474.134259192922
cell_61951,2580.5568105312564,15824.39935478428
cell_90217,-929.2724076984914,7415.202807240984
cell_62260,1551.4630077690222,15444.680894412479
cell_78039,-3868.3575431375284,12423.138560095966
cell_83082,1453.073792391795,-42420.467623057055
cell_78306,-4210.695711093766,14002.944222899481
cell_90934,-4289.073624284767,11344.304655191963
cell_82544,59.694407753948525,-38558.21967934409
cell_83795,303.60832516800184,6338.638445183931
cell_88261,154.484533246452,6107.19286757324
cell_78309,-4703.831048128638,11567.921628232081
cell_77417,-105.93234636679058,6287.941443656901
cell_89581,779.401520728477,-39757.37638094762
cell_86111,-1854.287989696539,-39997.653577823956
cell_81167,2990.069362536652,5245.144437426435
cell_87852,-5165.038858813809,12327.315505963626
cell_80372,-4586.031769652713,12855.251785685996
cell_87111,383.28522283994033,-37702.70435507307
cell_86442,-5315.749873211013,9888.01011752294
cell_78458,-1243.615280345821,10087.031063142165
cell_90962,-2035.438467994667,-34083.430155007176
cell_84067,-305.09901758846286,7568.381473331681
cell_81419,-249.483335590902,-40234.70741706188
cell_61970,6046.635424380453,-554.8122253021635
cell_88569,3021.9859066681133,3901.778303871641
cell_78007,-4600.363799252372,13096.430019958081
cell_81255,327.1373154411384,6915.249287263166
cell_89763,-4035.8143979663078,9893.395149221455
cell_85010,2024.2512957701847,5206.331545092877
cell_62299,5923.415293589805,-273.960650745988
cell_88803,3739.778349887658,5184.3014156231075
cell_89577,476.731206856608,6603.1249722876455
cell_89922,607.6372715939838,7318.61952429268
cell_90916,5320.875966579198,-3231.0462695553774
cell_78963,-5448.026432808326,11301.04388726782
cell_77384,-4581.464490204538,11608.626067674162
cell_83326,2821.5749557227664,5154.3065684499115
cell_80664,21.68494026858226,8362.137596140392
cell_89676,-1631.5668445360432,-40732.503954840045
cell_89539,4768.230646456292,1266.0811630535934
cell_62799,4020.905294459449,11229.83519051356
cell_86049,729.5318113634895,-38607.9957915617
cell_88633,-5392.272365253584,10298.855206504833
cell_77429,3738.66219333662,1240.8500090579812
cell_82718,-4234.116099178917,9929.88061931346
cell_80724,-2504.4759398404217,-31417.558631037162
cell_86746,-5147.221874955928,11669.270789267192
cell_62950,3587.628361115704,13192.609993487446
cell_79747,-4579.977339678648,10823.620563046372
cell_90891,-5359.430673579891,10679.150569993732
cell_63093,2145.502324024339,13219.24639422611
cell_88818,-3265.5227760416883,-32443.432060371477
cell_80785,-1173.9937332704524,8047.8142064568665
cell_61982,4647.291979697708,6055.971261166732
cell_82831,-3610.4496231397284,11912.699586000153
cell_62620,2924.19596785509,14725.807736751996
cell_81622,-4155.705100725512,11805.940300922231
cell_84743,-3126.088468688998,10085.723484010017
cell_87795,705.2010112743905,-40309.949062453044
cell_82903,-3487.0315564517236,10336.112872473559
cell_77637,-4978.378473968637,10539.588594583773
cell_88714,-2358.8436051467183,-32198.257542176358
cell_62857,3060.3459259996202,14902.154930189005
cell_79719,-2802.890401108798,9575.89464134211
cell_87065,-5771.630945900533,12114.360910813484
cell_85692,439.19773918917883,6698.076370105482
cell_88016,-2729.869278742627,-27979.40574694463
cell_86705,-4888.597957976614,10989.375280592703
cell_90890,-557.1172746631661,-40209.83672023438
cell_85619,-1120.4620225601534,-40894.36208310815
cell_84128,-4853.588238501679,11476.76470604049
cell_86347,1602.168144885208,6381.658014393238
cell_90928,-577.429611569111,-40433.18032880272
cell_78539,-5818.3349368985255,11159.608521509868
cell_81436,-529.9017889129532,-39012.52687619898
cell_82939,3671.0213099860885,846.7264339896318
cell_77229,-872.5201537559263,-40299.75145970426
cell_62218,488.21750353624316,-35917.04109266672
cell_82497,-3454.849858062697,12167.641169144796
cell_82558,-3825.6518463314474,12110.988678897671
cell_78980,-2584.486779750832,10271.168430233602
cell_84441,-4161.230617072781,9279.755846882481
cell_62805,4044.4621574718867,10870.358446651573
cell_62680,3140.5984774752624,14334.31401580911
cell_62263,2522.8257951657174,12796.627271779718
cell_81661,-854.2041614793017,-39536.75329394561
cell_62919,3457.93475450959,14584.171656052333
cell_88210,649.6001198508452,7460.3915783558505
cell_90997,3959.144793318511,4217.711628899363
cell_82969,648.5147269296627,8194.586602625584
cell_62008,3380.8774891102485,15496.134671320453
cell_87326,-231.2093436085956,-38571.548096587925
cell_62060,-1502.509046923507,-39600.9503495063
cell_77504,2422.557451920026,4659.075576245887
cell_81561,361.7594255162126,-39655.60558797411
cell_86502,-5023.01992411645,12984.071384599634
cell_84919,-1020.5264251518789,-38502.61110723123
cell_88201,-78.03854762118483,7277.714726935814
cell_62976,827.4530931859906,12791.688078089495
cell_81652,4840.055700831851,-2464.693318581972
cell_61950,814.2051522771833,15386.400241403082
cell_90606,-5358.041796631124,9762.48180254886
cell_87673,7466.318203258067,-6711.409605654662
cell_62619,3002.044540723032,15472.854864312492
cell_78601,2297.344206626672,6921.268771007723
cell_88629,-380.7557239657227,7610.735855174263
cell_80925,446.5558601958305,6567.274719583312
cell_77530,-5325.702910436107,11243.482406545574
cell_83482,3540.6260854333896,4390.767241180295
cell_86938,-5826.281589112768,11116.35311383652
cell_91079,485.41445673185154,5108.9278155830225
cell_81111,-4388.849225320526,12712.238338311072
cell_79209,-5546.27784164896,9874.065191181433
cell_61879,4729.9928313277605,8605.34920554109
cell_79879,-5157.351173752645,12844.587683203554
cell_81019,-4948.866216542879,11766.831498963318
cell_85982,-1115.5122178242348,-40068.85588722816
cell_78065,7456.206052112714,-7221.804904772917
cell_62258,512.1719374417414,-36795.9726380258
cell_80991,1270.0561941514404,4489.305260562386
cell_80865,-894.9566239118577,9309.717952498437
cell_88653,3764.120346861771,4404.322678414632
cell_78858,-3910.238226523198,12222.785968425509
cell_86650,-627.0532625526125,8152.320317508501
cell_63109,3343.122257838022,13892.103073685783
cell_62107,2847.8794859347868,11944.168328564148
cell_77548,-4310.316332203296,13503.064367671801
cell_81814,-3433.685239835303,10301.489234888842
cell_62477,1593.5528924994721,15140.889608180682
cell_79257,-1589.1706948619485,11086.629595442766
cell_62494,3286.696912435297,15449.201015137052
cell_87091,-5656.92666477874,12918.353563425073
cell_88013,5586.638515944014,-2303.1739494582503
cell_80679,430.6757033077776,7705.97117146214
cell_89938,1065.7028149017265,5547.469898414525
cell_84436,-468.9779198793871,-38846.1425301269
cell_87048,-313.35341461384604,-38950.55723323555
cell_90468,-5773.151336052028,12696.450021012291
cell_85522,-627.7931387452256,7875.060813600915
cell_82586,2623.175371350286,2332.430435471943
cell_90123,-1315.0242830037332,9377.611316336386
cell_90069,7198.541952663698,-8526.970080907275
cell_86354,5628.990927029839,-6398.902352213206
cell_62487,4444.733662535447,11162.410181946487
cell_88732,-4996.10335928162,10483.059346537142
cell_86220,-5985.598391892618,11649.741374201332
cell_81800,340.9594492404735,6181.167285375463
cell_85350,-1164.0731692478237,-39803.11315281335
cell_81346,-4130.421198170886,12721.804341148158
cell_80660,471.815631585019,-39899.67722189204
cell_80597,865.3868462089544,-38164.64662615048
cell_89360,1332.6574700914423,6949.430683142854
cell_85758,-1822.6939214866031,-34668.750443191275
cell_62378,4474.766641448018,7374.368571808366
cell_79631,-5613.821849024493,9727.620298619488
cell_83234,-3481.949790717143,12364.906939491313
cell_79782,4357.497817678546,3953.051832677873
cell_86137,792.232168911104,-38084.14330831528
cell_77469,-5451.5406636492935,11213.686352590674
cell_82297,4166.481826178164,4013.297670067771
cell_78140,-5786.686076336036,10371.461696312328
cell_62595,3324.7177797280533,14661.39726517034
cell_80176,6842.0819056302325,-4575.258824728089
cell_81295,3740.643508716529,3123.2382089897374
cell_83042,5588.537752654842,-5766.148996504489
cell_86358,2947.8039227436225,4326.595545209833
cell_90948,2752.242201633288,2546.8091252295103
cell_78098,-3916.5291117764427,13019.973353816942
cell_80377,1307.938424286774,-40205.90086887301
cell_89554,3048.6173289988355,4514.771401479323
cell_83383,-5915.63132902987,11934.574591571716
cell_86698,29.852250076769845,7866.722081616206
cell_89654,6062.704489574874,-8795.403973378565
cell_81581,-5916.398658678629,12853.046785326711
cell_88837,-5931.274837324068,13219.613843590396
cell_89549,349.4206199771987,6667.407632366951
cell_84841,2536.5651115154064,5495.94255947991
cell_83815,3947.833516267025,3582.760305487741
cell_81064,-4181.489610033066,11039.485617998762
cell_85861,-3893.89038891569,10754.26429728997
cell_79613,-4741.553544130264,10945.073701504662
cell_88066,-1248.5555051004606,7829.251466731613
cell_63033,4403.564577714752,10858.465326108704
cell_90823,-1657.5257093950243,-39485.062355780705
cell_84207,4106.276557817257,894.2978141363408
cell_83848,5030.496586437336,5325.373053280051
cell_88100,-663.77642466138,-40874.858130842
cell_88237,2800.647772472869,4440.9308791300955
cell_85887,-3245.136844989327,11155.681490441917
cell_87050,-5418.165921867832,12939.277441989692
cell_83571,-1103.5850311871707,8454.51474660203
cell_87129,-3198.8976983556104,10848.370867559188
cell_84642,268.86878444690603,5716.199154549308
cell_86284,2637.200789732238,4833.523520372225
cell_78516,-4633.445908142614,9748.528878081603
cell_84637,-1907.2465778700305,-40084.82886476725
cell_85629,-5706.695239964655,12486.275394540895
cell_78497,-1613.7905884475995,-36734.35053563652
cell_86860,4549.484032583138,3971.717594582503
cell_79127,900.3757704244827,-40740.24176196442
cell_82458,-4752.078972506815,9495.840608304357
cell_81226,-988.0466941917462,-38476.16897033415
cell_86823,-2657.008500192219,8313.312799910806
cell_90614,7253.9768150408845,-8237.357797339831
cell_88787,-4643.662805951374,13141.604270072043
cell_90768,-4712.704558464981,13685.285837536585
cell_91038,4230.237748504522,2454.2599396868486
cell_87945,-5809.81812545286,10622.404411554255
cell_62369,3009.2797911068515,10404.585086127121
cell_79278,3821.9355508182434,-601.1335280284087
cell_80281,6541.029729697947,-3687.151988361626
cell_79198,-5679.280231928548,11712.253945055394
cell_90670,-1655.6943471686961,8796.393554315491
cell_88929,-569.539679785804,-40309.31431093349
cell_81749,-585.6276812333408,7959.808944816108
cell_84916,5884.614347125785,-2534.5894891804714
cell_89592,-5867.110320387512,12864.358022475937
cell_78175,-3955.642907539668,12051.917050061074
cell_80783,-851.5708691067027,-39018.06950499138
cell_88092,-4689.072004560895,12418.151843282049
cell_62928,3851.043146255186,13378.228860315845
cell_79881,2516.887980846751,5763.974771890559
cell_84483,632.1635154888859,7824.765901689121
cell_88725,-2711.4936478532995,9697.419937511422
cell_91066,-1048.3448146376952,-39339.011263648594
cell_78213,969.9063411374351,6474.116295574396
cell_83258,-3188.547931332684,11060.39196106222
cell_83910,-741.9243266337467,-38947.92509948863
cell_87579,-118.25597498284047,8612.190863286705
cell_89767,-2073.7725123867267,8553.254834082485
cell_61993,-2507.1836010869747,-33167.71828644991
cell_90894,-519.5213667156062,-39869.00825964539
cell_80488,-1669.6848644110196,11138.7350825757
cell_85515,-2896.1278327816867,13497.320486809598
cell_81277,-5006.263132135016,10656.206891560496
cell_83987,-4415.636798114715,8987.940562123478
cell_83199,7003.259260525533,-5738.752954586929
cell_85428,-5385.462026221808,10620.484254913226
cell_78580,4161.688225012356,3693.7592614685805
cell_83806,2420.280925775359,5204.692527840594
cell_79343,-802.9295231632577,7299.906602470994
cell_78235,-3639.5901001466286,9859.625650869904
cell_89083,-426.6164526777468,8664.87022915293
cell_89315,-2686.612236950181,9025.918731182142
cell_89634,4964.25786018271,78.0707655277687
cell_80265,-516.4843018789859,7637.972801845609
cell_82318,-5903.752334962079,11444.082901217713
cell_81138,1208.6051086182367,6077.599838803412
cell_83189,-5633.412924224526,10907.524475718696
cell_85486,-5673.931067931699,12185.305707200307
cell_80598,3805.575842841659,5513.381913920547
cell_87976,-4703.434023486365,12841.161075203963
cell_63135,3656.523627685156,4557.498112475232
cell_90574,-2425.875437737596,-33136.17961175451
cell_87857,-698.4016770016259,7495.275328445273
cell_85437,558.1947806198622,6114.647257987245
cell_85818,470.8047948919185,6671.712685003031
cell_63074,3595.842728542158,13630.764786993692
cell_84161,3834.3768892622725,4203.633019315266
cell_89280,419.7227861007276,7381.447968604145
cell_62029,2534.914395522493,15110.177784551333
cell_81345,-730.2072956579709,8212.28884633908
cell_79246,-1819.3122819142172,-40774.808132406506
cell_87939,-1160.68937417529,-38983.76548745493
cell_85991,-5627.526451674566,10079.955209428877
cell_79883,-5276.9764052153905,12209.662327279417
cell_78393,-3955.9315130907517,10931.054837566113
cell_83444,-1305.53011450525,9670.690908287044
cell_85020,4320.375416185466,-237.17487019111772
cell_79501,-275.78705877547,7924.7570935031645
cell_81769,-2690.7731566783286,11065.123811836032
cell_78391,-2069.8842162683945,-36335.66665814653
cell_91073,-2156.6237211660323,8482.614685125554
cell_83256,2257.592248314915,3109.6614094192364
cell_85143,568.2331518772631,6668.786388023969
cell_81469,-3500.8466393615486,-31609.299569735373
cell_81825,-5155.855204008109,12695.242905832645
cell_90754,-4987.397940760621,12866.362515400364
cell_85816,126.18765315596308,6687.134440879285
cell_85364,2356.666449650751,5234.10126824906
cell_84086,-5755.588131199981,12637.882529447199
cell_88176,-2890.1324600959438,-28484.04562582085
cell_83157,-5483.752060157232,12044.328142989812
cell_82026,-2738.2592551960047,10697.822740218087
cell_85150,784.6532579687486,5408.217061988077
cell_89902,-1447.899793922914,-40055.990382613534
cell_86933,-2356.152760841789,-32181.604843666366
cell_88476,-5304.308832478482,9336.40418934053
cell_89720,-2824.7950948315747,8777.955861581826
cell_77698,-4322.393629068286,12005.832692371092
cell_78303,-4484.698339606731,10260.098639002545
cell_62526,2995.834732309237,15764.054353879636
cell_79523,1178.335116800497,5766.742110750247
cell_62749,3131.2486940684366,14704.522629097646
cell_87528,-4833.866532564758,11967.609020221198
cell_87406,-2468.5685812637616,-31730.03323845339
cell_89448,571.9675566891332,6844.31817644814
cell_85125,-5889.573753190934,11286.062417021267
cell_82884,-1580.7439185742783,10881.753826460721
cell_82436,1364.6392010018144,4367.198054960083
cell_87474,2808.4798263771313,4225.523764171744
cell_85348,-2599.2484382299663,8464.120621075677
cell_81187,-1980.3082231309515,-37873.00405371241
cell_83562,-671.319335660394,7965.125236957377
cell_83142,5394.513873449909,-1114.5355973343767
cell_87096,319.8524450886808,-39853.431781212195
cell_88188,-6034.7581284145035,12534.277896360329
cell_83449,6602.632661995628,-4589.996009985536
cell_81706,7085.961263327964,-5551.749537385214
cell_77993,-1906.4685550855384,9256.200165662975
cell_80874,-1412.1169076715776,-37950.424505610856
cell_85057,-5381.949406117238,10849.954696706667
cell_61897,4750.2120644918095,10483.077108214085
cell_86565,1395.2509518878235,6531.505798501806
cell_86005,973.8861283621072,7893.900308188439
cell_87663,-3216.240563597482,10899.307809232796
cell_84401,-3924.4701363839595,10989.946163985662
cell_89890,-5231.700311326424,11391.203221598096
cell_77261,2679.9651089268295,6474.502342269402
cell_62858,-4170.071900579562,-28737.004609544976
cell_87011,-5548.0438011553715,10325.992404588485
cell_82574,-5452.652025056838,12872.371989133284
cell_82242,-5322.691162950606,12421.44581536817
cell_63044,4786.736239999109,10369.496674655395
cell_62781,3383.582250880098,14064.871187489889
cell_86866,-2728.330069129732,10435.466128776587
cell_89147,-2249.24143987033,9846.854018597447
cell_79938,276.1163389563888,5927.057175431829
cell_77651,-1205.3482964695925,-37503.85222979665
cell_78168,1531.4393111820384,6290.0535741006515
cell_82695,-4723.835228651361,10784.858956773747
cell_90163,730.9467381570591,7586.989780961268
cell_61811,1278.8448925677963,14956.519872600991
cell_83570,1640.3013070036748,-42520.80086842605
cell_81517,6622.3789420823205,-3550.118709303556
cell_80475,5714.329779457849,-5922.8937047312675
cell_89861,-4959.420433862894,10580.815857278754
cell_88242,3433.308653031256,6189.056142190718
cell_81976,2470.57850784771,5072.513169595745
cell_84891,-5188.756064331057,12532.690250303
cell_91037,-5240.003019572026,12693.308956571896
cell_83169,-3623.7751117334724,-27619.561845857934
cell_82513,-4965.54909426762,11823.098856612782
cell_78355,6548.402458844294,-3172.116703973645
cell_83134,2559.2222876636856,5034.643844493527
cell_87954,3441.435232421815,3051.6001554835148
cell_62074,3282.8748246046634,15394.53264471387
cell_81892,-2155.797636738355,8220.743451645052
cell_89219,7357.551194047623,-7397.986493305651
cell_88664,1962.997302862965,5264.948228353113
cell_79923,-1407.501101583814,-35319.546271484316
cell_85195,719.9965989470597,6626.466025392658
cell_85027,-2154.8611328132843,8404.989437554685
cell_84543,-5384.192176672541,12034.091961394372
cell_62305,4013.752598968698,12392.423994811928
cell_79935,-862.1595449583103,-40331.54078092355
cell_88612,606.4403016113184,6627.379766471607
cell_80899,6193.521762593589,-10408.237738377504
cell_77338,5460.378831564234,-334.78736261411535
cell_82338,-1011.7881891692057,9824.595931557911
cell_83988,-245.66559230862194,7300.283228145904
cell_77538,-5017.158581073233,12690.248338861124
cell_85793,-1772.2855493371555,-26292.263195334264
cell_90561,-4597.759217502196,11190.03922174001
cell_82924,-694.6610859415094,9278.927105820121
cell_83601,-1652.8038514409468,8716.274273691168
cell_88548,6045.967439893923,-3962.203063837928
cell_89868,3951.2441348654024,1504.5723674268631
cell_81411,-1225.9574205113572,-39651.239913223515
cell_78049,-936.3301455731616,8178.343997493668
cell_77609,-5037.4742299682075,11525.177702676121
cell_78386,7222.891370674036,-6266.722146610175
cell_62718,710.4921171632537,-37824.98656796696
cell_83786,-1281.5977384647529,-37946.36147000904
cell_81458,-4017.7358555288324,12673.626699790297
cell_91075,1501.698804742451,6610.576065006135
cell_87727,3521.042402062772,4275.580172968658
cell_87359,-5055.800674899942,10295.81283332511
cell_86686,-3704.7328461920315,11178.333701102463
cell_81599,2465.090025125701,4834.436232437463
cell_83914,-5803.670951756955,11687.3326074031
cell_86216,-5508.605907485347,10319.678566380651
cell_62845,1136.6788020368845,13764.49347522082
cell_85406,-2763.755360200265,10343.699250723103
cell_85874,-4013.8421535570287,-27913.27077736855
cell_78253,-728.0916784054677,-41228.684277687746
cell_61891,2500.4286783154994,14989.057374332118
cell_83527,-2077.8266632451223,12036.714561596033
cell_84453,-1345.7418313199255,-39096.1314457119
cell_82728,-5810.630900690499,10154.120258081375
cell_61854,2679.929565980548,15981.151545916997
cell_90655,5810.108432305252,-1326.229483634048
cell_79818,3911.263553985309,5303.219013994107
cell_83953,7206.070289514265,-6439.856399195344
cell_87742,5919.201510053712,-1491.7199733928048
cell_77980,-301.3799024539717,9391.590622353457
cell_82716,1441.861389139965,4700.616751687557
cell_89459,-62.9564904106241,6328.238788544748
cell_62291,3098.7175249202933,15235.487660881872
cell_89691,5722.330075976668,-6231.540964008399
cell_77986,-129.32984143427953,7624.567698143255
cell_88390,-82.85706282944321,6787.874512374601
cell_89601,97.65785515056324,5538.049680056242
cell_78094,-3530.3903592942806,13164.332350891951
cell_83030,-5288.012736071327,12963.545986119972
cell_86994,-4092.490117319258,11523.120409650037
cell_79957,-3957.778158221889,12599.922967451424
cell_62221,4733.861097676693,9684.279873663078
cell_78476,-1977.953718615215,9719.566013872489
cell_80041,7358.941229650873,-7888.37429325751
cell_62147,3226.069614801552,13445.366596886328
cell_80517,-2093.1655166510977,11317.052093852028
cell_87031,7141.096179068939,-6451.821838506199
cell_88908,-4945.253734036194,13555.456643551368
cell_89375,-2206.8560069748673,9430.678904077658
cell_86799,-3285.662583885666,10458.182826275126
cell_62151,3736.4808686114948,13608.312975271736
cell_84540,-2815.466588074874,9328.356149691728
cell_77912,-2075.499600930983,-34658.962459110706
cell_77582,-4682.513805329487,11624.832685220474
cell_62453,4274.320195482952,11265.691377352028
cell_63187,4820.769050398722,8288.2610891032
cell_84455,-1258.208244486211,-37494.774614012545
cell_82553,-3367.477703290263,-32016.3941923539
cell_87354,-271.6751374579828,-39182.1524004109
cell_61806,6082.280858612836,26.719238479507815
cell_83665,-61.580364794833734,7224.654318681027
cell_80483,5487.346789398285,-1039.1570103788492
cell_84262,-2040.431686373455,-39015.37782018282
cell_85311,-4854.482371216978,10621.08320763309
cell_86164,2069.2111268071085,-41517.3325678449
cell_89966,-2342.2238506696153,-34377.085392454814
cell_80709,-5288.826944916203,12850.071394900333
cell_62451,4860.44922671534,8898.653665808226
cell_86010,-4419.420296435106,9155.354003846727
cell_89928,-837.8588183067225,-36137.995657926935
cell_81120,-794.4468899475332,-40173.044789081076
cell_79462,-4179.672151357964,10512.678757263075
cell_86633,-4775.600963173533,12756.438432432622
cell_80765,-3386.141136981627,12136.359122820768
cell_83918,6785.560909461373,-4909.177511448421
cell_81777,-1820.017016199514,-39415.500860919354
cell_82874,6856.5971426320275,-9217.617989036766
cell_79982,-5283.337784880762,9766.241125674811
cell_82861,270.5412534369778,6052.927763811232
cell_78520,5119.304795034055,-2944.1072110743194
cell_86145,7118.54453810414,-4999.723696870423
cell_90845,-1898.1502842484376,-35090.333176572734
cell_84212,3158.099416124295,3762.8955923367666
cell_83851,-1221.4351167008072,-41287.043441654896
cell_82271,-1650.2451480645095,8947.151010610369
cell_79360,-2209.224495064508,-27849.84869248335
cell_80284,4119.301170991212,2723.9052069015916
cell_87628,1616.3518050434313,4489.9685931054955
cell_87016,2467.4838017100565,3794.149204589844
cell_83027,4187.360700809739,1627.4505144805642
cell_83886,-2900.869481118242,-33482.39649434181
cell_85040,-4783.809378138397,11395.309516079316
cell_80427,6657.4755685663085,-4157.464498404538
cell_87773,3311.7590993209296,5314.703344711871
cell_79558,1454.0806838041206,7176.965191104815
cell_89124,-3681.9953635462994,10289.363718563254
cell_63057,4717.159053027057,10504.220794095505
cell_82166,6690.305544236769,-4623.704861536641
cell_80142,-2316.9471492878947,10814.963628175354
cell_79993,-1429.116080881711,8139.719973360704
cell_88553,-4520.85178943956,10480.83585934323
cell_78523,-474.91242953842243,-41134.467195779536
cell_82244,-637.7830466807317,7671.543146458403
cell_90426,-2491.1022464091716,-31965.466234098312
cell_63002,3608.187284901909,11053.406288790105
cell_90029,-3461.5443662751973,8448.01270592697
cell_62555,-1101.3638453938163,-40795.92105867929
cell_81980,6798.54179927169,-4661.781432558043
cell_85637,-5190.297946543028,12412.98822012912
cell_80289,-3367.5497955477476,10740.761348053906
cell_86927,-3788.736213890154,11272.364068295557
cell_77252,-4118.727592931669,12603.553814378642
cell_80639,-4016.580620148883,11472.99426247472
cell_91013,4508.181231533793,3014.859492091157
cell_90488,-5614.2273434112685,12068.060804244229
cell_63104,2192.2378475375135,15396.463464929078
cell_62249,3297.1741395500158,13565.634911922221
cell_62391,4290.925824950863,11485.842194324421
cell_82824,1317.63475871681,3832.989906849374
cell_89277,-3917.4012639111047,12806.832959958225
cell_88710,-1292.2249227326681,-36791.34417961575
cell_79250,-5814.357884894098,13289.991866587528
cell_83182,-4133.184573194737,10515.124888256612
cell_86645,1451.4145150756592,6114.811634385965
cell_82187,1758.6757146562068,7079.508538190675
cell_88568,-1638.8230589596237,-39604.8290652403
cell_88728,-2947.498679624914,-29417.552905759367
cell_78263,4402.2185674867105,-734.5605122987097
cell_85800,-1061.632124367335,7207.744905294027
cell_89362,-332.02122282309375,-40145.229191736544
cell_89598,7239.9012313022695,-7172.6762044596435
cell_87836,6958.741968975806,-5004.610856395055
cell_82003,-3917.0839519638707,11455.031256140192
cell_79597,-4549.679707762855,12539.399239059927
cell_81113,-1804.62370457151,8494.129533603205
cell_81118,106.63952303731514,8152.889947723941
cell_87762,5590.014879761595,-5700.627018861072
cell_90227,-1525.3793937028508,-35862.30409410103
cell_89674,389.1873117521625,-40136.13714260749
cell_88140,-1546.2446883014084,-39632.7996789154
cell_87054,-4830.243449735397,9862.997319396574
cell_61864,2457.610286066461,15352.936036857964
cell_86091,-987.0861662420731,-40935.09758917851
cell_89505,-3134.16106751017,11742.609321451646
cell_85721,-1200.0786486524437,7211.633393179633
cell_82462,-1751.958084248832,-39459.739403941836
cell_78219,-5618.196492048334,12419.455263211908
cell_90242,4511.724645765343,-1159.3501869452125
cell_89792,-1303.4229076823208,-39957.12447552956
cell_90520,479.0259485150029,5999.623974938007
cell_87093,-4090.1905488283082,10673.548875583716
cell_77540,6344.005228162536,-3103.851201701868
cell_83585,5656.950305075359,-4434.012922153911
cell_82142,4146.981860756525,1843.7139009328596
cell_84418,65.9217625481607,-39847.51921816331
cell_82566,-1070.9259411106466,10225.552118367663
cell_79829,-3143.915220968907,11640.933718268669
cell_62584,2902.0175700797654,13653.538851004445
cell_62054,1643.734438271245,15806.29078405857
cell_78428,-5744.529511427386,11803.86627583008
cell_86589,-4784.555346713759,10332.689097728344
cell_86486,4602.446011443445,114.53347439865911
cell_88393,-4118.587192811331,11410.667990578266
cell_83243,2079.0864857969095,2846.5033375110015
cell_90680,-1263.5584316922957,-34722.72746184341
cell_62308,3763.1736187437346,11895.732733851413
cell_82324,-4378.393517693014,11170.893130148548
cell_85047,61.32452227113624,7271.910597961315
cell_83892,2994.8047892062514,5810.39066036195
cell_87219,2859.467438270375,5670.788923120848
cell_77444,-713.4018721228391,8454.42884915307
cell_83789,-4194.373648429653,12860.417341620374
cell_78608,-4200.114574486003,12348.585218689037
cell_89416,7336.3122304845365,-8282.801970173872
cell_83032,5170.82144569327,-4318.2120371389
cell_78081,-4719.713499849805,11844.273614379697
cell_85345,-3817.4786586079917,12202.941650202436
cell_79211,-4790.759031526965,11537.58259653796
cell_83280,-4789.9357896655765,12249.065279608401
cell_87638,5940.922563448079,-1720.1648938488443
cell_83930,2767.03055867997,4159.772430274936
cell_85891,-3332.9091343283267,-27803.57744705981
cell_87227,-4732.1128657173285,11391.609827351058
cell_81319,-2927.354376634553,9412.675368870407
cell_79077,901.5296103959466,8153.928034063
cell_78504,3383.0593177979763,4249.294079919254
cell_83709,4454.041644209899,6551.452220266639
cell_89846,58.859204865028815,8570.005174981246
cell_77349,-3711.3850433861808,9424.219451384348
cell_78409,-4170.696523624583,11863.836361086202
cell_78240,-3666.406852775785,10968.46707034066
cell_81127,-5561.9113880437235,10987.637997809868
cell_88786,1201.896934201779,5793.28500315123
cell_79369,-3381.827377347625,9874.027163915594
cell_61911,3454.995881504269,15528.392364366391
cell_83447,-4253.685031170772,13753.606009696377
cell_90510,-3960.3364473989095,10803.937887772916
cell_77822,-2140.8876864025997,8578.45111857951
cell_62038,3496.2394835154532,13992.577205619968
cell_87873,-5254.890302861351,10283.599517865185
cell_86371,-1812.2552040033554,11043.93834044419
cell_89717,-1692.3547693307314,8041.8757639663545
cell_82422,539.6128801562257,-41514.985937489444
cell_89114,-5527.5857437112345,10276.444863985213
cell_89428,-452.8797022517398,-39326.79522482933
cell_82603,-2839.5370387719227,11591.78701292309
cell_84606,6498.292729560737,-8852.752280626642
cell_62022,2641.2447424887373,13213.878875295073
cell_87522,-2852.1176117095265,-33322.290214420194
cell_90264,409.12189952210275,6242.90220802575
cell_87519,960.0358244102737,5354.12666160462
cell_62540,4372.059782094859,9617.781091186012
cell_88720,-5356.810298107391,11545.806371507559
cell_79122,-337.1732544350767,7179.062058914581
cell_90991,2130.739006410579,4365.8032084946335
cell_87302,-642.6578705977719,-39352.8560595957
cell_86858,662.2126962624824,-39986.84719708182
cell_82520,6087.1309328215975,-2520.074524367101
cell_81796,6616.486558469163,-9249.268490910645
cell_85666,-4695.659788643018,13910.634530223526
cell_80649,-434.138571250197,7325.340340018608
cell_62589,3545.6845452382227,13430.286610561347
cell_82190,6397.889361524139,-8617.482543647118
cell_87720,5646.863828396771,-5846.857293715804
cell_86154,5680.152687403236,-4660.2184399370235
cell_85307,2279.422401657058,6060.715928435664
cell_89069,-680.6373331930818,-40589.187566695466
cell_80524,-888.5316750945678,9590.029086588043
cell_89305,-262.7247949330605,-38837.17552275576
cell_79934,-1217.6750241853408,8441.462473324103
cell_77434,2805.545246802436,4720.503174887054
cell_87839,-4736.665695368806,10186.866964776045
cell_89692,-5376.034332750105,10786.614533501692
cell_90729,-5995.160422743849,10258.68941163765
cell_61823,5081.698166838271,3938.956929581342
cell_84901,-5358.870406008395,12749.608018255598
cell_88999,2063.6912864336573,6386.114476523452
cell_87469,-4490.443630305768,12363.277833656888
cell_81563,-4161.5748346298615,12573.876141579114
cell_84326,2317.489438325792,-39294.89945358928
cell_82956,-885.9036775012543,-38806.68761816356
cell_89546,-5161.347124585969,9207.675495252406
cell_79047,-1989.5328035604446,-27521.659088688506
cell_62315,3211.356934161357,15017.17605814648
cell_89324,-1543.1769022987078,-40111.80760625932
cell_81820,-4639.717467407576,10993.943157566404
cell_78998,-3832.9768775761513,8957.553135911416
cell_79604,6141.665522267025,-4145.509764999339
cell_89201,7242.863446995956,-6397.187286511536
cell_79937,-5449.747558735619,9784.689108451297
cell_78268,4819.245602987305,-3122.028739585359
cell_87708,3587.243204316545,4021.0705714627543
cell_89901,-5329.688732884076,12935.317032368626
cell_83310,-998.858608679216,-40811.881726113825
cell_83952,-4894.247608677556,11296.206676467347
cell_78767,-6220.6002126712865,11771.938220499384
cell_86998,1415.5953293806892,5091.225091059808
cell_81991,4066.4779472895484,3043.4530223362935
cell_89618,-5930.822659409712,13062.63305060655
cell_90740,351.30874654127655,6406.586589694896
cell_79223,-1655.5015709334743,-36969.984378108726
cell_77678,-1070.540976863753,-38420.09784328688
cell_89347,5204.6773015683575,-4183.04122046573
cell_77914,1470.5122449387784,7423.746018914269
cell_82079,-1872.0837371019622,8566.367779660599
cell_79478,2439.501420887407,5581.501571759733
cell_77334,-4921.949258192599,10088.944930322778
cell_62333,5302.286965899319,6154.714527754684
cell_62510,3867.6320485265896,12338.845345355892
cell_79853,-4622.551625080777,11884.089946250191
cell_79381,-559.3952266470291,7384.667657403595
cell_81645,-1611.892884673169,-40821.04321827216
cell_77522,244.7373827013033,-39746.03025257474
cell_84219,-1005.3502902761359,-38716.05326461978
cell_86578,2215.228205564522,5122.720292891585
cell_81805,-3481.456445691979,10087.982069476924
cell_88575,-4352.737502334505,11803.57910558751
cell_62121,4426.8057623839995,10299.385091538461
cell_82251,-1370.7714741019445,7916.616131431123
cell_80129,3216.50161450639,4504.687922285309
cell_86380,-6113.996010705425,12699.284213494373
cell_78670,7165.034913604536,-5539.947818975094
cell_90451,155.30926424371245,-41967.1592565052
cell_83011,1769.9731887700252,5665.494016326793
cell_81244,678.7361966842113,-40414.41827725916
cell_87029,-2589.3259449191146,-34123.05413038193
cell_89799,-5220.647550058344,11069.641252807643
cell_86840,454.55188339878606,7610.055560365441
cell_89833,-2661.192056292208,8076.2877452905805
cell_90866,-3385.9663953253917,12207.923494488698
cell_90592,-4215.004142499546,11213.106965782441
cell_81147,-74.76190686781199,6730.948247458077
cell_80137,-4308.098617183658,13588.784763170688
cell_86429,-2847.7133437838534,-30764.808270622525
cell_90133,1023.4954360371008,-42063.06838545163
cell_78785,1808.0795141680112,6491.458435291676
cell_87485,-1802.5302167735936,-40334.80028079038
cell_87149,762.6739561795239,6332.35459669284
cell_79059,-5668.855812929646,10004.123190681361
cell_86731,-204.90622175108572,8340.675725996398
cell_81818,-304.99824915462534,8133.214061829344
cell_81762,-1494.8830869646563,9121.664484851013
cell_62957,4776.916441640228,9981.373048717627
cell_85633,-1198.7816374282763,6667.082924702162
cell_86428,-4729.120147765093,9126.096857882412
cell_78597,-729.9231484829685,7886.905746509387
cell_86121,1768.193036703239,6228.865047905813
cell_85659,-831.9889875190357,8119.567900430733
cell_90437,2413.856376861264,5734.343360817881
cell_82537,-5309.676511202834,10118.67986131002
cell_84759,-3678.203867551783,11948.428289062815
cell_89144,-4598.279614235031,10407.106265250572
cell_62389,5402.0090732829885,6290.000065106832
cell_90986,4547.428269605401,4037.035805588052
cell_78535,2876.6512222506194,7232.164785048279
cell_89344,4028.3044116141873,4365.361991235517
cell_81040,-2921.5465513426325,12099.854194120986
cell_62296,4951.984199748834,9010.62577726904
cell_78138,313.1268987162183,-40045.5199216871
cell_77676,1022.8483394916944,6679.526507459955
cell_87712,-2410.800410942438,8412.262171456376
cell_79784,6607.632960664716,-7677.069633328548
cell_82197,1183.792328428819,6511.935385546461
cell_85152,-473.99979780864794,-24662.086769433095
cell_85232,5028.64484496433,-3199.268801355339
cell_82596,4960.462550759787,-3489.452779326931
cell_84573,-5737.538626720831,9633.810902518475
cell_89107,7015.329842036069,-5107.825982523743
cell_85807,-1058.0883131254507,-41363.195918458485
cell_86674,1557.7552747861841,6223.816257991797
cell_88982,2655.6029446418265,7035.121823566289
cell_85618,-3029.4219265931715,10831.210485855687
cell_80376,-1191.8538976337263,9156.56723141489
cell_81466,1538.5416806561352,-42475.73947008855
cell_87644,7050.819992313296,-4875.805563838534
cell_62725,1925.0329442606806,15036.733052694923
cell_85797,-3620.210896029476,8942.31517793052
cell_83325,-1664.2625830853788,7512.6012529360905
cell_87887,-5236.028272199605,11426.03549235073
cell_86777,-3327.8866003883763,9638.22989935462
cell_62788,891.403886301624,14584.697906628411
cell_86525,5064.016449749978,-439.82779946454633
cell_82569,-4675.465500253067,10902.810123575515
cell_82865,312.6870895642816,7346.881715686619
cell_86249,1989.3183846540285,5840.838931988126
cell_63030,1983.8856241871993,15352.00210471871
cell_81851,6916.292099120006,-9278.49225848839
cell_81480,4391.223908639618,2767.6141764204644
cell_78027,267.0337071647696,7137.8185520960815
cell_62683,3578.205261061819,14421.37909801607
cell_77592,6770.295598669023,-9684.436548503258
cell_83698,93.93482419554597,-40410.69604666981
cell_79907,-2092.004160086536,9560.402972802895
cell_61903,2471.834381660609,11608.550269415091
cell_85914,-1169.0935205017952,8183.175164855412
cell_62188,-413.07598492260234,-40615.893128648466
cell_86673,-2192.1865851972966,8743.876991336163
cell_79350,2032.3460687713243,4736.887876845051
cell_80650,-813.2160439615534,-40450.468064601184
cell_83944,-2231.239739164431,9571.822890925694
cell_83236,3457.483952379885,2557.6195565683847
cell_78544,1673.2813432991475,6339.873210563017
cell_88603,-1414.9887522628073,8347.165384727867
cell_81314,2021.8295215176881,5723.305937748706
cell_84169,-4080.506030231652,11859.357181459784
cell_90730,875.2470815951527,-40192.59522248227
cell_62025,-3927.2823626062104,-29318.507425572705
cell_86885,-396.39195078309604,-40039.860279271146
cell_89724,-5361.107915667622,9622.016779045882
cell_79244,-4643.8805865032255,9674.344943996091
cell_80536,1108.6127270183617,5514.860528983942
cell_83774,6644.547396580111,-9135.223802401726
cell_82891,-1633.6898145551042,-39659.47100213137
cell_89725,-3224.9546768791447,8903.222683208767
cell_77669,6848.257521830602,-7758.156312763519
cell_61972,-503.20582629857927,-36417.32375933284
cell_87167,-5277.356693928456,12908.728139483794
cell_81081,1927.6640455690979,5724.252039282789
cell_62410,3193.381886030971,14706.004326739885
cell_90096,-4456.668402582858,12427.01094100183
cell_61833,4047.6373637574734,12265.415719520515
cell_89802,2911.5114670632033,6383.918049583647
cell_81650,-1774.066225413247,8425.90783206633
cell_86253,-4489.250507612308,10721.052444170668
cell_85255,-1581.6008151604647,9701.434229158185
cell_62807,4897.966762738511,6878.188395739249
cell_83510,-5800.507680356109,10203.866375081374
cell_81409,-5524.744871536309,11100.309746802477
cell_90552,4877.092560370316,298.19501406652256
cell_77432,-4475.711373839807,10993.7294685256
cell_62167,2809.237210129643,14779.974752428103
cell_80104,-2120.2268706109676,10469.194236741323
cell_88419,-5659.7240325927905,10298.419028620623
cell_62306,4532.672984304063,10475.037328777064
cell_82633,-4735.174992490414,12048.138003696247
cell_78170,-5527.999068406247,12943.01972740231
cell_82721,-1048.7746443505487,-35614.22314814692
cell_82992,6408.021319643113,-9858.60796701797
cell_81427,-1949.9371015028269,10816.313844949274
cell_89567,2035.5574293788568,-40950.193522432164
cell_63097,3141.7159296468135,15423.152399713961
cell_82012,2834.761098937876,4589.05389000049
cell_84949,-4987.091933796615,11628.937777582803
cell_88398,-1712.727869845198,7629.32341641738
cell_79639,-4554.96049095561,11899.936077730516
cell_89986,1894.5447063801705,-39331.01476124067
cell_88267,5362.9239552331355,-4692.901223073911
cell_82301,1779.0502832111658,5399.165214729088
cell_84389,-1962.8456791918384,-40162.04188492738
cell_86050,1638.667781363985,-42797.098757494474
cell_79610,-5024.27099834037,12943.882260946693
cell_88219,-4902.957549473543,10377.832113564575
cell_85868,-1227.7277307471136,8391.530717671876
cell_81532,7157.377020011442,-6121.573079693917
cell_84859,3473.2104182448475,4697.392084581947
cell_62018,1429.128024858923,-38872.90845613725
cell_77949,-2783.077383447624,11021.325470784668
cell_62492,3160.9091884745812,11672.30714247036
cell_77311,-3755.1916249465166,11980.244024092635
cell_90253,-423.57784275263174,6939.405832016158
cell_80105,4106.501590872654,6705.9542357039345
cell_77622,-203.41411092599034,6514.8886713140155
cell_81586,-1868.8249759043526,9699.6069380158
cell_79340,-2979.522947982777,10677.89038898155
cell_86881,977.9767547892982,6740.177600883225
cell_86656,-3103.028087129387,9013.109071736002
cell_79101,-5385.98915785591,11942.273850867608
cell_87908,-1233.4368093233902,-37354.86545873413
cell_62772,2822.5159747003363,15709.734819038107
cell_82068,-3845.226118427864,12242.673435914387
cell_86775,-5206.496881446453,13102.28296663927
cell_63151,-3148.5152165374416,-31098.047896792406
cell_80307,-787.6260154780703,-39295.592908951265
cell_90993,686.5641609764181,7101.445934617767
cell_88186,386.10395570532256,5350.287400083783
cell_88775,-3243.5855585850377,11338.382915364824
cell_86313,-3926.7105620302877,10304.639548608202
cell_90707,-3255.605574309845,-31893.62157088603
cell_80304,-2856.5418629884143,-33363.63283271128
cell_77854,-5109.738401244531,12320.962035490942
cell_79936,-5175.846200067467,13068.576070687584
cell_62591,3543.6363589025905,13956.936922175439
cell_78700,-5777.953156704608,11172.626939682728
cell_83664,-1565.8449943140267,10851.441008544214
cell_84544,-5908.937190729713,10690.582819193527
cell_82840,-457.1696380966213,6499.572354364178
cell_89718,900.9151170073384,7358.4679038208105
cell_62604,4460.694588624308,11730.235505322975
cell_81438,-1564.4215216617786,9863.2317766353
cell_84636,2038.9299222541415,5289.8394808562925
cell_63179,-1171.4419014891205,-35373.652184808765
cell_86107,4440.307204077578,3890.622212059957
cell_83684,357.8514335506933,6456.448295815252
cell_80846,-600.7868879466762,8084.989118106944
cell_81646,-5451.049030404184,11083.394351969826
cell_86296,-5652.896810708872,12576.261784806502
cell_88491,-1814.0706674038697,-40438.07731920842
cell_85294,-4676.47183227479,11739.133762986443
cell_62593,-1710.3153048078793,-39730.33296630223
cell_80386,-5421.824378774737,13084.873506312833
cell_78677,-5735.181644179949,10876.130884009272
cell_89489,-5429.4910337202,11591.96256029244
cell_78143,-4032.9396263377816,13260.066256828555
cell_86061,-2136.1603286177333,8265.323456057635
cell_82037,12.388136285050727,6977.100183375229
cell_77983,-2289.625314412869,8794.28777711321
cell_78877,-442.899535046625,-39920.41604658974
cell_82630,-4983.5655924419025,10445.60565821269
cell_89547,-729.69519434839,-40071.12531219974
cell_88602,-5185.125923755213,10974.153386571339
cell_81115,-5644.001476209062,10662.305385300502
cell_87126,1778.7510167144915,5619.0269444137
cell_81775,6027.987490326393,-2066.72229326021
cell_81726,-4793.101677195207,10502.894118578046
cell_62399,2612.1932631300556,15869.932200112169
cell_89713,-3522.1185437522017,11538.536236977801
cell_84875,-3117.195531689481,-30641.049662399022
cell_89433,-898.5880141945157,7834.081676989455
cell_88597,-4795.325659180491,11185.386659436415
cell_83477,-3903.2462078710596,9792.767616477382
cell_84353,-5494.652316858016,13129.716660917493
cell_88904,-1724.4218323514835,8960.017956078418
cell_90108,163.601179005621,6249.88162572468
cell_83986,-869.2274629323645,-40404.085446522506
cell_81206,-1733.4577711565473,9413.991006652164
cell_81617,-1387.822410445211,-40779.78409299164
cell_61987,3889.349387382268,12272.931592142984
cell_82656,-5082.429325594491,11878.023523384327
cell_81475,-2297.6693903584546,-34596.66623450756
cell_77954,4096.10786990463,4105.248108832097
cell_62943,2896.0955016342014,15338.781454147165
cell_83708,3397.118230279203,4345.319352172141
cell_82236,-1489.8993394939012,8070.24987514472
cell_77316,-489.99146244057226,8217.326220245093
cell_85985,-4717.04731272624,10140.46735269935
cell_88330,-5501.971000620168,12735.053530042527
cell_86533,-6068.992615055074,12400.475561727542
cell_90903,-3631.115591771567,12449.434541814138
cell_80087,395.92346698904413,8748.535693375985
cell_82368,2122.02182817514,-42920.00191618375
cell_88819,642.7904987568925,-38949.265018954095
cell_89177,-4488.789543565887,12682.283218123011
cell_79217,1906.864724350658,5938.528666583163
cell_82532,1730.290861309766,-42619.45321828102
cell_80410,-5595.034058245876,11843.989136331948
cell_61888,4530.620849666998,10993.221350714979
cell_83696,-267.7664912629243,6382.624962009203
cell_87751,-5941.723426664795,10722.531645960098
cell_89444,-903.1765890849142,-38281.20241415328
cell_84709,-844.4887657830243,7536.393269289605
cell_83996,-5060.471567255881,9818.759377124608
cell_78369,-5227.065819621498,10762.481367368127
cell_90313,-2497.0432600277454,11399.49545233706
cell_80395,6675.736634481894,-3747.132048843689
cell_89125,-4842.980872627118,11796.60416965394
cell_89730,-4048.8478288273504,12978.046087282357
cell_89972,1897.8491239086138,-39563.056605719146
cell_89881,-5809.747425013809,9779.74884941427
cell_62231,3202.243369165711,15312.918802312475
cell_82714,-5566.133644496612,13121.821055043429
cell_87518,-5804.531942014015,12399.601623958055
cell_87010,1438.9982908641268,-40378.8842440422
cell_62825,4936.756641230268,7473.478818484966
cell_86477,955.8457328488474,6546.813169953894
cell_82246,-5083.507860771552,9975.529933488366
cell_90597,-5257.445363417643,9948.731843452788
cell_83012,-2267.7805702378932,10990.166533546051
cell_78507,-3283.4084238779865,13228.141696475896
cell_77343,6412.710880965593,-3609.8448064461422
cell_62682,-2244.0109172030493,-33486.00222394219
cell_82941,-3999.9457672478743,13065.76776331175
cell_87709,3637.7879557170327,4493.334055239048
cell_86739,-4253.06178735248,12205.67374431852
cell_87242,-4317.340187412044,12099.611858652168
cell_90860,2633.289758326695,4781.4035410056285
cell_63190,5544.853514842269,-1857.3692581244268
cell_79707,-3590.1092042766923,12030.535095561865
cell_88539,-3418.687360406089,10996.188869139985
cell_62982,4325.880990082938,10842.476155105367
cell_87584,-2142.49523630383,7825.944441883542
cell_81424,-6040.0980421509375,12654.837804415545
cell_85897,3981.8695679108077,3437.311532528221
cell_90867,-4952.308512345885,10287.90957722085
cell_89841,-762.1068174766832,-39748.005146689786
cell_78102,2526.5524155829753,7787.327626268848
cell_77770,-5342.186835147388,11451.2256709987
cell_89791,-4870.287316479807,10701.917633449702
cell_62137,4346.76785141242,11819.459919345114
cell_79775,-4541.68433422538,13212.09674203713
cell_79210,1740.493081669512,-42816.09417566173
cell_77803,7164.115784475421,-8024.286476460042
cell_80459,1959.92890573183,5503.767165622334
cell_85673,888.6141025548635,6449.0235077440775
cell_79572,6749.763389498144,-9006.747968923435
cell_88807,6982.766201417378,-4841.355112723536
cell_82970,5091.519083174186,-862.338773187866
cell_86424,-2792.847461454738,9227.435536749796
cell_88181,1836.2235640606905,-42552.57158873706
cell_61881,4455.623662676109,11599.4402073155
cell_83066,-5254.887145062651,10070.823115533223
cell_87555,-5566.146368127485,10732.203930406416
cell_78463,-1719.8374451499537,10580.340898900728
cell_79030,977.378968380418,6326.741355159065
cell_81888,3643.990512067912,3313.761921443802
cell_84435,-3521.4969513733345,-28147.62692973291
cell_86045,6944.855293668539,-6749.826892132993
cell_90613,6775.144444232536,-9219.06790354513
cell_90114,-6072.3461572346005,10447.483038458407
cell_80102,293.28483420258107,-38450.78761038241
cell_61856,6385.279659675937,-1916.1514305230376
cell_90442,-5764.25415123795,11336.018271651954
cell_79874,-2768.819257412829,-30602.040468885334
cell_86696,-1765.8851772237115,9203.234419177214
cell_83948,4747.538558415565,606.9869993247711
cell_89962,-3303.4932990791613,8547.684169290173
cell_85699,5467.386002446875,-564.9956728007115
cell_90966,-2372.041237151799,-32429.583159927617
cell_81879,-2311.2164441080445,8460.973348691945
cell_78758,6596.678500897481,-8847.438235800953
cell_62834,4358.611323829993,10931.00611338392
cell_82116,-1898.4829070285916,-40518.45515698243
cell_77449,2405.509671043956,6416.584385810282
cell_89864,2238.8254171267745,6178.238564905208
cell_77411,771.2997741513083,6237.840276306299
cell_82517,-921.5154295567063,-40390.51130335716
cell_88656,-1789.2654814849404,-35475.94210251303
cell_79467,-3314.515011856761,-27878.584141736617
cell_78568,6769.179374573246,-3905.7116739843436
cell_82860,-5195.815326499662,12126.444349150614
cell_88499,-4524.698687800982,9509.6654965274
cell_88668,1771.272813912918,5362.380279576389
cell_61925,3388.630355829681,14256.188115459538
cell_80387,-4756.580084776747,12382.995934403361
cell_85790,-1339.5531470299463,-37855.46535418577
cell_82792,-1636.7217504836597,-37630.10667376993
cell_86023,6585.515054584131,-8913.820322962034
cell_83115,-4691.088750545618,9772.279687708036
cell_84008,-3384.1994608809364,9498.11795982107
cell_81929,-5022.976881938896,11864.638461869507
cell_86514,-1206.606850639541,-37298.04934164455
cell_63176,734.1531229715862,13336.063449076644
cell_79123,-4008.9328339043386,12161.55925089748
cell_79073,-5169.073355029874,10218.11443699483
cell_84056,-5739.710228088518,11300.452479322055
cell_88652,-5899.25049269146,10339.654465192347
cell_77882,-114.20732868323394,6324.87446095874
cell_83092,-952.9810100527399,-38831.94238970623
cell_90801,-1618.7261225532707,7958.6197179938445
cell_89278,920.0708306891851,7141.419745333306
cell_86541,832.917377876555,5425.573149199163
cell_63009,5004.936087533753,7732.565830507311
cell_86479,4853.478899065425,-135.6500758220929
cell_83097,-3612.6012489955438,11466.605489927066
cell_78365,6149.888737470673,-1899.3949330956398
cell_81909,-4621.695272959807,11766.670681531697
cell_80733,-5085.132861871552,12113.816958696394
cell_89673,-510.459027285274,9046.030541407272
cell_83866,-4463.4682300067125,12071.228024318254
cell_85216,-5482.605440869918,11140.828635700964
cell_77847,-907.3810278754147,8312.043733862469
cell_84818,-4163.100201056648,11704.97269543641
cell_90636,-3453.8947753617867,10804.62815435617
cell_81848,6863.100230437562,-5230.342143741937
cell_78917,-4187.189616092915,-28136.7832390254
cell_90503,4619.806735608952,3503.8031820356277
cell_62586,2224.3604735672525,15724.060837819683
cell_80950,-2212.4219310633853,9003.521025486238
cell_83935,-5873.212254296439,10036.533642195574
cell_87739,4192.683108064362,3661.5395464465328
cell_80258,-2535.4808660929393,13999.69747837252
cell_89027,3188.8025972024407,3884.0351362796087
cell_89893,-5044.3548105933105,10966.84585626617
cell_87746,-3837.65463258593,10821.65958600225
cell_85746,-2400.927976537865,9203.22523439059
cell_83038,-4333.310646996098,11595.862577955617
cell_90170,3945.4037263687956,1267.7033531327102
cell_83479,-4557.626428661913,10025.015911938115
cell_81831,3374.631184912684,3751.4259511010337
cell_90674,-1926.7845182164322,10014.628953204097
cell_82872,-3957.6827089711637,12469.808262827624
cell_90596,1196.169414720931,5873.441390091006
cell_83882,3571.014830513008,4965.2582422645855
cell_88940,615.3826858926357,7538.7115101315
cell_80775,4219.717661863184,4197.406611554909
cell_77646,-4585.702570002239,10958.603252369643
cell_80900,-4800.358259466361,12930.16804580486
cell_82731,-1242.5188936808909,8535.695058014539
cell_82867,-3054.32269768749,11740.659369827263
cell_62327,3049.22786855156,15898.959446409408
cell_89185,-2628.1901840892424,-27254.577415515934
cell_61959,1356.8029708377928,15099.725011805582
cell_83333,-5171.720701541951,13169.604293535065
cell_86859,6151.36298318133,-3431.741037542323
cell_78331,-626.1446728074452,-38514.740867558474
cell_79676,-1148.3588137553356,-39610.90198246806
cell_62842,2801.9024138417944,15326.464920839859
cell_86435,-1505.9532613645163,-41184.09295785017
cell_62267,1802.610792110763,15939.596287127655
cell_77560,-221.41637287435546,8235.944527275178
cell_90449,6824.504166208856,-8269.083985103274
cell_85167,-5182.244155732961,10853.324031536396
cell_88681,-3785.0254512935317,9597.309480450935
cell_89152,-4020.830428654715,10925.263453413416
cell_83162,-4952.188498422405,12014.49173984289
cell_62611,2424.4297479250304,15928.393941057411
cell_62981,3730.941507415601,13573.744810808827
cell_87207,-5736.540289707035,9992.682860807912
cell_89068,-1453.103388073869,-39416.595015623185
cell_81423,-1469.6531362348,-34807.91596358177
cell_88860,-421.4687534578336,-40342.92397465656
cell_79157,201.7968936700287,6880.419476836003
cell_87651,-2469.9241630417937,8271.393130296401
cell_90523,-4579.1183414275,12732.0284509335
cell_80838,-5565.788699727962,11448.819446278312
cell_87807,5897.754959769187,-1763.648044167281
cell_80546,-1601.345900260193,8884.00429210555
cell_87735,5480.537556654778,5977.780775082204
cell_85725,1561.4441147579134,-39424.303450240564
cell_84106,3813.6132546180283,4578.580260876088
cell_90569,-2039.127547633714,8889.454623249561
cell_80337,-5652.3425812412015,10383.626873827152
cell_84980,-946.4026057847923,-39213.628934766006
cell_84160,-5756.584783703903,13147.99981486259
cell_84109,-4155.335799490454,12042.08396643155
cell_87017,1649.3604479996322,4502.943706464098
cell_86786,-4435.667358970853,10377.955151122378
cell_78789,-1579.263855169549,8237.08083987517
cell_89528,5684.812615726417,-6230.786868699897
cell_87075,-1762.2348802195354,-39778.08082809759
cell_78115,-2199.598347707089,8193.038631797173
cell_90832,-4280.5661425519975,13551.216510463466
cell_83777,-4876.487359397416,11178.993356586532
cell_84395,-97.3512169163663,6445.47580708752
cell_82279,-5363.026985100973,13221.288518947622
cell_62613,3589.3365183211536,15214.06292458996
cell_84509,-680.9365657562496,6764.143457068601
cell_62694,-1370.2994033182745,-39851.22386840336
cell_88692,-1525.522550576382,-26060.55083612995
cell_84480,1659.583040307017,6034.736820230034
cell_82529,-2029.2262486546363,-36307.96298083968
cell_89988,-3391.696741702014,11909.609360452234
cell_86941,2045.5277317850946,-42897.85120297424
cell_87200,-5117.986429301063,11800.111962445033
cell_88417,4177.397829151015,2089.740031063674
cell_77386,3342.4774801748567,4038.2241481614456
cell_82780,-2974.973579769446,-32979.18759895065
cell_83551,2429.2340627694293,6263.974009367527
cell_80994,-588.9737520492598,9048.795522731842
cell_88437,-4278.186861268822,10500.128034973606
cell_83338,-5923.32578013959,12922.030991073394
cell_79295,-561.1148536272306,-39323.422635874405
cell_78657,3962.407116043794,4124.233088938911
cell_85142,3936.4701523599783,6546.290013975648
cell_88017,-5104.406277296883,9942.509985480652
cell_61933,4633.300303895096,9458.671769944454
cell_90100,-4433.875209760527,13402.468422354015
cell_86311,671.2577058503302,7175.193875341823
cell_62659,897.4370155982538,14129.389710222804
cell_83957,-3625.2889991562793,11989.175941016001
cell_62254,4566.6251822621025,10144.01133262858
cell_80253,-1307.846852152015,-39915.33323607691
cell_83718,-2218.6705709017533,-36987.79085100638
cell_89440,4511.84539672998,3688.2776783101467
cell_63156,723.3360452538521,-40130.71247634749
cell_87643,999.1763009430794,5912.496723770048
cell_85775,-2464.879357849973,8158.994178919744
cell_86890,-124.25541020017087,7248.396233637842
cell_86225,-4454.017010004734,9985.674418281818
cell_84632,1235.2468525535053,6751.958571938353
cell_84838,4292.813097233689,3501.2001259348876
cell_82866,-5323.987313568539,10789.1186434101
cell_78719,-4446.59760952752,12478.892707519042
cell_89102,6894.734099479416,-8018.0358386302505
cell_88899,-5889.777418158682,12732.898400629792
cell_88050,-5500.145364119632,12475.720792487093
cell_86353,2894.2965047308558,4191.392418998831
cell_89924,-125.08839367543041,-38900.65629830287
cell_87306,-4720.532334219861,10538.192683283733
cell_82589,-966.513322447027,-40266.64893635631
cell_84713,3092.039998258074,4197.524392888472
cell_89463,1159.8695426284041,5860.879908925871
cell_83396,-3426.025817225844,10897.239673049495
cell_89048,-3457.5045444151833,9693.32757898304
cell_86907,-168.73300541529318,8189.876552737908
cell_86649,-66.81646674517212,5973.862476957962
cell_90731,-4933.959468774266,10202.143818983914
cell_89439,-5001.354787605814,10905.39720359087
cell_84005,-2887.7858734037345,8129.633826918992
cell_80385,-3736.137992847291,10406.353922465581
cell_78026,-3987.0531346130147,10974.062576019414
cell_79932,-2672.4599253409274,10237.564917888829
cell_85549,3553.705912820255,1280.85796757616
cell_84587,-5181.494157793997,12589.261391654325
cell_82056,-304.161847674678,11307.799180462862
cell_88410,3106.9595026640754,4600.242425017504
cell_86498,-4358.189268412037,11410.536580519607
cell_78973,6096.297604725,-2154.8601317864377
cell_80516,-4433.610185067991,10733.184005687945
cell_90043,-5819.507304035019,9992.7296664015
cell_81197,-4015.3768637874655,11720.864239046889
cell_85722,722.3880653138522,7800.037156232276
cell_79732,-348.79178855749643,8991.02987330156
cell_61837,2474.6275810610105,14540.076061616763
cell_61809,2020.7407728802307,-39629.42582278655
cell_86058,3555.136421119344,1367.7935816660406
cell_85064,3706.060081997864,3852.080518629013
cell_77867,4549.609142359649,6421.761321017169
cell_79262,1486.152926653157,6012.31181954378
cell_89681,995.928940353679,6898.904056455899
cell_88707,-5603.029485520511,11405.374919755775
cell_86375,3405.449011805269,5095.000972466092
cell_78908,-4577.324128704992,9968.557677209506
cell_79437,-4391.342573515315,12640.06754964721
cell_82545,1264.3435107195971,6163.281218096526
cell_90006,3487.539414811526,5290.494693871751
cell_87422,2421.43186950061,3117.292196938653
cell_89066,-3349.7417673406594,-31525.187588718247
cell_90741,-3690.9448358927457,9230.453546469656
cell_62366,2399.4327325433724,13941.160630795117
cell_82913,-5364.119599444912,12912.538684852983
cell_85964,5312.918300026844,-949.0328178500483
cell_80710,-1111.9508732880101,10043.216498279091
cell_88173,-5950.033662986446,12099.193231513886
cell_89808,-2884.217910877154,-27960.728962903795
cell_78377,-4624.19503019476,12292.795324076043
cell_80771,-4908.104065320555,13326.048635850817
cell_84222,-2445.660853627263,9909.476349216893
cell_80532,-4313.813303641633,9980.445752326641
cell_77652,4403.21098167761,3424.838102692647
cell_62617,4332.745659745915,11580.806631431142
cell_86617,-910.8073404524479,6780.550302539519
cell_79691,-5228.081087126236,10354.544234817942
cell_86247,-4419.871231370296,9332.710934038114
cell_88334,-3091.5249818715693,11247.78286471992
cell_82283,-4409.798096247618,13566.375858400188
cell_80125,-204.08876398965114,7221.933718901061
cell_82550,-5487.352918672441,10473.351203390688
cell_79471,-5926.936805325296,12793.38577946832
cell_87832,-4737.936949246761,12728.407892785393
cell_88886,4441.281720886779,5115.979959548578
cell_80273,-5413.14968180786,9674.412606520238
cell_82430,1962.244701884304,6086.283772291115
cell_87364,-5853.494256700527,12079.584031773426
cell_90457,-3191.4015990351772,9188.590064960763
cell_84811,-138.21618639002395,-39306.06531288688
cell_62926,2888.274944886141,15447.252357775224
cell_83366,-4981.916572386282,13586.710549751062
cell_78256,-1025.0674012005295,-41157.5955220387
cell_89085,-5754.253787646518,9883.734440460901
cell_85813,2602.2096327060403,2780.981133609793
cell_88024,3429.3152243085456,5424.113510895939
cell_84844,2242.5483509875344,4558.308873680131
cell_86062,-4819.960489840647,12661.235224200904
cell_87916,-2569.5690891369186,8526.557821578454
cell_62837,2167.6244676079286,15318.712838832713
cell_79149,-4703.138967947708,11211.160913210515
cell_87123,-5783.290300484689,11042.268736054491
cell_87061,-1221.1401724029,-40415.58737852702
cell_80064,-2654.0046284845375,11128.386760789894
cell_83538,-5289.564708156955,11498.654554775796
cell_90373,-2378.69069581358,9432.743900593665
cell_85324,-4033.590284359076,10665.16906684394
cell_82014,-2023.3395128937264,8195.29219031165
cell_89884,-1821.0565568641175,10800.099907586533
cell_87738,-5893.545782483504,9918.67185683171
cell_79150,2120.524751823848,5636.178527041944
cell_80512,6560.477719254261,-9861.095920177193
cell_86419,-2066.2902061823256,-37483.7498638099
cell_84732,5752.20369051671,-2305.0632887712463
cell_84210,-5124.175592250397,11133.274159346898
cell_89018,546.1984832766875,5711.300629230085
cell_85873,-2388.8288201401374,8649.942429462208
cell_63051,5050.630579521692,7189.213288648826
cell_89582,-2066.339065841511,-36721.65483559689
cell_78179,-1982.4000425208972,-38407.81788479776
cell_85469,-3591.546649264524,9513.539693466939
cell_81357,-3103.7413104053994,12570.682447039631
cell_80298,-4201.161584123949,-28642.425757420624
cell_63038,3385.673839862604,15687.146138000202
cell_85240,-2279.1686054636198,10429.838418178073
cell_88293,5321.401190376836,-1765.2365345531878
cell_86838,-6198.230401384721,11662.786683049575
cell_88871,2852.27124412588,5215.653670903726
cell_77870,364.7066970920765,6515.958242811731
cell_80301,6459.969762081334,-3099.3536587933822
cell_90911,721.6149464586169,6299.531866396742
cell_78906,-3573.152297976337,11930.267306691047
cell_80389,938.4557134926558,5189.354214689195
cell_83264,-1418.080197886482,-41055.70403768055
cell_77437,-1776.8562243322192,-40070.501186661
cell_80257,-1049.4699164326198,-40022.69060952083
cell_81882,-4717.710139150087,12571.221944739367
cell_86394,-4469.939461446939,9468.788714702805
cell_88887,6133.770592358865,-9476.592327935705
cell_87633,160.40686102325623,-40261.68606404645
cell_85954,-5626.863025338106,9935.080684361139
cell_84686,-5485.00185317819,10169.502866101246
cell_83418,-4001.6372546155167,11593.366090426896
cell_89190,-843.8571789911119,-38865.66139584772
cell_81915,-5684.687501919425,13132.060196006063
cell_89179,1185.4725365043605,6440.4228214102895
cell_86806,-2244.20365480801,9912.868237202965
cell_83174,-1178.6320803719802,-39821.154576978035
cell_86397,1164.6897440944,6175.7974221740915
cell_87748,5792.95328666798,-2152.814811140946
cell_80414,1620.4625598569553,4193.9986684354435
cell_84669,-81.56968205048628,7310.95680968892
cell_81705,-1649.1922017302209,8599.424742787325
cell_80955,-3681.1041471381513,11129.833838013388
cell_85158,-552.9347780131098,6847.25484048312
cell_80961,-5801.382448027123,10978.5997626551
cell_81470,-3964.025102360542,-27856.33490220565
cell_77447,-4340.386895651935,10377.720711042788
cell_87621,770.7842084219617,-39884.41681303392
cell_62237,3857.087360141052,13463.502674557038
cell_83305,-4368.261701259852,12554.539430986235
cell_88396,-5928.251335761683,10554.044952565988
cell_90422,2688.2400266005357,5849.496651368612
cell_80979,3092.203067410622,4049.2366316258103
cell_62252,1000.5851580648163,13792.412091666356
cell_62461,4645.961804595642,10418.152766995832
cell_78107,3173.7354044593076,4860.4126106313615
cell_89832,-1969.6155799210037,-32978.69934523107
cell_78389,-2430.3296772763783,-32031.68846716239
cell_62077,2651.897462932642,15413.311873628592
cell_89537,-3091.2863308751685,12039.419330131575
cell_79135,-421.00116761677,8801.026034505488
cell_83051,-3373.7374535773465,11614.183352318461
cell_81606,-5111.213952945967,11710.48188696694
cell_84341,-5804.108828583856,10039.297249668805
cell_82157,-5957.853528971328,13318.368937373114
cell_88970,-758.8535042315821,-40466.70640543121
cell_78101,-3708.2952058545684,12406.662609048797
cell_78165,-2416.6261439620334,10663.253176656344
cell_81124,-1651.5319533455258,-34800.709160465856
cell_86901,-1301.238006073098,-38945.36973107895
cell_62973,2369.1812470185464,14960.760862401388
cell_78990,-2464.6140944363815,8773.003777541104
cell_80985,-1171.4550498289966,11262.419661552425
cell_82962,-1618.5773104518253,9266.217309970509
cell_86395,-360.53136335838803,-37744.562623881415
cell_78691,637.1019745867787,6847.557588952822
cell_85270,6557.487681731615,-8186.422541689227
cell_84538,5208.275710065242,-314.8202028151817
cell_81815,-5714.801168301063,13237.097967668313
cell_82804,-4767.994085423133,13125.922688537443
cell_86910,-2037.252097038485,9677.291148044687
cell_87975,-4044.115506079123,9659.118146016848
cell_83788,6806.334214396832,-8343.596796085954
cell_88367,4140.709170939535,6322.352451402852
cell_84131,-2843.3914014178154,8539.282164926612
cell_81332,7095.873066096465,-7611.763666485597
cell_85382,-3151.921543717573,12328.004083246755
cell_85309,-5650.968707304236,12748.667161713953
cell_83046,-2463.1369176459793,10302.249421174967
cell_79933,2365.0462662735436,6117.231195571695
cell_84531,-3578.952121286875,10786.670436179875
cell_80099,4698.183973633965,4334.7518489243785
cell_86646,-1402.8010116671549,7663.757902721581
cell_79029,-1568.4621491531482,10826.27895801649
cell_83414,6840.329591008193,-5347.99583375796
cell_78448,-4116.369857159038,10747.104788655846
cell_78550,-1513.243340909003,-40561.828553458006
cell_88069,6832.503561696442,-8095.54849949292
cell_89937,246.7064651652808,-38032.56488419613
cell_63155,-546.8311470452028,-36520.96412969018
cell_62828,3233.006767190552,15445.420111436528
cell_90166,-2383.919622384344,10077.125132548168
cell_89707,-3748.476942652696,11387.342222427815
cell_84962,-2926.5075589395606,-28561.51553277297
cell_88046,-5652.96082967743,13090.272058417047
cell_88449,-4634.680818302303,9961.460158011549
cell_77674,-3357.3466453121237,12691.620259982124
cell_87640,709.9957474988232,8078.131586194186
cell_86170,-4587.739505917303,10515.248151123014
cell_79128,-2136.4112573529155,11275.105550116616
cell_81020,4191.187386018901,3284.4375921643236
cell_86790,737.226309506203,6696.393350073273
cell_89393,4033.4468073901544,3153.0422064159834
cell_81312,334.0986739075601,6080.112168465744
cell_80081,-700.3659210068796,7457.793035879461
cell_80075,-2656.250276459531,11948.45219558123
cell_78640,-5289.5550272722685,10892.831837938375
cell_79961,4321.114786767757,-1118.043512032249
cell_80717,-3477.195884194078,11132.518923630769
cell_77475,4525.636108284674,4007.4561730640844
cell_62942,4849.032598675312,8047.68600972881
cell_62915,3281.84038674174,14499.732332015063
cell_84679,860.0619261515407,7837.837927187268
cell_82613,-3359.739407399728,11161.47826239061
cell_89402,-2452.8558608690664,-29566.667694343636
cell_81878,-2994.5645206409995,10474.236702234079
cell_90970,-1779.1453078460042,8219.101657222049
cell_61892,3908.4709096068887,13551.062464833714
cell_78540,-888.9916280578441,7563.569982932935
cell_78781,-3522.1051854801694,9513.730797237622
cell_78592,-2786.9701027483015,-34122.24387504441
cell_83453,3628.75593914603,5644.59752738785
cell_80311,-729.0887002526741,7727.039740597221
cell_88696,2655.310214677086,-40290.53052820012
cell_83877,-1554.5041499020977,-38367.22779661004
cell_62927,2608.606248816689,14169.805657784094
cell_77537,-4320.0806417551985,11777.868763056858
cell_81667,-797.5651095561002,-39965.17296061483
cell_84004,3029.2057705226107,5538.339612833634
cell_83422,-2641.7709152178695,-31581.120845894293
cell_90856,-1118.6304706785431,9310.337066754355
cell_79021,-5899.446616780584,12417.206775174815
cell_61794,3724.683632396247,13716.863295378527
cell_82345,-3504.116586909317,12634.581220594753
cell_80379,-1266.3473356120826,6747.1275946234055
cell_89047,-5879.524606094188,12285.066651989608
cell_89814,2884.6617502916574,4347.761989817352
cell_86128,-5904.403336907456,10210.51917220052
cell_82723,4115.418508974152,-751.6824983413437
cell_86585,2732.5565114092547,5064.541363681804
cell_62268,3997.89220551438,7756.262789827813
cell_85769,-1188.4305450913964,-35113.146780236864
cell_90033,-730.0612885876533,7350.99511264858
cell_90068,-2235.2826880393486,-36328.75089571202
cell_61884,3065.357826868319,15306.303291088312
cell_89944,3211.395001980389,5935.048181455991
cell_85049,2951.487199359344,4774.330605569948
cell_62086,4621.967061915508,8191.677140835883
cell_63186,2292.4488016672026,15040.77064122726
cell_87877,-2970.806327275711,9545.820945040712
cell_82947,-3528.282984884488,10933.475449699317
cell_83193,-5118.817645236857,10625.214484748203
cell_86475,-2957.5856340948494,11279.92114997816
cell_86444,2489.2071479245574,3439.556206451117
cell_82679,3188.8432479170497,5176.48505445418
cell_84605,-2893.9147724291092,-33245.616321372014
cell_62238,5143.024352491596,7073.006084695306
cell_85792,-2977.0055593036986,8228.486848712932
cell_86044,5082.0773569776575,6043.988108658934
cell_87372,981.6866051591264,4927.07128319417
cell_62557,4811.995373555822,10584.125331346142
cell_81718,-5557.914309197087,10617.094960764241
cell_86587,1180.273037621201,-42620.128564558094
cell_62230,-274.8481645279238,-37294.793634171816
cell_91046,-2439.367110737633,9774.72914877627
cell_84320,-3231.8584630569662,10228.629814056241
cell_80574,-2721.2622449486566,-29447.993734617354
cell_90825,-4721.6056826215645,11945.772015667717
cell_86191,1618.2911497646614,5539.292537722785
cell_83462,7065.196803347006,-5293.949517160185
cell_81043,-5523.138735019893,12815.298853244576
cell_90316,47.02644423281597,7907.611791244383
cell_85051,-125.0702089732503,-38278.14352953073
cell_77462,-3282.451924872574,11001.85459402844
cell_89622,-1077.5305398761463,8841.367254746705
cell_77326,6006.028818867419,-8818.07296922451
cell_85989,-5010.55202196296,11173.732772181262
cell_81519,-5928.880038438636,9988.974059688395
cell_86928,1343.6054484326041,6525.7448052356385
cell_84545,142.55316153519107,10226.204640464315
cell_87032,-357.25616429497046,-41771.38559305954
cell_62473,2251.7838953436326,14341.841328843788
cell_78197,-5389.827388513846,11329.553002955394
cell_83223,2490.8517269277163,2685.5174575049946
cell_79218,-4533.867805733796,10236.190493275692
cell_85105,-2726.6915679807585,-27812.9708384991
cell_90814,-3424.4339818751305,9643.358985075036
cell_87798,7092.541166113158,-7131.599694591295
cell_82161,-315.60204538945277,7452.487563162172
cell_62630,4149.229501786988,11714.376478314862
cell_88411,-427.85460188460434,-40958.666447154734
cell_77579,3391.79822365437,4114.826524324915
cell_78382,1329.4541541047397,5894.636564400568
cell_89998,-1778.4592396966066,8367.579806673297
cell_78613,6875.963860258789,-5815.2116137000685
cell_62300,4210.827485179339,12518.63214743959
cell_87168,233.06729038108233,6177.086428197087
cell_89744,-5551.471080596702,11390.571855140777
cell_86670,3889.573765573644,872.6314713921271
cell_88793,-1033.5872378779127,-39702.048312965206
cell_80019,-2228.2748644758217,8730.013726761477
cell_88916,4893.503534354426,6161.662159097326
cell_83854,-3483.885922210502,10993.033164704264
cell_62437,3996.939530597797,11083.22901267919
cell_91071,-1319.5075920506815,-37622.74729252447
cell_62400,2647.89075918524,14955.091947691753
cell_77892,4196.74063848481,3101.9521607709084
cell_90234,502.9114067531372,5687.205846398442
cell_77518,509.699686069837,-39438.57195239883
cell_88082,397.67232504228645,-40208.14169140594
cell_83153,-5146.115274375341,10398.32194879286
cell_90635,-1473.3618439315676,7832.3178513609855
cell_89187,6480.156759830458,-3045.0635612202113
cell_80400,1395.7878152260448,-37687.7758732957
cell_61875,4705.304904809525,10771.352202540791
cell_77648,5206.79070211035,867.4881966768997
cell_79824,-5882.578915353321,12942.506116588596
cell_82963,-5886.8678056600265,11024.987899108126
cell_80839,-4264.338178307577,11934.295963229559
cell_80274,-1155.4734226751548,9655.257920088157
cell_82576,-2916.8192456386973,11168.012753481049
cell_79675,-4294.008692408587,13165.40459944175
cell_81691,6700.202100044983,-4688.5981378267
cell_78104,2441.745785907235,3586.8805105244764
cell_89968,-2314.3517262728783,11814.14582692671
cell_77890,-5923.28890596378,12572.577748385302
cell_79283,6193.134499862191,-3676.919627406266
cell_83122,-2100.0062167392584,7825.026055961677
cell_77831,-211.25309361226547,11447.589038856018
cell_81746,-1632.7328102898712,8438.35737520645
cell_78040,1740.889015173725,5573.173730081824
cell_80415,4342.025070714869,3879.565361841657
cell_90042,7180.443761802872,-6531.047709135563
cell_87891,-2880.4303196939013,10455.436667261978
cell_63036,-1908.3286064737206,-40220.68887211115
cell_90140,-292.53339038193366,7802.577179311757
cell_84420,-394.86126769266485,8092.852848470989
cell_87639,-4700.711176026843,11305.190261294953
cell_86372,-2419.706479237001,11151.462518003316
cell_62721,2388.6861284565416,14761.00448248742
cell_85175,-3116.7524651943268,8619.064722355992
cell_79810,-5522.203948362162,10492.917766780258
cell_81583,5395.826108613824,-4830.051051131466
cell_61996,4561.0001624127235,9830.246408151626
cell_63014,4510.258479859313,9669.618791411574
cell_79520,-4205.361092589668,12154.067974155632
cell_89295,185.32525564131043,7785.617842051985
cell_80894,-4659.357528564281,10580.569933711906
cell_90223,-4477.307710786991,11092.47283705375
cell_83679,-5283.163263454848,13063.759641566054
cell_87695,-4277.283409234122,12863.95495764523
cell_77539,-5210.655864172868,12891.616651739128
cell_84894,-4299.637538071373,11068.823208605192
cell_62334,541.08656926952,-40733.598025855455
cell_87958,6780.217054703218,-4386.975768926631
cell_86214,1171.0604383101663,-37533.375752089305
cell_80484,-1145.9725283160835,-39247.50705792565
cell_84059,-1550.3983612300588,10560.349437020086
cell_78723,-1518.423693427546,11785.004518016438
cell_89203,-93.63476582702332,6608.896877144078
cell_86464,-4964.451718484415,11939.124759933444
cell_62429,-205.73830235805983,-39662.106308651884
cell_90065,-2876.582308532414,10017.25207528298
cell_81592,1730.8961461197102,5843.588862892559
cell_81711,-5817.964147186425,11315.67576372359
cell_78087,-4502.046084155356,12537.865149698204
cell_80452,2.858057631325387,7196.0761163850575
cell_86877,-5708.003595107801,12533.083262045468
cell_90274,4431.650731907677,4800.0997446178535
cell_83911,-5446.566505373667,10974.891880144414
cell_62634,2343.0773882363137,15654.02994601905
cell_85505,-5036.533699794919,11590.469969843849
cell_88686,515.713797414364,6649.3916198371135
cell_86200,3602.3428975924626,2887.9002047628746
cell_85532,3673.80686270844,1133.930167110033
cell_86922,203.91960444510823,7067.329050212768
cell_89423,-5506.675928507675,11196.628783148248
cell_82808,-4976.858728041164,12385.156595965593
cell_85413,-2158.6065621415746,9178.960542376202
cell_79113,-633.2514044704275,8855.455120124383
cell_83677,-2075.3133568607586,10001.840000416552
cell_84085,-1336.5990820161117,-39411.85884349093
cell_87551,-1790.30369170926,8379.82106111904
cell_87232,1638.2492540809008,5454.301939819524
cell_78924,-255.72943509119767,7062.909789430383
cell_80948,-3204.5041675187254,11511.46241258159
cell_62402,3758.1269933172134,12357.323614023413
cell_80730,-2109.835411746097,10231.676425501135
cell_77772,-212.2492888862116,7927.05321115248
cell_89607,1059.237864500588,7246.756499693801
cell_80780,-3796.6049791565183,11316.278216651122
cell_62705,4920.808835566063,8156.130186841158
cell_84319,5437.2153522996,-304.71375379972795
cell_88704,2374.2445067266194,4832.8518559779695
cell_83979,772.0089366121022,-40063.593745286824
cell_86184,-2235.458788574382,9236.686304627478
cell_63040,3753.5374733174535,8036.693575465579
cell_82402,-5395.74564780627,10528.719845960411
cell_86328,-5779.670831484309,12559.720732500908
cell_85908,1460.5519366692322,-37054.214830035125
cell_62621,3755.6887019502233,14077.089790098988
cell_79594,3528.3028408216187,4070.9497509000953
cell_79530,-5403.490698241253,13162.874660712741
cell_77508,-4838.861103161477,12157.004732857957
cell_88746,-662.4556766304429,-40474.78698727836
cell_87098,-4550.500711390568,13248.665820613669
cell_78699,-5027.679030523799,12372.492403384107
cell_86759,-2208.7507131015395,9323.283245960112
cell_79162,3994.3300968384106,4602.116635687967
cell_89471,3490.715198760803,1043.0070038038516
cell_82384,-5258.122887939321,10481.34537845716
cell_91024,1206.3007602783862,-41692.25712054007
cell_81128,-745.6886580791487,-40734.27104911529
cell_82454,-5873.20580226757,10282.344538489753
cell_78782,-1126.719768703027,7328.583215474039
cell_84346,-3899.0580020270263,11558.428344130176
cell_85916,-5213.889686956537,11951.499173001619
cell_82171,-3287.181319311541,11664.677078323617
cell_81282,-3641.7049556866573,12266.500698727927
cell_82316,-4104.94604429832,12979.63873082075
cell_79764,-3990.122725504004,12563.219416243252
cell_90034,5780.07714489789,-5604.085461824736
cell_88894,-4076.453961932477,10992.2510756076
cell_86913,1647.1177200773004,5514.284954777992
cell_78830,2415.0513390489486,5248.419749662322
cell_77250,-918.3839414083591,6946.562575130499
cell_84831,3950.816119228606,4028.1346884118934
cell_81829,-727.5642745375347,7399.320005608277
cell_86636,5525.432765332171,-4758.227891871368
cell_78482,2728.486962211334,6652.253842827231
cell_80205,-3995.1055284343906,11851.987731304167
cell_61876,1890.3772814064928,15507.117294540047
cell_83559,1210.0491891617417,5532.878852627635
cell_80293,-1269.027937075184,-37281.143825638865
cell_62156,3980.3138770279315,12669.06977618445
cell_90461,-765.1589281256634,7938.448834236376
cell_77514,-3350.042192775998,10305.25216821807
cell_87490,-514.6256471365894,7345.190319042322
cell_89031,-3776.7928445872767,12976.044177722968
cell_62753,2802.083055244241,14841.508489701568
cell_79552,1788.2524824757293,-42862.97729249156
cell_88847,-3077.27550163311,9465.373137079458
cell_77445,-5207.88714914355,10694.390305193625
cell_89888,-4366.66945785361,11353.129461865425
cell_89595,663.8374787474213,6347.820657102406
cell_88862,-1509.6847524929356,8651.716499019209
cell_61908,4067.3081031371926,1386.1525483237392
cell_62303,3130.866921282324,13863.853419679825
cell_82925,-3671.9646657298968,12139.916171257317
cell_82120,-462.1377879096383,7241.656261088728
cell_89820,6938.49750764158,-6469.041815321185
cell_80856,-1819.2519272607647,9163.93575978563
cell_82834,-2245.115746245137,8537.354640978338
cell_86211,7355.135533674311,-6772.209213325528
cell_63076,3654.0259444265685,12341.096243701337
cell_84755,-1335.2475256588368,-37029.84304066689
cell_87766,7199.971377133875,-6173.322151950585
cell_78123,-3288.4302652861306,11217.189897751005
cell_80039,-3253.2760072039728,-27885.439614271567
cell_81728,-6243.090275226014,12135.464727680095
cell_90098,-6124.979522698633,12572.197043739025
cell_80496,-5095.450125742851,9771.81646799519
cell_80630,-1860.0944181491905,-40193.91324277651
cell_80696,5396.107618456433,-2797.3246241827705
cell_85430,6725.342332418768,-9119.406922720891
cell_86306,-2907.025001760677,9599.61217447163
cell_89249,2045.7768829955028,5465.953601915982
cell_82082,-4573.733492689911,10243.910587544684
cell_88888,4298.127048467272,4259.706074170851
cell_85976,-1363.8557833582724,-37239.148419113524
cell_78216,-2804.5702371036323,11166.903143737647
cell_88018,-6165.52224319432,12454.380024184362
cell_83002,-3717.451091859085,12766.400167215039
cell_88448,-5355.132338549199,10101.392364741561
cell_63089,2789.0824354524093,14899.833448598762
cell_62855,5374.927500493021,5574.055213457421
cell_90580,3013.910906806186,4524.982755541177
cell_77520,-5705.170112685029,12020.7627036085
cell_86908,-4356.504201742185,10836.981789114894
cell_86125,2112.081877568971,5245.852455064406
cell_79090,2657.6518289181317,5100.943046442405
cell_82686,5590.7813647623225,-1487.4830830823219
cell_80971,-5188.364752998377,11212.59808129437
cell_77528,3817.2159263334015,6887.912781443907
cell_90169,-4359.526017635622,9529.504771803853
cell_84354,-2683.031943282222,9773.348977080243
cell_89323,2829.291048479261,2298.943887717069
cell_81069,-1705.240649241882,-37183.15559844918
cell_77976,3067.636085164799,4783.966137859822
cell_80719,-684.5391581495309,8326.642695214714
cell_81791,-584.6302817597959,10106.31117033379
cell_62133,3199.101731765529,15554.205603458253
cell_88901,-2347.5934642027887,-27305.364798918763
cell_85940,-4251.680159923409,11308.819524220728
cell_89834,-5358.208443480585,9827.179470244851
cell_78955,3543.6958800796597,4179.64046172781
cell_83879,298.93956170416936,6115.557819056127
cell_78363,1693.2347383799158,5645.156691697995
cell_80035,416.5186836618988,-39675.70415098468
cell_62961,-3197.158969168585,-27852.371900028633
cell_80343,-4176.219155855023,-28858.11825006883
cell_80229,-4524.624732382539,11613.247164352832
cell_82355,4056.8004707243517,-115.45851619157693
cell_79171,646.5317107014762,6429.2685468076015
cell_89906,-4871.163623526505,12640.368718658498
cell_79765,578.0396698412501,7036.45012333771
cell_85538,-4905.065183414585,9549.003972976749
cell_62560,3933.3898917930846,13086.204496705208
cell_80366,-4402.758880497231,12453.97891683395
cell_80622,-1190.7658947076643,-40472.66834705536
cell_78384,-5175.658764270437,9630.15245595608
cell_81533,4046.6590728590068,4605.404375385484
cell_79720,3972.8380933927647,4799.647745475897
cell_77380,-5603.633600861324,10143.220504726973
cell_90841,-4663.5372737380985,13405.41962256082
cell_84797,3565.191668625191,3203.0783330864842
cell_62755,3441.61679285398,13434.967731181223
cell_79026,-822.8635983087439,10150.801865551912
cell_77665,-3293.0516532660095,12325.537227030703
cell_80322,-5839.124176780429,12806.04618893701
cell_79752,-2099.8807812897103,8891.909695100832
cell_85872,-721.0755693737202,-40553.96877725966
cell_82766,-3514.9387425765694,11422.820808596543
cell_88408,-5294.490943709971,13114.637365118824
cell_85826,-1999.979029492736,-34247.19252895345
cell_84612,-1090.348746576878,7682.340746812943
cell_80045,-817.7804889641051,-41421.1909836128
cell_77542,-4602.107843260238,10919.326721189556
cell_85630,1526.1453101868678,5923.785458736652
cell_86807,-2555.9407933616285,10070.757383617638
cell_77887,-3586.805459823949,10158.857988706779
cell_88336,-1734.98931374353,8817.357670222542
cell_89584,-379.6002567266732,-39859.60542894652
cell_84041,-5783.579892941864,9997.42406180708
cell_77900,1275.0026092220894,5263.697951209732
cell_88339,-3682.338980694572,8710.507978792306
cell_85777,1745.5866363841712,-42729.47926339976
cell_85412,-1635.4750683755717,8987.377161192675
cell_84627,5465.109530844135,-1343.8054808612796
cell_85507,-4480.3165607504625,12825.709861621173
cell_81071,-1393.595160787878,9610.88424521036
cell_89282,83.54073314478863,7332.552216726842
cell_82624,-4759.850014382536,10723.39969584084
cell_78995,-2089.0981909951083,-36090.475341741854
cell_84597,-4919.150352211821,9760.890011639922
cell_82047,-1966.6423616592842,-40503.99461145403
cell_89121,-2058.185730319704,9367.494619529607
cell_85567,5275.807013216527,243.35335466603215
cell_89286,2724.984629793907,4711.5870665456005
cell_84685,-5802.65696466003,11943.322991419978
cell_86167,4617.909324603306,-428.64740437965384
cell_79761,-272.6800074548544,-40174.90214464387
cell_84861,-4323.6029459118845,11561.74628658674
cell_87052,-608.6856644129186,7373.056365214487
cell_61921,1261.5734447713085,15171.674085893126
cell_88884,1355.816707063782,5783.627040261343
cell_83049,6774.725894314842,-9117.711725728495
cell_87973,-5708.448714558114,10603.144019567448
cell_81247,-4981.016782951064,13474.496170615908
cell_79599,399.00086867679823,-40522.6677546692
cell_87657,-3649.8107582924595,11267.03503161388
cell_90537,-1594.7798774040775,-35066.591519956055
cell_89969,6326.892386656784,-9939.23490688798
cell_79264,-1156.1340185859594,-39571.77893750925
cell_88542,407.1849006288356,6580.408374225822
cell_90780,-4125.731084986169,-28310.112209451418
cell_82726,-2647.1130640339206,9956.912417423098
cell_77876,1425.1750810515473,6640.564018539841
cell_87053,234.12451831403055,6307.909909463239
cell_88240,6918.741029335876,-5653.712025639803
cell_85252,-3988.5214225911336,9875.188704106864
cell_62110,2792.7048330367084,15042.294019864847
cell_62932,-474.4784017797023,-39202.64740203764
cell_82030,-2477.1745151558366,-32894.00869561832
cell_90905,-4495.278609938768,11309.829144136713
cell_77753,-4276.447976195329,11447.795575068018
cell_84987,-1751.2699694251253,9301.141353109084
cell_81179,-5927.379512159799,9857.139106038074
cell_77719,6604.335290541564,-3941.8520714240503
cell_63189,2725.856242988582,14010.203402334238
cell_81110,-3476.8684458050793,-31085.040122744656
cell_83319,5658.882815545385,-5211.212383436404
cell_88878,-1593.9148695309534,-39558.6208778747
cell_84381,-1233.7038297752217,-40967.67228967512
cell_86084,-4555.644446862802,10894.399129033623
cell_90752,327.8572868009809,6638.350802489261
cell_79169,-5431.573056809894,12980.165193398227
cell_83201,-674.57024521861,7550.427325858908
cell_87009,5581.111453451538,-5975.691019406357
cell_62385,2693.739373317869,15644.199171660006
cell_81527,-4286.738495371131,11192.619840742107
cell_84356,-1012.9553317120619,7286.772873721794
cell_85072,5548.784548760329,-947.1058961194043
cell_82694,-5611.762859031972,11631.27471735243
cell_77687,-4045.9624922516887,-27987.364034377548
cell_87424,722.2226518241052,6141.058730055893
cell_87283,762.6461801426908,5890.250878610293
cell_80058,1635.0284063843528,6313.982334481467
cell_78741,-2204.0437877173713,8327.978506045043
cell_78667,-3565.728041430204,13614.573663922058
cell_86948,3780.6626829327483,2058.7058387133225
cell_89627,-770.4591861198022,7294.2730271549
cell_82527,-3627.07421365043,11128.089803510375
cell_82265,1507.3203822462237,-40145.768531347196
cell_88632,-940.4631391909284,-39904.80219528408
cell_90153,7397.796921793826,-7302.283813096459
cell_84890,4395.083307063717,3661.8858073006486
cell_88318,-2033.126612348309,-37281.866572872765
cell_83934,-2666.3871557695425,8129.812115308848
cell_83655,-5139.510410228114,11298.630595546361
cell_79261,2130.764641306907,-39145.86044016658
cell_87700,-395.6512547178494,-39097.719057636314
cell_83905,-5990.3327043123745,11129.15938410605
cell_83531,1905.945296344381,6118.863834494498
cell_63210,2864.0060529889165,15494.516550057631
cell_79452,-4316.277977975536,13199.737982285315
cell_86597,-2230.6255207829204,8258.18625060065
cell_83836,-2160.9893508132,8166.850871251419
cell_86710,6010.717831709383,-5976.896366523577
cell_85265,-4790.523753004284,10687.360816035576
cell_86217,-5872.804210220441,11927.47811946519
cell_81852,-6011.605885326961,10080.190833809098
cell_85682,5547.525049986832,-2234.538549169088
cell_77559,-4111.948773337886,12525.084304421885
cell_88665,-3160.1104876359714,11943.606028392145
cell_78023,-5790.122835298134,10705.22695215407
cell_90915,2268.0375416899615,-39954.337992215995
cell_86562,5337.185351074817,-457.8020233184246
cell_80396,-4081.118158646528,-28646.862128126155
cell_81740,-1928.3886760558237,11489.412118880658
cell_79112,-803.8022816717313,-35810.625695471375
cell_81158,-690.8058697840943,-37653.77519782404
cell_89141,6663.302248601742,-8330.518430900856
cell_84652,-4853.14406755116,11187.075790430974
cell_80720,386.2479224344198,8519.035404774431
cell_80513,-1784.0927534380069,-40888.997319802846
cell_62202,4105.6751323729795,10383.573664026497
cell_61902,3207.9228374445997,15624.45304742238
cell_88426,-349.20261587718016,8369.674195289212
cell_78730,-395.9911942224945,-39190.45684410564
cell_89294,4727.077192065789,-2047.6100983117512
cell_83324,4102.297438356732,457.9627437730405
cell_62234,2845.1152272427325,15427.821678626522
cell_86584,-3209.324964650317,10492.341885965678
cell_85498,-2896.4373854339465,12206.629993046477
cell_88716,-5220.089424571509,13286.606687613665
cell_89340,-2005.2032715861976,9607.114153181557
cell_84845,-5348.956472634607,12160.200042941118
cell_89313,542.7892805345723,6553.8980746539255
cell_80208,-4248.411482835366,10935.044119458365
cell_77439,-891.3633091719029,-38877.1277883449
cell_86796,-3401.1097193871647,12626.090313863942
cell_83984,-18.831410017027075,10546.964784090596
cell_88975,4056.1550113602284,1305.2962492862964
cell_88156,-1107.576312551841,-34817.97094261715
cell_87849,-6008.504376982467,12383.928941447855
cell_90683,-6146.422040405229,11917.057689911491
cell_84603,1774.2376753062035,-42638.735823746225
cell_84064,4642.58496319871,120.38173017845874
cell_78412,-4564.064725983522,11111.298933548043
cell_89229,406.02611106565206,7806.134257282403
cell_85478,3631.3216752686053,1473.9484289409147
cell_90452,-4461.608527559108,9429.258209554639
cell_84329,-3953.8861426289004,11026.622621887278
cell_82184,-3525.6370242676976,12184.31155984469
cell_78911,329.8833199994929,6786.210256339286
cell_82128,2065.682374976673,6204.395416273758
cell_90506,1813.6218703634909,5041.980378263888
cell_81535,5168.62133702784,-2492.110530190494
cell_82672,3392.306330819161,4794.3877407105665
cell_88892,-1078.9633137384255,-36994.536748718536
cell_85526,-1090.4725469004825,7792.296990258146
cell_83533,-765.5468513099012,-41608.63405382264
cell_83009,-4131.84579055861,10630.135587190667
cell_63145,-1747.5227937063164,-34095.42553197056
cell_84635,-1201.385304202147,-40643.95216621145
cell_77942,-3468.3512903770966,9226.29723627491
cell_77813,-447.25343552507405,-40543.770101526374
cell_89017,-3846.3857324924443,10262.948971846236
cell_62134,2464.717911804246,14778.41836508039
cell_86973,-4626.474578363765,9556.48087187423
cell_89979,4909.367467668019,5849.642272787751
cell_87260,6884.573383136111,-9310.222095674988
cell_82328,2099.5270918841684,6785.44697049911
cell_82398,6711.907527810697,-8640.923053138045
cell_88003,-2188.419347918074,-36828.36422614714
cell_77706,5844.8986049819305,-1360.426352785742
cell_88958,1622.398794948953,-40361.57982594723
cell_83304,-2031.415417990852,-39377.03810523956
cell_84410,-1125.0970081070484,-38687.65758834575
cell_78774,-6061.462206407154,11538.433291332703
cell_82131,1501.4264827273457,-42566.68487566838
cell_81316,5812.662952190588,-2895.8410297164937
cell_82404,3776.1420366615125,6671.212238824775
cell_88217,6208.945892515028,-2339.6129004471036
cell_82652,-4798.796721537026,9920.431082644598
cell_82673,-2127.70069696723,-37322.23445681552
cell_87968,3660.652046484972,4678.786080892931
cell_87403,4266.898113529011,3671.21280094379
cell_80384,-5354.709573036231,10370.606860585189
cell_87303,-1956.905531497318,9505.824653752587
cell_80367,-3703.791541449765,10794.786623697546
cell_80380,-1927.4908037622072,9702.908411676524
cell_82564,-871.0251448206008,7509.927167275654
cell_88130,-2685.0960826556484,9344.079002508668
cell_86873,2822.118150661053,4827.945406812528
cell_82880,-4107.2681494336675,11040.941379905602
cell_83487,-5205.358149317539,10899.609762517406
cell_90922,-116.29569052123227,7380.829686214385
cell_83457,6544.40715629365,-5038.6296690356485
cell_84292,-216.8556756398451,6359.996860436387
cell_84273,-986.3692394391863,7470.858831953379
cell_79229,-3553.6351883517477,12842.042361517544
cell_86346,-441.3933582208895,8073.234516391713
cell_80946,-4373.831415518268,12427.003930959409
cell_81343,6311.433122192749,-2710.972961877202
cell_85388,2688.7808031294,3219.7516917120693
cell_78522,-5820.463156810604,10265.178324359085
cell_87510,1335.5303191005128,4593.46139197013
cell_81963,6800.65297855138,-9022.94723288723
cell_87256,5154.491556228815,-1185.717267908842
cell_83393,-5698.370897741242,11867.900991264527
cell_61801,4497.874806953937,11092.04537182086
cell_84049,-5852.670006882853,10538.757335087752
cell_82906,-3098.036424309275,-32952.18816262508
cell_77348,1699.230061136271,6611.215046892338
cell_79433,-3932.5119591597654,13258.876832418962
cell_90839,-4837.48426214991,12520.825716733894
cell_87961,-5897.199241320355,10085.946741965658
cell_62569,5198.210953903575,6960.902293188995
cell_90767,-3861.759505698816,10950.489122237066
cell_85614,-4226.918628573958,9586.573087041457
cell_83947,-3633.1704211519946,12785.812650875627
cell_80556,-94.01601863929275,7775.804641682307
cell_89060,-396.890286806108,6300.45026192813
cell_81933,420.0597634347361,-40053.9078192386
cell_88286,-571.0908515114005,7913.362387448083
cell_88440,-534.525958000247,-39489.605771033544
cell_62783,3162.0539299943553,15337.94010805184
cell_87431,-2534.1912477630394,-33036.63451929033
cell_86287,-1030.4294286965057,-38606.61059941774
cell_85342,-1583.1857919110357,-39685.67487046374
cell_79666,-5610.254887412578,13082.042196791357
cell_82688,4748.929597200213,3444.9293854379985
cell_81944,4973.9326092641495,-2590.0193541435874
cell_86638,5659.694463021325,-6067.487237751979
cell_63091,2886.6717445176446,10661.852545241594
cell_86639,-5404.6504626889955,10237.974664559948
cell_80437,-1630.5453402707067,10832.498110908977
cell_80813,-5079.908233326509,12269.866954619105
cell_87398,-5047.733553383831,13501.007458992653
cell_90584,871.4601484322758,6825.420524276951
cell_88666,5792.6555787800835,5728.5696934572825
cell_86268,-4123.828392487661,9922.718967473134
cell_81565,-5138.095963955893,10971.685675448382
cell_88642,6455.95908137719,-3740.230494311837
cell_81344,897.8281150344455,7746.56782505711
cell_89404,2149.7989741356805,-43018.920674415
cell_81372,-1034.9717301929632,7830.575592815587
cell_88163,7015.8990673852295,-7346.273845182822
cell_62209,-2750.8806438659535,-28953.571943578296
cell_83176,752.0687211915402,6565.37282729413
cell_82181,-2168.6022243754487,-36956.71982390161
cell_88276,1964.9193542532487,-38958.877001195164
cell_80210,5566.73792386367,-5589.438735918331
cell_85118,-781.7136026504093,7342.668117739168
cell_63003,2967.7494292619776,15528.29450566018
cell_84775,-2723.771551530124,11113.835116187773
cell_80107,-2066.016271731673,-34770.25869333646
cell_90992,-4895.446551744407,11239.53379274732
cell_80023,-4962.255815041244,10479.158497489243
cell_88341,-1477.9557714756681,-39585.39357488644
cell_85239,-5697.6391012435,12827.861984818208
cell_62079,446.71122010528023,-38333.441425596284
cell_82093,2311.2841387372023,5533.407227251524
cell_77543,-3931.0561334938784,-29948.228463338473
cell_85652,-771.1109803952335,-39827.340684926276
cell_84315,-303.8369244092915,-40077.10302567284
cell_90196,-291.9414412771315,10289.020319301719
cell_83689,-933.061318550373,-39831.67306881246
cell_86462,2746.1675399056066,4645.635820036295
cell_87366,-2980.560979251624,-31503.03661902471
cell_79187,-4595.63505047093,9779.10375450553
cell_86271,6362.151065514704,-6540.629182034419
cell_81132,4135.658685007474,5163.078137635224
cell_87948,-1820.5021250944237,-39672.37775301353
cell_87544,-2205.7382680298733,8268.181301334791
cell_87856,1963.316937313083,5661.192439388268
cell_84016,6151.949839288777,-2918.2028741171766
cell_77961,-3521.556738691002,13241.327556282156
cell_80030,-5067.376518987798,12697.037896445469
cell_77657,-916.0223383238599,-37510.792921394735
cell_88809,6644.613040972943,-4085.2991980403876
cell_81221,-4207.764378347581,9773.03325866107
cell_79669,2657.340484938027,2553.4240385545086
cell_83523,-4522.217562231987,12854.98200014903
cell_84828,-1685.612343836615,8137.228075640774
cell_82294,-4639.518256872998,12755.456524853698
cell_89628,7313.79038450534,-7051.084536993737
cell_88964,-1570.4333150161312,12524.637471168997
cell_84390,-4402.53358482873,11779.723581188673
cell_87781,3453.980828639788,2632.133123461322
cell_78584,2637.3956769840474,5797.86214119956
cell_82572,-2882.0213592811565,10041.076076427964
cell_79237,3845.226402368937,2144.795293611432
cell_84944,1402.411175486304,6426.755628623561
cell_84313,5624.275292482453,-4901.859498880425
cell_63084,1269.424398946091,14037.402081937766
cell_87404,-5896.626911110494,10880.81360751507
cell_84405,-3526.985386510074,10602.859176881937
cell_83702,2875.107744439587,2773.1564002230643
cell_84805,-2390.6305837423074,11276.093420674772
cell_77442,1806.66407845548,5821.2820004097675
cell_88981,-1294.8966108663258,-40335.7145200115
cell_80965,-3394.661077657998,13918.177692541587
cell_90699,7100.411244192914,-5747.025475410364
cell_62654,4341.452797354498,11747.872957737389
cell_90539,1903.048400379228,5566.917105125017
cell_77249,-494.1621426851043,6974.626212181726
cell_82879,-5025.744458435419,12623.811413082427
cell_90391,-1604.8636896912797,-40717.756874546634
cell_78715,-4495.973650955558,13012.897887231626
cell_77218,2894.9287523502367,4249.318470428695
cell_89287,1730.2491376629864,5951.970495475454
cell_90708,-2796.733465103999,9715.050382774714
cell_78811,-5298.579827466854,12247.035908820802
cell_82741,6615.367251168168,-8941.741897229738
cell_84282,-3402.525822381816,12605.714934271256
cell_84739,-4480.047008188482,11345.74564915884
cell_63095,2987.8348617244887,14617.775609367705
cell_88107,-4040.6883895817487,12011.790555094478
cell_87476,-149.13020584538236,-38676.93387965342
cell_87923,-4801.783529719824,10112.478226969928
cell_83530,-2946.922461582948,11998.535206679297
cell_79275,1101.4046661791965,6853.422751154665
cell_84387,-4662.190239985896,11166.035386551835
cell_77874,-5653.340173381003,10815.918386578494
cell_80794,-2394.7184266061104,9501.98296241157
cell_90598,-4677.149605087776,12832.112307554968
cell_88774,7210.715543457351,-5934.8532315850425
cell_61824,2916.58038687597,15665.079337489218
cell_88482,-763.0075760069413,6682.288516487748
cell_87655,-1011.2459291458285,-39992.28364015888
cell_85488,1281.5123392539226,-37965.175749912654
cell_77240,-715.459893553936,-40648.23748513664
cell_82927,-1988.4270265154166,-34504.10870612979
cell_80703,4862.256410751011,5644.666732064743
cell_90220,3149.860656077576,1690.1349572051868
cell_80511,-821.0286600170826,8017.483184623528
cell_87913,-4373.455783974054,12169.520885943773
cell_77556,-5363.190335187318,12846.344039516047
cell_62814,3370.3055487584675,15334.451282012002
cell_85344,-5306.600494704862,11196.249302990445
cell_84186,69.43842491556785,6340.486925189404
cell_81545,-1397.8434215042203,-34788.193394509784
cell_89301,-1195.466267047909,-40245.82355358262
cell_82040,5984.959851113082,-2712.962268430591
cell_78993,-305.04903921415763,9027.805006236855
cell_80133,-991.5339135964639,-39346.014668254444
cell_80495,-1108.8280034021225,7592.083551153034
cell_62444,3811.557408936853,12157.672186347037
cell_85220,-542.2296382429523,-37508.751635501045
cell_77472,-1238.0265856353083,-40167.897796669466
cell_90549,-987.3341304774235,8031.1078647338345
cell_84302,-5350.454396997613,10887.44854193399
cell_85429,347.00972663670433,5920.592837692342
cell_82724,-4130.866169048919,11748.673312504043
cell_77233,-5231.340977329653,12953.100394972187
cell_90427,-5983.461217696486,12431.86743204993
cell_81510,-3942.677401025956,11128.737661399227
cell_78125,-4176.291032806619,11344.982186334155
cell_81799,510.47029015298205,-39502.94128197336
cell_85552,431.26629086264893,6292.482821460977
cell_79281,-3908.9609858767994,11609.23952660686
cell_82274,7123.055669105906,-5344.66239434431
cell_90816,-1935.0902618315347,9286.966554582174
cell_77610,-1217.3662238500206,7528.47664688763
cell_62910,3474.470676841289,13630.072486597832
cell_86463,2989.538064875453,7535.50510817439
cell_80482,-4552.524660244558,10933.606450159987
cell_63148,-3968.2503615709074,-30029.52065846918
cell_87249,-2941.2226325915576,10988.401903612757
cell_62463,4738.212122630621,9311.03960815972
cell_83569,-2754.910981616472,9237.552568236584
cell_83309,-2923.169342326746,11580.277549478053
cell_81123,-5096.141441417551,10498.886575444674
cell_81616,-5457.994364315102,11623.605840139042
cell_79086,-5252.246960918457,10627.384218890955
cell_88585,-829.9562073523296,7635.560043514155
cell_81859,-4465.678218655931,10457.196919385167
cell_79373,720.9803296724776,5630.275349329926
cell_89268,-4656.390609859882,9425.513220669895
cell_82067,455.33596046726217,6459.539658930893
cell_89078,3436.0828772492573,2872.008903990887
cell_87448,-5026.209658660421,9365.832387204131
cell_81922,-1991.1963054779856,-40083.232774584256
cell_78870,-3443.744603028081,11419.842592998999
cell_80487,1200.936362969885,-42034.701020220935
cell_77325,-5117.844083975792,13125.327166518093
cell_78714,-72.02023056587448,-40109.2657023741
cell_85078,6826.760159324698,-9186.023017009398
cell_80569,-918.1512742553493,11631.012662681404
cell_80544,-5099.7996714395695,13369.085744270695
cell_84903,3657.0423027468723,3980.2370900442615
cell_79051,-3961.166138976088,13376.909690977125
cell_84264,-3808.268538120124,12314.070396522478
cell_78989,519.3660909412223,-39813.99671135842
cell_79749,1646.3450202768543,6814.158018363346
cell_88835,-4694.221954600365,10992.940743865078
cell_84233,-1688.3217799788713,-40681.41877306155
cell_81235,4652.289315131109,2818.527319347173
cell_81853,-5776.913699497638,10046.367804881133
cell_61872,3974.3153559331786,11991.819091682906
cell_82412,718.6586793879077,5157.002097313786
cell_84824,2267.30070943643,-43028.338848353706
cell_81812,-630.557027340466,7588.891064478767
cell_84843,-1244.5917498427928,7472.664074798031
cell_82991,-795.4045550401644,10268.588848127349
cell_83159,918.9209119619642,5292.5595786208
cell_86560,-945.9183151383255,-39527.86873515622
cell_80277,6872.335412814199,-8446.245062388443
cell_89057,2344.4987999675063,3318.8518089256672
cell_87646,1089.2403101175883,7136.278049818481
cell_82427,-811.8313784425466,-40220.08161148575
cell_82932,-5263.371240619001,10015.908201958564
cell_62561,4787.604731951106,7408.622744935933
cell_79336,-1269.548869076012,8146.840304916699
cell_62966,3109.452851497473,15200.308195351565
cell_87057,391.86957797801966,8266.963652327979
cell_77869,-5638.638587315354,11228.748988227939
cell_87834,-5960.742470971755,12936.807018119742
cell_85983,-357.7898959772922,-39307.29578198228
cell_78864,-1995.4537538801756,-35017.75813754064
cell_80713,-4958.493934444897,9797.516648295865
cell_80306,1591.3995357586973,-42347.52887038109
cell_87015,-5010.446255263991,9733.087400260782
cell_89358,-18.205616714242165,-39463.0307892343
cell_85435,-802.0338692345426,-39012.71298503595
cell_84578,4391.591168292063,3276.4747427228476
cell_78529,1932.9521919378205,5344.304655112511
cell_81913,299.0968018347345,6841.0815973197805
cell_62279,7041.699072435725,-6737.913563656117
cell_80601,-4626.624253937611,10889.956021959213
cell_79837,1908.5531256258487,5634.263600456924
cell_78366,-506.16181731944977,7205.7830307454615
cell_78215,-3648.6736609763398,11654.401528696833
cell_77875,217.2825503434992,7286.148371383557
cell_83000,-3176.0625668420257,11707.331180196405
cell_89626,6896.381805296835,-5010.016461433077
cell_77684,-2166.484483189336,-35244.24571216888
cell_81860,-5471.1348872183025,10947.515868019798
cell_90367,-5051.372245998097,10720.59896277928
cell_88030,-1054.3572070600526,-41240.775755235896
cell_81572,7143.1441552795595,-7160.9839009105335
cell_78527,-4981.704125878099,12583.566074035909
cell_84609,-4092.7215666600423,9912.203713900075
cell_78961,4004.6911228842364,4828.022090682678
cell_80436,6873.955722650937,-7583.747920810147
cell_77558,-5133.371371415403,12714.747670798235
cell_81044,-4829.30454160968,11023.580680712123
cell_78221,-1486.6300954635763,10703.800087869353
cell_77685,-1760.101754737133,-36865.89419354671
cell_87198,-3847.480406412562,12379.631534573864
cell_84937,-1558.2373258064151,9806.212303571065
cell_87498,3615.786615301905,5468.261432590576
cell_90746,-5394.117476135314,10745.202811683843
cell_86816,-138.73356307949402,-40608.46958149995
cell_89399,-649.0575471524528,8404.158098709893
cell_80323,-1411.3769174290633,-39713.42822237133
cell_90363,-4512.273332369525,9793.141279230967
cell_83489,-4782.401076373298,10427.295321455125
cell_86752,-1009.9047927187825,-40520.03135041185
cell_85483,-1731.0779596127704,-38911.09739747984
cell_80850,-5049.57250264781,13225.741909104656
cell_78860,-5717.21278508614,12136.030672382625
cell_78559,3169.3250221532626,1802.885706724134
cell_82151,-5597.97904345458,12316.742872488721
cell_79442,-5277.144709741303,9918.608520873455
cell_81272,5830.293977118196,-8684.443576408265
cell_79007,-4007.329744240554,11813.683550639293
cell_62647,2945.8230190381346,15137.360582923133
cell_80966,-5533.052948346831,13056.5591052639
cell_80605,1302.311795851941,7436.609597565131
cell_90301,-4562.498564404134,11169.983886102085
cell_88096,-356.8234310280967,6628.575759017229
cell_81528,4216.857223957072,5424.766711100885
cell_77746,-367.53972356047205,9605.543981008464
cell_79085,2749.338842132627,4883.442550767467
cell_90206,1809.909556957717,4110.304835332089
cell_83670,2201.3003318527813,5822.1992586646675
cell_79528,-4754.012879085278,11831.653755560368
cell_61836,-44.5869212990708,-39758.120192664544
cell_62661,4765.890239849318,9793.005678450396
cell_79649,1317.6931411890391,-37438.87855071983
cell_81227,-1659.2629893256612,10848.430209155435
cell_90943,251.6516889734339,6526.449911166366
cell_86733,3445.444823339089,3993.471309771836
cell_83136,-4445.377534520176,13245.238997515358
cell_62790,-334.7575802651041,-37161.08484706731
cell_86362,-5530.822779593584,12593.893430671615
cell_85043,-1617.2503454448333,-40547.89784344072
cell_78171,-1574.278638635024,7247.882297100953
cell_77811,-3185.93595153885,8843.24399906088
cell_84902,-1243.938366259288,-38535.084399782754
cell_81169,2340.779681831849,5636.587272438243
cell_81052,-2026.905423437157,-32622.83211889357
cell_85665,-5454.3959045232805,10019.371564052559
cell_86791,3581.5832585727253,4582.40194731282
cell_80741,-5306.532737546978,11051.258471129298
cell_84945,-1365.6871460180967,-25455.414127978056
cell_86298,6950.240647648235,-5352.031777932206
cell_80500,1173.462587636999,-37477.94159189549
cell_78177,-5998.172118944713,9885.347028912774
cell_80887,4557.970730897198,4068.368072697164
cell_79072,5082.966222988136,-373.35158413424557
cell_85514,4363.023961083291,519.8244678535948
cell_81254,-1532.4872814508842,-37065.65150066299
cell_81032,3708.8495460188024,991.5317776402186
cell_86262,1486.606854423676,4942.87578686993
cell_85742,2357.7691931271743,5089.880060091402
cell_79741,5924.754392153411,-1673.3440605605979
cell_79449,-5747.616313882883,10767.644054919836
cell_90347,-4050.5140747144837,10640.156899977563
cell_84359,2737.8426459803495,4766.055535277936
cell_78914,-4689.400770846231,9502.832218886915
cell_78245,2504.534318586736,4594.256335063786
cell_87007,448.4077326181521,-37970.10800294409
cell_79284,-4194.439196691286,11789.74918177057
cell_83086,-4655.350315261664,11542.525528317103
cell_78122,-3321.362138193097,11371.095198343108
cell_87348,-4823.98796892263,9793.351764457195
cell_87552,-5350.206088585797,10555.90699300087
cell_79458,-1440.436247923557,-36827.549657349584
cell_78420,2343.4755552010115,4673.115892944053
cell_85130,-2664.657884511199,-32667.8419064007
cell_62269,3672.2752443842905,13565.180438585983
cell_88667,1098.4898259206423,7292.530496645062
cell_89461,6595.685130315087,-3690.3138226177457
cell_87159,-5252.198048856115,10128.562343148857
cell_85821,-3793.72822641671,9422.70076720906
cell_79411,-1446.887157771607,-40438.16029811566
cell_82505,-3636.489793941363,9924.144190229363
cell_83292,4755.08665282772,1574.1158371570518
cell_88102,6943.0872510175905,-4608.092061769683
cell_86971,-5869.901334244262,10151.29787951193
cell_81386,416.81524186051547,-39741.14509808559
cell_78287,5600.823901206547,-6259.820920580687
cell_78627,-4743.836399339736,10149.5191372442
cell_88631,7261.232482427947,-6429.166145359818
cell_79870,-4811.958350554742,11436.404241364842
cell_81086,-4706.509058342664,13243.709857790544
cell_83471,748.0368605470183,5754.275016972825
cell_77267,1402.6518497902712,-42616.57781817009
cell_79352,-639.2660371973177,7069.347827791513
cell_78047,-297.8417432783167,7996.13873878144
cell_62320,1732.4580566228885,15087.449467489881
cell_62642,4122.669484493533,12729.342947591373
cell_83268,-5084.766107272274,12546.322405569737
cell_87531,-578.6535648702437,6562.452780626837
cell_80708,-2990.5798585230186,11717.656972574629
cell_85858,5701.323459338056,-6166.877900950086
cell_91040,6868.019900739627,-4471.857466585527
cell_83331,2810.9731416740287,2562.823948223511
cell_83349,-489.0002035967494,7430.960744009245
cell_77906,-779.4656924400725,12784.392213075522
cell_89566,-5014.427454166074,11084.281731629564
cell_83031,-833.773809752922,-40990.44491360793
cell_85480,661.2959788715482,6641.985123369002
cell_80871,4030.75923910567,4159.753469652665
cell_62596,-2388.8861150663547,-32905.36854860748
cell_83419,-4027.80613774047,11212.970364555507
cell_85817,7253.839940890005,-6621.393665783246
cell_83509,1712.796209570498,6269.777149722963
cell_89874,-5300.684387926146,13520.381682781373
cell_79632,-1403.1182652094308,-41129.61026196117
cell_86233,2659.1275765642104,5757.322737166103
cell_86592,-5664.9191861455265,9762.124587077325
cell_86205,4378.763553462052,5783.191264051502
cell_81969,-5503.217649666185,11601.723884176228
cell_84092,-1146.2528578378115,-35515.842700664274
cell_82229,219.4243738364384,-40829.865088748564
cell_77812,-5362.79724754164,12096.624507921368
cell_85442,7000.645881294311,-4656.913531572936
cell_89095,6443.04889763604,-3569.520813682928
cell_87321,-3963.1013778847096,11584.078869412337
cell_81037,5055.963006575632,3661.233369210563
cell_85086,4698.37701861144,4033.8881808007673
cell_81013,-198.0796290014382,8543.36191130313
cell_79138,-791.4678463116775,-40568.35254372853
cell_85845,-3686.262221004984,12862.244325197296
cell_86982,-4422.1076229533965,9668.07237646677
cell_88520,4688.058584663514,5110.655853334632
cell_63216,1062.8070711245848,14787.721067629094
cell_62649,3190.0056928015633,15069.356322503445
cell_87911,1458.2668127205552,5864.250333572004
cell_79454,-1057.0749137481037,8976.911955506223
cell_83849,3251.995849134985,4993.918930700773
cell_78582,-4255.427959595509,11132.650413426218
cell_81047,723.4688314194685,7666.7096819625585
cell_89942,314.70609708410996,6228.280006674343
cell_80920,-2284.4739958436144,8992.681672890943
cell_90999,-1694.9446549586407,-40974.90549877572
cell_80772,-4937.439846359494,13058.8730528662
cell_81641,-240.01925057115102,6799.129114296529
cell_81702,-434.94411361561845,10569.597325198618
cell_79473,-1808.411003917369,-35120.30813625173
cell_86286,-451.65708565456276,7793.895816510766
cell_90407,7255.194936799107,-6805.419300870056
cell_82266,6918.332582823269,-6165.920320316585
cell_80585,3291.8629807689886,4404.066064163562
cell_84379,-4016.405525586464,10411.96266639839
cell_77800,-1243.3566023373098,-40388.64408280676
cell_81547,-2579.6089349286076,11920.795406308453
cell_89182,-2945.988670898611,-32566.161567581177
cell_87162,-5750.08223513349,12036.482235704481
cell_90247,-6011.468807822279,11309.861984472886
cell_77979,-2235.272624366968,-31933.948704696006
cell_87929,-1290.2348239259002,7520.957425434916
cell_79432,-3376.1792416739922,9594.548754978701
cell_81855,2067.3764024716907,5648.605765490203
cell_86024,163.43498125411992,6815.20521596261
cell_79897,3172.203008413174,5646.469967528767
cell_87146,4852.643876387815,5522.511940058998
cell_86876,-1140.7210647958427,-39891.16643147609
cell_90189,263.839907638629,7245.597479862668
cell_82070,4433.368540433398,2533.14510823201
cell_82640,1322.2086759442677,-37592.53063267852
cell_87900,624.6222015614094,-40003.00273292847
cell_83608,-4928.165498628184,10818.45183603077
cell_90511,682.7323648059225,-39814.889183497224
cell_82309,-4548.9979412578605,11198.128103556277
cell_79598,4928.647376922251,-882.2250889640385
cell_86232,-3915.3809540744674,11192.295166841976
cell_78970,-1256.2696637058766,7777.377743190195
cell_85166,6570.240124159035,-9250.757855452104
cell_84948,-1665.237108973491,-35695.75614723623
cell_85921,-3268.7516507008386,-28122.008160668356
cell_87818,359.746734755385,7235.619388567279
cell_85647,-2188.6040471176993,-34722.98518340645
cell_80325,3926.5648654440593,6611.642349167274
cell_88671,5435.375103269954,-5169.684355399714
cell_88830,4748.288610739448,5928.7812258068625
cell_86185,-4853.934281193728,11516.616824013863
cell_79745,-1903.5646599128584,10457.67387974144
cell_62353,1016.2849929325166,-40300.641480188206
cell_84810,-3054.0216816022353,10308.87772639845
cell_84274,-1896.3124646596812,-36609.19740646425
cell_89369,3725.6716020990243,4001.0556156706316
cell_62035,3970.3468647996883,5907.632015449196
cell_89372,-2442.2777528454812,8654.498664616436
cell_82020,1102.892328708518,-40454.19004719934
cell_84835,3659.8304386609266,3114.8445273263524
cell_86118,7237.543209324284,-7264.33104185968
cell_77653,-3691.5073728558573,11273.903373232837
cell_89050,-1351.0499581306608,9347.81688939086
cell_62347,3731.060215897303,14005.05476510652
cell_83491,-1294.8098723504447,-38808.89034915334
cell_85569,878.307902215469,5807.6009468130815
cell_81430,-3271.832855193747,12443.692582627416
cell_89993,1280.9977311964683,-36858.906616278626
cell_81027,-1608.7997086991809,-37524.76245639108
cell_90753,-2522.844037074456,11443.119042915801
cell_62312,5845.307800606733,610.0843189029812
cell_88000,6705.068280411335,-3585.9202175645173
cell_78656,5834.374676702199,-1890.6252643649805
cell_89631,-4787.932193073464,13190.975999970493
cell_90023,-3557.6470861970797,-28285.331948776304
cell_82017,-3270.9854844924707,14146.175818671223
cell_90589,1601.1849120797806,-39452.08499892919
cell_77541,-4675.899541709382,12187.330818350794
cell_87690,-2137.0385604583503,-34620.63061022322
cell_80147,-2763.323321668655,10120.469524604516
cell_77254,-3101.905980063772,10570.132154558181
cell_81142,353.2210340445423,7111.457219523423
cell_80016,7170.211180101244,-6744.94437680366
cell_83980,-1954.826346674541,9642.756075113164
cell_84892,-5322.435670737443,13056.616206409088
cell_91042,-2531.113827382003,-32710.82595241989
cell_89704,-3350.628815143158,9225.169363019202
cell_87428,-2161.7388159735106,10846.905679983707
cell_82803,-3369.8023833459465,11393.819175125867
cell_78868,4353.055231817739,2699.402785407476
cell_90815,4007.512499573758,2652.0509758677576
cell_79811,-4393.299251744457,11100.705896205745
cell_85223,1825.6997529107082,6057.714615544259
cell_86441,-4311.30782532087,11121.0886476733
cell_77371,-1448.5883409763105,-37331.92028262377
cell_85462,-6094.9055392681585,12207.378744401038
cell_84133,-3725.008052410981,9175.167433853587
cell_87744,1871.3952043121665,5112.488883998815
cell_88134,2679.550515722982,4568.458979528894
cell_79081,4804.228943015781,2504.9557626109863
cell_84553,3330.3961893402247,4886.408889514081
cell_77340,-1942.7717130571607,9445.202129682057
cell_62994,-1024.7186666202108,-39249.74338874639
cell_81489,-4507.181300249418,11025.340783145944
cell_82609,1155.9300301405613,6831.716122020027
cell_77499,5658.778039433079,-6478.34233331678
cell_90260,2757.2223641128217,2765.6423894846243
cell_82322,5786.1523285503,-7145.072023623819
cell_90331,-979.9982897190704,-39655.55070743017
cell_88855,-1662.9806044459228,10809.110337756065
cell_79723,-3946.3624343771958,11280.118191450756
cell_84972,-1838.5699517250418,-40154.426068393645
cell_79585,-5333.562383980825,12078.736811728953
cell_89156,-2558.9929587811534,10638.498523342565
cell_89502,-3505.5655673487436,10999.655502577898
cell_82659,-4949.69725939252,13271.652393868593
cell_78745,1605.5990328405062,-39947.18396083665
cell_89251,5364.434172113182,-2350.6950394841638
cell_81263,-5447.330079140145,13298.039320856671
cell_88178,-505.8675233539126,7934.445000561601
cell_88226,-624.6364329502479,-40411.06354528198
cell_86970,-6000.006859268758,9923.57161796136
cell_87578,4823.725725111508,31.161575690907597
cell_85482,-5340.304073571054,13169.794449702824
cell_82426,-375.4276611022908,9903.7354667075
cell_86545,-1085.9335959226269,-37729.12548417146
cell_90419,-1676.6384757903784,10890.840655866277
cell_83204,-1800.8673563059513,9451.502745753041
cell_77221,126.57073702271046,-40668.206441619586
cell_90793,5013.154941048821,1726.8372862273318
cell_78264,5753.601782902999,-6097.951896894536
cell_87082,7001.111133130502,-5184.286468001959
cell_80739,190.60003031484334,6012.815295019806
cell_85123,4133.91220049006,788.2812601557808
cell_90035,-630.6329847446158,6954.728609938285
cell_89995,-783.3646958383013,-38840.76291373605
cell_88944,1416.4319046429641,6564.787110809728
cell_62702,-1150.0409230035784,-35483.997299628674
cell_62078,4223.048756842381,12233.011292922103
cell_86157,4008.0535456043544,6484.915916547371
cell_85393,-1937.073365328545,-36564.283022457574
cell_62690,3019.653158517692,15411.998047493154
cell_80553,2048.724096342494,6156.538523253166
cell_90403,-5736.4760683803515,10396.336288586925
cell_89395,-3513.740550785994,9861.693267841767
cell_83468,5120.36638421591,432.87021730733505
cell_85841,-254.22535735650186,6466.65070723635
cell_78853,-4563.12749702452,12377.03249600603
cell_79201,-5978.389340849148,11853.931162639625
cell_85632,4288.123103364125,3867.839542692244
cell_90300,-117.10102189564164,8526.920852168323
cell_77962,653.8872310321925,7052.079438156947
cell_81216,-928.0975420516287,-40281.81114514668
cell_63018,2997.883651196198,14565.27280708839
cell_85119,-4872.579414141751,12473.73422280749
cell_87820,-5845.37601166644,11789.570009662857
cell_86408,-3914.0596692507747,11120.0479285614
cell_87419,253.04277122338397,-40453.352471272774
cell_81539,-5162.9938790536125,12287.9517463963
cell_77483,-2464.062811615624,-31562.06919717955
cell_87013,1707.8097463271297,5344.299434243552
cell_85745,-1796.7398054952519,9085.291889523402
cell_78307,-4241.714182575959,-28249.918148320074
cell_83518,5090.955747732433,6085.336447719022
cell_83023,-6075.964077335231,10819.599529390023
cell_91015,-503.0568272067554,-41452.51817576722
cell_87718,-5395.499410225223,9908.244897231873
cell_62442,1592.0126347142013,14072.822525157037
cell_89772,6338.830581382626,-10057.215831339441
cell_81355,1312.245328079652,-40117.19535055421
cell_85661,-2148.9712510526347,9366.98268923358
cell_80187,-3130.3538394323805,11873.912778921827
cell_81231,-363.267736280202,7257.428468525393
cell_82248,-657.9481191058877,6998.435630512191
cell_78318,-2822.732080104958,9280.40821797051
cell_79396,-3447.9658850130413,11195.938718884465
cell_88571,-1795.0388065008854,-40169.18307806695
cell_83896,-5476.315796585115,12555.055649736394
cell_62224,4056.9747303459276,12825.161107851814
cell_83235,-3855.263253332989,8908.19736887256
cell_88047,3201.8441318758996,5261.902572144232
cell_83063,6791.754129326135,-9484.603506102756
cell_82363,-3892.9397890608448,10894.62373504451
cell_82327,-5450.8952918692285,13087.26438131113
cell_85378,-230.40296144326243,7648.224818476008
cell_81587,-5885.331361742766,13192.563602299326
cell_90003,-3369.1812816590077,11503.43516172389
cell_83542,-2106.6426570457165,-34800.522802599786
cell_87698,1616.7333941155046,4685.539441869309
cell_87416,-1963.1321237862862,7719.949203873763
cell_81161,1763.8422255131002,6016.869815551774
cell_89007,3159.0501695413354,1936.046266877379
cell_82639,-527.8883655492436,7882.9246603558395
cell_62671,4616.242861500061,9554.009984362548
cell_78743,7071.901626132819,-6634.5080217576005
cell_84044,-2771.659488968478,-31854.08880799413
cell_90942,1330.9704964005666,7174.551672507761
cell_79346,-4307.838641425646,13724.114134709655
cell_79836,1231.5705048889668,5727.361355614225
cell_77656,-1935.9632421092629,11988.404012874522
cell_85929,-837.3333559466082,8345.60918793549
cell_88527,-1151.1936031814848,-40294.99133734583
cell_90472,-699.5133447961201,7200.663724502531
cell_82854,-1120.683669018609,8320.747724745817
cell_88689,-4804.356804058321,11779.143661214031
cell_81591,-5064.755167000582,12164.879191405551
cell_90366,-5883.712616367621,12209.30512819803
cell_85243,-5510.616619290661,10655.10607553052
cell_86188,6176.996098730898,-3164.5654943163604
cell_82199,-4801.007644694144,11271.015956547246
cell_84171,-4971.530858009384,12109.868224778467
cell_62506,2046.9698626453985,15707.454967267482
cell_86339,-6187.008286798242,10126.386873332562
cell_79526,5100.8705229929255,-974.4333009141462
cell_77510,-5098.455634352684,11182.476218863942
cell_62597,2418.004787548942,15744.153299772071
cell_86945,-5118.742178474146,11037.981602568265
cell_82856,-5251.050155900253,12042.762118006787
cell_85095,-1495.0581935513565,-40830.309533374195
cell_80773,-226.23748026202531,7812.821152882487
cell_62286,4284.062382812423,12138.753183627956
cell_88042,6223.359121202562,-2405.4834906940087
cell_85157,7303.318363607706,-6272.383316134243
cell_80647,1278.1954781095549,-40972.25940963375
cell_78709,1981.0376821947286,7322.764940288278
cell_83739,-4981.441478908854,12310.231918582891
cell_82076,7115.933804695362,-6077.479441243089
cell_77722,-3631.711460949988,10616.391662148633
cell_62707,5369.065241261093,3890.845155250566
cell_89221,-4710.3579726768085,9392.69306775896
cell_88758,-1907.9527013731258,-33563.39898992452
cell_87756,4178.496019151897,5067.425257821718
cell_81765,3341.9960569024,4462.05204225548
cell_86030,1581.095144239798,5465.3036876856295
cell_84954,-2397.7173325217955,9628.143422038283
cell_89108,-937.0748226162276,7335.013650097084
cell_90936,1409.0530655003934,4809.044889344612
cell_84958,997.5460874083644,5826.904237400134
cell_82195,-3649.869343450142,10219.596050444645
cell_81569,3969.9660959748066,2108.8470017549676
cell_62189,2072.112099188097,-39129.17516744024
cell_88600,1421.8574032027013,3959.0253391070733
cell_79800,-1636.6705330023792,11059.697403804956
cell_77335,-3171.476129639224,12244.45093326666
cell_91077,-2569.2168356140483,-27988.922435401833
cell_90433,7043.085596688222,-5809.877463484253
cell_85201,991.1996267056215,5431.794795154827
cell_85290,4140.329345680134,70.8059311912766
cell_83146,-1852.0613383930802,8303.25729355351
cell_77677,-6090.234694002846,10035.443818945976
cell_77802,-5434.140761215893,10102.370265408128
cell_82293,3442.5441995154497,3363.1654472416317
cell_88081,6277.235765537504,-5123.2851744680265
cell_77909,-772.9711164951027,-39109.21138026988
cell_77511,-1676.5820846997922,-40881.309469691696
cell_89019,328.91764651599846,6876.545994900497
cell_62168,-4108.035679004915,-28106.29489978153
cell_85360,-1385.658351623679,8375.29466419974
cell_87317,5283.814344686585,-4652.353763120544
cell_85967,-841.5452363809981,7279.913670501078
cell_88085,-5292.837817009378,11884.676002414633
cell_89970,6563.103867996277,-3804.8006213324797
cell_81869,-1581.505961817181,11730.155584834129
cell_89128,-566.2209482856032,7453.432617865686
cell_82238,-367.50292930116245,7935.289022173585
cell_89565,5973.606564850803,-10196.373475184246
cell_88458,269.6171321022531,-40587.15111898041
cell_87320,-654.3734317662421,-41166.01837572365
cell_84942,-4582.558211135638,12564.991521857273
cell_88477,-4340.506091931614,13271.55365103138
cell_89384,-4030.7520280424314,-28804.853935594085
cell_90168,839.26281686277,5945.300947060879
cell_63120,4662.007755556694,10829.793166350632
cell_82551,197.50904419636717,-42059.08808732964
cell_78155,2097.253062300481,5067.099439739168
cell_89225,2396.435381585819,-14733.048339818572
cell_83228,-1719.1961737454756,-40921.382705534284
cell_82011,3133.808903287263,1765.167136103037
cell_86465,-5595.77772146029,11011.154952092398
cell_88306,6037.375748881177,-5105.110708399677
cell_63161,-1047.9791475575278,-38683.511885406675
cell_81083,816.3877170914733,-38566.33962579416
cell_89747,-5044.909878870107,10214.035732896164
cell_88473,26.715464140248145,7246.967768159836
cell_81185,2078.6675120958794,5408.6514861697615
cell_77762,-1811.17421770274,8690.746555173384
cell_78441,-2109.106662128483,8039.290888628546
cell_88296,327.9625170799599,7700.369996383158
cell_77608,2784.3983295159906,3334.227867891484
cell_62020,5552.1301720174415,1842.6302858964452
cell_83398,4481.844548904134,3860.930886770894
cell_80740,4611.868200757146,-1145.4856990096719
cell_77266,-727.53819655258,-41168.67534380075
cell_62155,3208.5056982701453,14893.231708135085
cell_79255,-4830.653657927385,12867.7457984575
cell_62041,4276.41357346174,11663.547306844852
cell_62953,3961.3129568060813,10695.882377234397
cell_62017,1790.4880878720392,14996.541857322703
cell_89818,609.0383515868098,5682.005085716221
cell_80833,2796.7259546275304,3913.6069848366064
cell_78472,2020.9385710453257,6507.046587702478
cell_87944,4811.704828180623,3867.1458488015933
cell_82771,-2062.869729521309,11506.71697996897
cell_87586,-1843.7969213309464,-26450.032303811095
cell_62744,-1417.703119336882,-35971.21289412667
cell_63165,3289.631580004967,13760.693232625026
cell_77565,-1157.5422029216131,-39684.77459394753
cell_83131,5828.209713119962,-9384.90866542732
cell_63118,-1894.4930476467014,-33186.26493942101
cell_81293,-5220.708675202891,10569.302090865518
cell_77729,-4562.017111285434,12427.705876949121
cell_81481,7174.036564220923,-7901.475507032519
cell_89400,-5398.907629155647,13428.39375662219
cell_84568,-947.419669323165,-37951.92230323693
cell_87758,-5605.000561957954,10373.168913460966
cell_77419,-5007.795142072276,11513.166957611247
cell_79788,421.7410750501693,6191.469232689737
cell_78593,2485.3009184676653,6623.878971622209
cell_89200,-3221.5207326189934,11242.936385581008
cell_63212,2701.43105290677,14661.384449985922
cell_83426,0.9550025242628024,7920.133645244523
cell_88118,648.446991279873,6915.959815847633
cell_87130,7285.336122332096,-5890.131365610092
cell_78193,-1366.9489381293372,-39483.10238334715
cell_82495,6841.9996552392495,-4130.704927764715
cell_83710,-2337.8775124840154,10304.74684993364
cell_83909,-3560.7168085351304,9758.852100967744
cell_86234,-2005.3849195723565,-35538.51186265128
cell_86744,579.9883061971948,-40051.44084946007
cell_78010,5523.791267371035,-5428.949724846983
cell_90408,-436.2380891920454,8003.372479211372
cell_84552,4608.561714036739,3779.0693367663325
cell_85767,7167.396054906113,-5138.284730751869
cell_87331,6766.904565380035,-8147.116882749965
cell_79238,6483.46763246607,-8496.76130486966
cell_82573,-5192.661875972003,13271.568068294719
cell_79456,-406.7950305012143,8423.154491252624
cell_83347,-334.63141892571304,-41701.750866423274
cell_85312,938.7917631466759,-37560.53643077872
cell_83641,6711.508852231653,-5116.630562081118
cell_86906,-912.2789229596826,8609.599576447816
cell_79512,-175.9098886706636,-40442.44421962209
cell_87109,-5209.155857351554,12224.6952458612
cell_84198,7211.579201695372,-7402.538772257061
cell_78308,6842.356405749638,-4263.18003350482
cell_83177,-5747.502907696463,10435.090096400001
cell_85944,-5379.606429180006,13137.16916295375
cell_85333,1795.870448020263,-37800.03805187599
cell_86530,6675.920594875121,-9661.781052749804
cell_82703,6261.893674942768,-2506.055960638291
cell_85764,-5982.583841737784,12321.962217566763
cell_83114,-616.5606646591,9391.124397212234
cell_81070,1403.0075533741845,5460.8770995215
cell_78130,-1356.4259896666586,-37517.721907037594
cell_90076,-2259.4026628221877,11137.149118272526
cell_81452,1672.551220431125,-42596.84435426016
cell_78685,1478.2296043493911,4839.019498308892
cell_80954,-3776.975259442318,11169.397377859714
cell_85470,-5838.634280653678,12529.50182714426
cell_81129,3363.0009976581455,3937.857475629714
cell_86669,-3465.9957491394543,12450.216499657483
cell_62354,-214.5209389615305,15247.096334209094
cell_86472,-439.7835934621948,-40165.486769269315
cell_90284,581.318128335544,7261.742768262459
cell_88425,-5297.94599018306,12357.070030531324
cell_81304,6271.720246917638,-9251.389315281938
cell_80010,-1352.3915571765463,9062.261990044424
cell_63000,2972.4291020344144,15607.23783504609
cell_90303,-1848.774183893987,-26160.641613871725
cell_61812,3938.0420856538462,12957.728617343126
cell_83638,3228.801684973954,4191.449608347578
cell_81914,-4619.203711786594,10601.722478298261
cell_62809,4764.437388162299,8983.81963195409
cell_89603,568.4008253597306,5785.349781233553
cell_90228,-4160.317276583646,11099.612636094376
cell_77682,-898.3542753325304,-39976.34593335297
cell_80822,823.6887041589778,6940.888521235135
cell_86290,-4927.006633395515,12464.959613128585
cell_77694,1819.0796213769802,6335.239235522411
cell_85060,2698.5561388054016,5480.711685084167
cell_62398,3842.888326314748,11817.864286562863
cell_87893,3566.1145502253994,860.9148137540294
cell_63053,3100.874676556377,15386.910116689922
cell_84583,4267.57216048697,3761.9481789238116
cell_86004,5509.567239543596,-1285.773336911774
cell_82182,2136.0026360259676,-37671.74521287396
cell_82900,-5324.763229261062,12127.492392235416
cell_83025,-1176.8481649355426,8208.577071293506
cell_79053,2379.543914112377,3247.1581511537447
cell_61853,2485.9328883791745,-40639.27241534956
cell_84352,4960.773895787474,932.5675401298422
cell_80812,-4528.729493884279,11167.385313333722
cell_78337,1775.549802064108,5752.993768983909
cell_90118,1367.250929825377,6115.477138538067
cell_89819,2135.7059740992904,5829.430405703233
cell_88455,-3778.2358630875406,8933.349926192026
cell_77598,2291.6926648255153,4717.637357544894
cell_90878,1408.7996956547065,-42842.93132106299
cell_81450,-3825.8677312134287,11624.04343219404
cell_86606,-822.1910960334686,-40285.05112993649
cell_89206,-5491.323397132107,10282.358451859734
cell_88159,-6132.741456220584,10240.53770587788
cell_88374,-397.33148344208996,6630.3601967323875
cell_90317,2385.6616876341013,4145.9110752089055
cell_85598,-2501.8625837664376,9953.932314806385
cell_81823,1268.6000124425025,-42393.17011373711
cell_89882,-841.441812107601,7701.97707699698
cell_80118,-3410.3792689424454,10103.970174072389
cell_90329,3328.139244772394,6868.823836778395
cell_79027,4122.02421759651,155.5816792997594
cell_79738,-5476.100987335338,12970.185785894788
cell_62789,4630.279475432712,9975.681224514432
cell_80734,-2739.016810592935,-33648.9276793428
cell_86280,-2468.162842415068,9590.277605086103
cell_86119,-5387.812350653096,9981.973128668009
cell_77794,-578.183295847291,-37900.31846606756
cell_80211,7106.458546558415,-5099.153408817108
cell_62158,3684.7476144119305,13668.61884459349
cell_78084,-2619.1517378901885,11900.13772245446
cell_86529,6239.7093057447255,-2926.1958830807744
cell_83334,-3041.0290631395164,12231.424910705515
cell_79712,-4647.419850589028,10231.207260315347
cell_83876,-3325.2534493801736,10140.906722496358
cell_83887,-2694.603256698829,8557.49354588964
cell_62622,1031.7337474400617,-40297.701322469984
cell_80021,1169.6133037613731,6605.328288033863
cell_83053,-444.84803406577805,8718.964591705246
cell_63035,6019.648706206011,-1508.3662501292856
cell_88266,212.78469163276966,6463.963478278301
cell_83565,3973.51772633491,1221.8690904801413
cell_84295,-1304.8678580533092,-37224.803561404
cell_83480,-5080.38574187384,10238.575607769562
cell_81248,-2031.2810018740645,-33125.13497083982
cell_81953,-1679.6248624902305,-36574.20899500215
cell_82024,-4529.426068013078,13974.103196396207
cell_81317,-620.823536793949,-41088.45335831274
cell_80870,-1132.6250387409927,9599.288707288442
cell_81693,-3869.1236563344432,-29998.466564435494
cell_77624,7369.325624136339,-7364.272358138649
cell_84298,-4781.4808617523895,10184.53094250986
cell_82069,-2963.0263250000803,9708.168325844765
cell_80331,-3619.404636687949,-27901.701629364023
cell_82541,-2606.858581905447,-33803.77709599624
cell_78316,-3167.2793107024045,-28054.789080275288
cell_79999,7130.566945690869,-5555.1635052583415
cell_82235,-4928.806539496822,12932.91065413137
cell_86572,4793.12538213306,6250.086904337148
cell_85851,4716.284354829635,422.32668934393615
cell_81778,-755.2318390362002,-39599.25484330866
cell_78055,2595.626137146107,5772.73741078344
cell_83922,1855.261141809904,-42823.12342588157
cell_63201,5918.445071491268,179.83714700191283
cell_83901,-3803.7503919212595,9503.052364561448
cell_88324,-962.9352525784435,-41450.65391954961
cell_80627,-2859.895906292955,10947.572722566527
cell_89116,-4328.966813821085,11294.713017855049
cell_62273,3281.9929495281776,14254.020845607478
cell_62727,3516.5719639352774,14741.42637086692
cell_80763,4069.1281180184683,1244.0051941480567
cell_62706,2543.814074456833,14849.73343146036
cell_84910,3842.176626036591,236.05854015274934
cell_86914,-5363.4529303112795,10051.6077038317
cell_87573,2515.6247653326755,5665.466006122429
cell_62875,4846.781412994277,3836.3552169014424
cell_85173,-5077.6781788314365,9519.035503140574
cell_77974,-3185.067347198251,11338.125120808152
cell_83769,2114.38266670786,3688.727645742012
cell_78948,-1864.9473557615404,8406.266327970996
cell_81062,3298.357482984945,4528.227810173669
cell_78508,-4280.243680498793,10681.094353078044
cell_78269,-4532.446594954755,10793.874178987284
cell_79189,-624.50883454364,-39158.53962733724
cell_62223,4298.171426337777,11165.834192765817
cell_82614,-3919.7086723954753,10930.193072401795
cell_88495,-4284.189306082955,10627.468601455834
cell_86714,-5300.067319934258,11013.2303382378
cell_90717,-2198.4184879307436,8682.896885831
cell_88302,-543.1662274501876,6941.951138745199
cell_87327,-5348.88476846427,9931.708303672345
cell_87308,271.5771634540287,11110.80164062216
cell_83121,-5148.672186683995,10781.951225380584
cell_80363,-5566.123642707117,12376.790384265156
cell_77490,3671.2342630822445,5088.9349847044205
cell_62890,3969.6504969491043,12146.824930445997
cell_91039,6055.6291028052965,-9720.735975325988
cell_78842,7206.5303066762135,-7341.718457931852
cell_62488,-1702.403239764763,-39769.51152443837
cell_84473,-4321.611385332899,10570.32260594264
cell_87840,-5401.740355608401,10147.599541499658
cell_88406,1679.8026363064525,4354.879009333532
cell_62386,271.5736847249687,-39619.304651436614
cell_87257,-1876.7543659654102,-26736.558551407394
cell_84584,-2583.536391495562,10530.27549817262
cell_62019,-797.3678357050379,-37263.18367402622
cell_88566,-903.6743080100092,9375.746020044346
cell_83933,-4704.366687030827,11152.8073380369
cell_83989,-4128.773236167266,8921.158313928165
cell_90921,-5854.465645569625,11377.01566244845
cell_79744,-3279.8247833733376,9488.45171915682
cell_86293,-5449.486438263051,13125.25192520945
cell_78496,3459.581325245197,1943.5570353209164
cell_81453,-49.36422184877531,6376.167544517148
cell_81168,-784.7530105546285,8276.430581741184
cell_85214,-4343.370572419671,11496.173072719455
cell_77217,-2240.581279302445,-35927.84955459429
cell_85277,-1642.690657445825,-26355.169819180697
cell_81807,-1750.9785830294013,-39165.66766883752
cell_80247,-1407.677815500463,-35392.063885114876
cell_61803,48.04211453274622,14371.90763146118
cell_81801,-288.4066408484648,8394.461677309311
cell_62681,4479.766367006951,11580.17810988626
cell_84787,7246.495614457615,-6224.6961754184185
cell_90605,1407.8804665990795,-37553.87675741075
cell_77606,-2715.8690982898875,8765.685735589526
cell_81873,-5564.075686175932,9828.432299590275
cell_89150,1863.2871067903266,3970.565868310503
cell_89052,-4279.284245218081,11763.57995608464
cell_90990,-703.9984906554163,-41128.45232977176
cell_79028,4288.100053874543,-603.0657703758301
cell_87106,-3177.9531727724675,11035.149372291002
cell_62815,4164.40352179626,9726.544774811633
cell_81981,5290.094005456607,5821.919742801827
cell_87526,-628.2866296411635,7546.380286662435
cell_80984,-2480.6776247299304,8572.329300837126
cell_90410,-5671.492005195481,12507.201988870676
cell_77317,-3964.119486693692,12406.753047042093
cell_61822,3059.0339366664475,15732.482803973382
cell_89510,2738.777744659121,5269.496125076203
cell_83112,-2953.018557714005,9255.903111902651
cell_90345,-3632.9540528264138,10061.20365645883
cell_86219,-1751.0221226496124,9455.880470202332
cell_89281,-2853.9249575875488,-29499.38670802815
cell_62999,4721.8801828411815,10390.887413175516
cell_79390,1681.0576933508228,5111.201448729343
cell_84154,-5063.811975103501,10488.833820722437
cell_85408,-1271.6895528260957,8455.114799343559
cell_83275,-1169.216966864453,-41050.90492072485
cell_79494,1012.4036021140021,-41189.66587687532
cell_90907,2934.9079769824007,4440.7258822160975
cell_85178,-988.9696792531479,-37331.0013084918
cell_84829,-627.3672944917773,-40854.56076213914
cell_78628,-6043.607896722474,12897.867960298945
cell_84482,1844.5045517908356,-15950.753109650772
cell_84986,-1236.6246519830854,8119.497903347131
cell_88785,639.1118833610407,7784.057538574406
cell_88462,-5388.492230214214,10016.036180520588
cell_83232,6106.048105446159,-2289.2668615978114
cell_87670,-1498.753987541477,-37115.355769849535
cell_82583,-4748.682387009477,10501.349326534026
cell_87875,-5504.328654960281,9461.501801147506
cell_87186,-576.6503028556887,7272.057740291195
cell_81240,807.2433996349588,6302.298194672053
cell_84764,468.43085821033503,-38126.9646275442
cell_81866,-1584.9117447750305,-40328.8371631427
cell_86092,-2927.009721455956,-33419.716608903494
cell_83474,-5100.701687602978,12653.653821457456
cell_80947,3582.3327207134994,4370.618129892692
cell_89065,-1016.620309550789,-37992.867158937275
cell_78247,-3946.5521957099027,11784.882363767003
cell_81323,-4080.7724133425945,12128.170246721127
cell_86937,6973.908814933476,-8554.760085711081
cell_85729,783.8779916197699,7198.227153475472
cell_83047,56.521672763548096,7574.687272807827
cell_78126,-2641.100667727535,-34031.16902738779
cell_89649,-750.3250188190607,-35709.65090694326
cell_90271,1575.5401605651296,6278.430884115186
cell_80770,-1857.1872467634366,-35422.9111774837
cell_89605,-6087.089206874322,12120.30908080088
cell_87255,-2780.8483581829814,9909.413863825386
cell_81431,1531.931973680008,5764.209352933514
cell_86201,1792.805823700957,-38307.77569841359
cell_86012,6686.733698050728,-3922.5129882822694
cell_62176,-1666.5233000566266,-33943.77707790094
cell_89079,185.4170441156072,8699.581152713294
cell_86835,-168.83381163848824,6423.50899619803
cell_62153,-3033.8325786743967,-28026.58488094926
cell_89449,-4083.321901420131,11573.443653401746
cell_62841,4654.206522951282,11220.408483290083
cell_88205,-4027.7318769772505,13905.586791752388
cell_81074,-5318.39457228914,11596.57886035078
cell_78423,6840.177907677303,-5019.05689546838
cell_78618,-3515.610452670988,10435.118235829861
cell_83463,3984.0149711142776,2136.964926258186
cell_79001,-2015.7548397257365,8360.698528444007
cell_86029,5380.478609629097,-1286.8235296299204
cell_81287,5353.640484489701,-4464.384099757712
cell_81570,-996.2998881127681,8522.623837874653
cell_89194,-3237.205763233377,8790.701264243318
cell_89550,1534.488499497277,5662.7830512850915
cell_79272,-4160.863831486393,11173.05824771596
cell_88034,-1506.0486637771996,-40267.198960265254
cell_77484,-5089.675930100903,11471.947278245767
cell_82779,-4038.3373410132635,9439.288655596469
cell_85581,-958.8602168007903,8464.426986615272
cell_89479,-2147.460445252208,-34845.271354651275
cell_80888,-5261.576290186507,12579.237821712468
cell_77627,-2523.2029115927617,11166.499018902829
cell_87615,3263.2702421837353,1643.4147035778594
cell_90113,3522.1197023156897,4868.587551690628
cell_89484,151.28212769934015,6735.865312707746
cell_62986,4602.884910192597,9102.347189838976
cell_90696,-6090.71485575642,10567.740013521287
cell_79459,-5037.33953058834,13430.071347891937
cell_88424,-4285.120376275697,12176.331903841441
cell_62520,5551.682309232077,4040.486328030257
cell_77307,-2773.427856639094,12970.761238131601
cell_89672,-3288.5061777585456,9386.402477714559
cell_62606,4352.91218561355,10003.483377256302
cell_79970,-2227.1335069909865,-36734.22879467388
cell_90743,138.3229036077422,6599.5496743461035
cell_79374,2440.5446280754445,3041.80952113314
cell_84682,-1990.7440559729505,8735.89676665248
cell_83353,4430.1622054652435,4875.030895089473
cell_77743,-5470.535012516496,11820.70597103058
cell_80398,-508.4341146077019,8790.60178480506
cell_82222,-1326.921376789501,8525.504567167407
cell_79158,189.17260004220867,5843.687754577095
cell_79148,6241.537446401988,-8238.274426101545
cell_89740,-4950.440113461131,10752.395680938462
cell_90148,5309.0738917625085,-783.0400293136869
cell_80967,-1922.6990117191006,-38683.05680747621
cell_87019,-3995.325330861431,-29337.504108741476
cell_62361,-3248.2756695096396,-28121.795392354416
cell_84300,-476.21253241241527,-39076.97568296367
cell_89807,-4741.753354385229,11288.069590644503
cell_80568,-1268.3826055604688,-40008.00380038612
cell_77910,6739.992367005267,-9534.357119199889
cell_62545,1581.9842015537486,15837.948102100134
cell_91022,-3980.6674407962464,12251.30612543322
cell_83214,-851.9898760067416,-38678.532330015776
cell_86773,5627.3150325691095,-6300.674681457772
cell_87874,248.02935625880187,-40732.06420411959
cell_81252,-4720.910744634481,9321.049925464891
cell_63205,5866.0573724154465,258.99043064003865
cell_82220,-1439.7757450557299,-39686.25998182204
cell_84156,-1446.1734429623782,8239.098308985142
cell_63192,654.1492177307897,-40628.31097527558
cell_81886,-3753.38102199335,14009.235963965471
cell_88301,-1565.758215627193,8659.803626199844
cell_90240,-974.1952365137703,8989.161058510783
cell_78021,1287.4576481610136,6838.160194551911
cell_80687,-1558.4741558078404,-34334.6562872421
cell_84929,4065.9811698814733,3831.0529246544875
cell_83840,-174.93414595395024,8785.23583525663
cell_78172,-4470.969302840913,10119.177903652688
cell_84337,-4891.793978546853,11943.813133455467
cell_83870,-5938.627539551893,11486.040939584374
cell_87157,-3726.8040665831954,11521.847637826473
cell_89131,-4630.235601683987,12196.635649772837
cell_82730,762.9053962418327,-37857.201335599886
cell_85627,-894.894892930289,-38014.47068138424
cell_85999,-2498.9574047766096,10222.617232737492
cell_87599,-936.8188049308924,7505.179776088736
cell_86974,-5406.49474012851,10594.822597283552
cell_62672,2733.5717663937853,15102.705810782385
cell_84694,-2506.185066043495,11292.251474153572
cell_78085,4999.1570811063375,6126.553465297702
cell_86431,38.26278204898571,6413.7277635665
cell_62759,-3010.892450905529,-33248.83427013451
cell_77409,-2773.6758866153186,-31052.213358004163
cell_85672,1522.37829858446,5808.019638383677
cell_78014,731.6575243002317,6578.50938695831
cell_62525,-798.6868489302591,-35138.17458619669
cell_80146,2375.7080738772074,5505.039227038625
cell_87676,-89.94503620667385,8203.157153072325
cell_84434,-5447.747991328725,13411.82666591269
cell_81939,308.1025238151617,5520.237043741982
cell_61852,816.2000458760333,-37633.006851624516
cell_84369,3958.067464204816,4490.258003773973
cell_84994,-2348.89886805026,8394.141677274578
cell_87022,-255.15151668345814,9165.737922362856
cell_90512,2418.0887419062437,5319.660198590188
cell_80413,-2311.659147224805,9655.448517753835
cell_77336,-2369.9430877137056,8993.156228606491
cell_62301,1428.2309344723778,-39663.5884260296
cell_78410,1249.0003074272995,5772.289147776655
cell_78825,-2987.804799263951,9181.76623111564
cell_88822,7133.558988446068,-7226.971639092115
cell_84488,-6048.092736189681,10504.757620263445
cell_80957,-877.8576482316013,-41283.97812658103
cell_85669,-1920.3388237943998,-40641.82232457686
cell_88111,2387.8132956175677,5182.220337846518
cell_89613,-665.0958296687592,-40771.653696767826
cell_80117,3677.071883351366,664.223552831448
cell_90458,78.75246086460602,-41182.04397206607
cell_88950,6382.243352187762,-3048.1131568231544
cell_86555,4719.580617171988,1412.8736780377242
cell_87812,2798.0177978359084,4968.020711467373
cell_91010,-2016.423837440731,8966.637815318918
cell_77915,-2081.8881255499127,7649.479742943033
cell_81297,-4557.903651344911,11234.699926028978
cell_87278,1989.2298966636265,-41091.44321610094
cell_62965,-42.04271488703186,14355.918088067414
cell_63006,4405.784928663303,9484.868398179184
cell_80197,1466.095949232214,-40007.97131510589
cell_85071,-80.70552013878819,6650.717090603707
cell_62290,2826.282362801686,15121.370061829339
cell_79168,-1324.1942169090803,-39080.234993067075
cell_82344,-4619.763262190821,10879.54576567295
cell_62138,5107.906088178713,8105.134663622969
cell_82710,-4921.6926928123585,11307.489486058565
cell_86403,-1469.4627387332453,8795.9798987997
cell_89368,-3310.582686150733,11503.204160713212
cell_83405,126.83438032242807,6883.338923755748
cell_88126,-5994.8916161895995,10208.303699742277
cell_82655,-4010.0948873217208,11924.515917525045
cell_90214,-1182.405677981324,8678.223929332778
cell_78146,-305.18094387431483,8077.826115583585
cell_82699,-588.7884370935581,8227.461571534674
cell_84174,507.65806325655916,-38286.24185504177
cell_89764,-4430.609664807081,13448.479363529119
cell_89795,-5024.542805395004,13087.537440845732
cell_62938,4021.2468645309214,12528.627726934761
cell_90507,-1466.447759068355,-40454.81668080367
cell_80346,-6.857879053371027,6232.186419168952
cell_84182,-2632.7902719771287,-29047.232414231785
cell_88422,-5804.025940331058,12321.78007754328
cell_90879,-5396.662515391952,12221.487723483653
cell_79297,2564.63726465809,4713.022678978362
cell_87903,-906.6835963864386,8353.310028480872
cell_84651,-5489.729913654091,11383.152987315312
cell_86430,2575.310775454484,3962.3287871481357
cell_62374,4808.644296125125,6058.964367922202
cell_80534,6742.761384557891,-9195.684625552349
cell_88729,-3700.007641966637,8919.656172564357
cell_83828,-4533.499937049594,13127.646569485747
cell_84799,6673.5292861769085,-7133.197929342472
cell_89586,-5722.238917063855,10480.831579080015
cell_90436,5037.3124591730675,-13048.94198860805
cell_78616,-1020.9090257042736,11186.980244260018
cell_86550,1072.6286450787943,6066.998222156142
cell_83196,589.641074749029,-40227.00998625139
cell_80576,-5082.876219275966,13257.750158297195
cell_61896,2763.5823009702317,15282.651022525735
cell_82117,-3237.918374119942,10134.509596957003
cell_81804,-3998.6239916842806,-27977.557403843715
cell_81265,1838.893085132183,4507.196818897498
cell_85200,-5752.847656560181,9816.207019436748
cell_62440,-1116.5519287587042,-38198.186432195784
cell_85493,3129.5002795838714,6150.636608754109
cell_89421,-5362.475713253583,12657.106748146893
cell_82264,-1772.5193161610532,-38746.43514949642
cell_62929,4814.63361736416,10039.636967437273
cell_87626,-4744.340833073173,9735.177560813161
cell_81412,-5789.006669191894,12784.550361491189
cell_77421,-5740.413855303949,13196.637760471445
cell_86509,-2053.0615918710823,8152.259649989209
cell_88524,-4993.690919339999,11403.795037593674
cell_87649,-2575.549149159747,7864.727065894554
cell_62458,3711.121359474781,11980.16118822045
cell_89266,-3135.144839154791,8822.455103204633
cell_79581,351.3056594836662,-40450.118337404456
cell_86275,-2613.3436291057556,9307.253200903413
cell_77712,-3077.922641864642,11081.915960464898
cell_84259,-5542.534793628547,9746.351116352687
cell_78096,-346.681627637097,7856.130535268988
cell_83151,-55.44279955899166,7406.230164944641
cell_86757,-3597.4295587381825,8884.330679436785
cell_85518,-1109.0799119262517,-39170.61557979983
cell_87291,7293.00281252018,-7624.981788030237
cell_81564,-2535.0745670466868,8546.50319695632
cell_87206,-5557.331986455537,10163.384453084454
cell_62518,2964.9410700830063,15664.863239649649
cell_86845,-98.80515913520912,6235.385423921762
cell_80269,1634.7856315091037,5827.305292492851
cell_81507,-21.613077148560414,7457.716055471243
cell_61980,3738.8324416254586,12576.289692520108
cell_87754,-4807.593042382893,12550.585475178708
cell_80027,-4778.280718173659,13592.406668099069
cell_82342,2493.8166689199743,4997.354615134483
cell_79188,-5158.559762631346,9917.83827274248
cell_84142,398.9155581256079,-38736.186404115724
cell_63017,3546.7734873121876,14210.117649577429
cell_83546,2586.4580716811333,4847.158949437031
cell_84132,-2141.5273528838775,10698.266476160958
cell_78503,-200.76115545166104,-39860.5352325829
cell_80505,2863.211634602616,4736.908892123931
cell_87686,2688.674461212838,4629.550449950038
cell_80344,-4286.286939480967,10522.03607560224
cell_63200,5303.499613797028,7032.060296850757
cell_81410,4033.1905094553667,5173.993420303688
cell_90081,273.24273853698037,6455.469578632293
cell_86630,5012.3858214624015,6016.919977612303
cell_80351,-4975.218264374449,9911.208363436814
cell_77443,-4862.041794713225,12325.956635796767
cell_77500,85.76091432429104,-41515.78014249247
cell_82644,-1593.789361442045,11261.210081740848
cell_82414,427.26378972500146,7933.786148893688
cell_88234,7216.487037364875,-7109.758179353284
cell_87182,7423.392031284401,-6856.378262361322
cell_77814,-4396.582359706068,11876.748897910975
cell_81773,-1767.9803035769414,10926.041126927397
cell_77260,6766.41445254803,-8525.520597391758
cell_87888,-2532.683017006055,7972.898927749476
cell_81228,6677.233784960396,-4423.3419311832595
cell_81088,-5765.418061594071,10804.303754459315
cell_80308,-3029.6722847812202,8423.524961437777
cell_63134,3247.6938132325045,14166.650281338958
cell_90639,7051.421044651849,-5244.841790546578
cell_86570,-5655.12440243594,9866.77881092219
cell_89366,-4673.362945985107,10055.757059065858
cell_78289,-1736.8906632361625,-40793.20150072554
cell_62909,3430.73909077525,13528.141944670146
cell_87687,6555.0459491293295,-3240.398856560782
cell_82514,-5439.6225306142915,12731.496984152454
cell_83221,-4353.419942761575,10464.145761671398
cell_87949,-4880.270529440253,10316.200898118184
cell_62131,4518.607911074209,9241.63447405894
cell_62476,4703.160403992078,10713.61925273193
cell_90626,-3406.2096894239808,10771.953446420557
cell_90037,-4839.273220851943,11271.716116229778
cell_82619,201.9729124590183,-41008.87095288366
cell_83270,5763.411241525732,-4090.768223677273
cell_79097,-6086.649716818277,10868.513828394087
cell_80134,-4974.759654913791,11075.415046352775
cell_90485,2944.7898713205986,5025.035095749691
cell_88859,2796.7390995770934,2650.5950337372687
cell_81146,-891.6058388471054,8048.220351256832
cell_87136,-6042.931268726814,11462.147480175778
cell_82980,6986.6012540371885,-4943.164445282389
cell_82885,-4155.813173446519,9373.357419086187
cell_84413,3014.832264786063,4423.564133240811
cell_87726,6480.984693889452,-9595.079527597502
cell_77818,-4819.8066164654065,12481.340882019476
cell_84517,846.065843818329,6350.0737681712535
cell_83194,-1563.5190794478533,-35935.33098741676
cell_91043,-5905.095192217404,12651.848952472881
cell_79496,-3388.5032164914332,12300.08656223073
cell_78313,-381.7877487403112,7177.285604402596
cell_81148,-3534.6608715401226,9247.978559998146
cell_62713,3238.0739992074928,14879.03976755363
cell_90256,2712.948338732773,3535.449908489644
cell_82000,418.1397006515384,5969.632482492299
cell_81910,-4326.331051184568,9711.413981495201
cell_83997,2312.0520142460277,6483.631201096137
cell_88394,3695.655289706412,5589.549933551335
cell_80943,-2644.855237683734,11328.538476265656
cell_83165,-2142.805761725305,10321.032522705862
cell_80094,-3636.914748869619,10355.393885558224
cell_84849,-2169.5612293513877,9484.11613184109
cell_78090,-5267.627904496037,10584.781394752312
cell_85679,1331.8238886441977,3952.317405589926
cell_85017,-277.2911850359192,8976.007801552181
cell_80655,-2440.392285518761,-28628.820044508873
cell_89316,-1796.8434513224108,-35332.219356917616
cell_77984,-2953.004969596089,11176.391625082762
cell_83913,7072.608685669897,-7568.498204652136
cell_80792,3901.856310920642,3305.2392891223785
cell_62007,4087.3835593755775,10680.177742138472
cell_62317,3494.3460971301893,13935.010717980273
cell_79440,-654.1112002974,-41412.06601513927
cell_81090,-1421.1741364920467,9047.15963442485
cell_78934,-4958.029074069377,12691.557947566243
cell_80889,-1018.3139109942409,-38817.44981334023
cell_81774,-2506.9824969480833,9515.277128600008
cell_83421,-5964.187143724007,9949.406469007487
cell_79985,-4613.688692463114,13207.066840991269
cell_78236,-5858.728987156855,10346.617542832479
cell_89880,-5203.822455906129,9782.815528351737
cell_82478,-4132.919552058075,12444.82301276616
cell_62358,7220.516560259349,-5699.663388987176
cell_62823,4706.739638705274,8903.614919118803
cell_90428,-4056.5009985987203,10567.632413557943
cell_63185,2002.3355597536242,14906.634273339909
cell_61920,7321.038822977955,-6447.736933082166
cell_80678,6305.950171122007,-3173.511035330297
cell_78349,5374.615432982203,-2724.3803491524873
cell_89580,-3186.823167199188,10818.119758815054
cell_87275,1623.8274491427917,-39048.909755053304
cell_62886,3188.1494592293875,14805.682083756734
cell_83704,-177.22229322545144,7182.204858921539
cell_87238,2015.5093214973474,-41672.30757654909
cell_79195,-5958.813226827771,11920.623493398321
cell_79770,4066.7407553088715,3318.970909909056
cell_82302,6882.21217605673,-8562.899605195558
cell_78152,-2652.2045307220246,-27097.270764511453
cell_84613,-795.7086137208588,7848.839703389771
cell_83545,-2175.046373707317,9660.945122510957
cell_62037,5815.536687586989,894.3832764883285
cell_89753,-5595.801138721025,9786.304554337226
cell_79142,-1610.182431809408,-26076.390605010896
cell_90276,-978.3815107832795,9948.349339037826
cell_80928,-2008.9198784433868,-34960.64312819018
cell_80612,6273.7196888636745,-3287.7555432241566
cell_85132,3862.3498024025052,5264.78567045482
cell_78855,-2934.246723067137,12658.525025989693
cell_85607,-2960.2324206005096,9671.212370677507
cell_80690,3016.3004123255346,4753.576379690274
cell_87483,-1351.7170131330577,-39294.67333838993
cell_78821,-1564.7959905901114,-40803.13745887914
cell_79543,-5628.7164859517425,10526.226193086495
cell_87215,-1721.976910458478,-36500.0314212263
cell_90682,3868.0417396713096,6567.476605994514
cell_84863,3712.9318418851767,4061.4169991935787
cell_88816,4075.4300983694648,3382.269460077487
cell_87548,-1948.1647947388894,-35301.02979202272
cell_84069,-5582.722650101113,10423.651757807145
cell_88365,-2220.4197313336495,7900.526745644263
cell_81760,3522.596528458136,2717.573695305108
cell_88789,739.8414244149734,6220.975721667221
cell_89321,-3422.5293419893055,9340.308805351968
cell_82658,5736.583333602805,-1864.474302585062
cell_81251,-1748.5697565428584,-26645.476110303734
cell_89292,-877.1516961957624,-38662.7586983244
cell_83107,-5703.508488052019,12327.327017028447
cell_86127,2581.5386447401656,3846.958660216547
cell_77921,-3702.4189480766395,12224.020590936896
cell_62171,3199.7314111253268,14303.733802436562
cell_84454,-6013.7157788436125,10696.419232887632
cell_88197,-5574.472470758916,12825.393911546911
cell_85120,1275.1540404205034,5616.321959542694
cell_84135,-291.5205628170613,-40625.75797644927
cell_87955,2882.8258847288,4514.987958932124
cell_62401,2137.290064132561,14890.319804081642
cell_77525,-5262.233328153283,11480.289038857607
cell_82001,-5394.883811464896,10359.181484692244
cell_89677,-3539.2993835559105,10709.001967776574
cell_91051,-1545.0739432994264,7489.064281948447
cell_80194,-2676.1364984591974,9261.607168009947
cell_78807,-2620.975011764832,13755.201592428433
cell_90893,-3225.143161538172,8837.726796296232
cell_85970,7366.134179764186,-6683.7671115285175
cell_79735,-5729.333086107059,9759.254174159147
cell_78454,4591.331487529123,-1641.7518532663153
cell_87728,-2004.283049678381,8519.292662187645
cell_62685,1895.988214943746,15232.544496690727
cell_81867,-2350.951711928142,10148.47677023424
cell_90494,936.8046201364981,-40582.237467203275
cell_89939,-211.00616239514096,7552.838633782467
cell_78796,-4010.4649461836857,13184.630315149183
cell_77313,5859.9187188371125,-2854.461179820877
cell_78946,-3061.558720639399,12409.022704304321
cell_85896,6603.747802398287,-10073.8309704583
cell_90368,2857.0133051913085,4905.437842302649
cell_89302,-2722.423148640692,11013.848193351403
cell_61843,4708.958752388702,9535.346560551887
cell_85104,-1998.6592436941846,-39681.70432197203
cell_85390,-4275.189031163291,12574.078827632708
cell_88025,-5341.56645144879,9976.514628785279
cell_90136,-3644.1345887536245,12704.443081957239
cell_89835,1035.3088263030347,6511.643890139319
cell_80378,-2056.854245177906,9849.946891980991
cell_78786,6686.6685182662,-7061.816708423757
cell_90811,-4665.519399984129,11107.62039343664
cell_81634,6764.224881632205,-6245.533399362145
cell_84786,-1396.3602230486385,8717.851360864264
cell_82141,-60.14378039189968,-38399.20572724669
cell_90565,-1342.809783666613,-39588.71991006731
cell_78863,-525.6105362604903,-40899.8920332518
cell_87980,1709.2231154998578,-39171.124662345435
cell_83384,-4396.165925816367,13412.603201777434
cell_82610,-499.1592810455119,-36200.30678735717
cell_89809,3147.4678069860547,4016.2578740519584
cell_88316,1549.671244416018,6820.086484744021
cell_78243,-5193.554015929293,10600.53577246603
cell_80207,6217.360934783925,-9193.00302887278
cell_78192,-4924.524348585504,12502.327390183635
cell_89149,-4417.263862453663,12510.930052222026
cell_86842,-918.6108059007265,9145.645822606944
cell_87694,2288.1108358968577,5813.98851137715
cell_61976,4350.333159555821,11722.794937464061
cell_62479,3431.667432157862,14211.742125855559
cell_82785,-5310.46786036917,10460.906716561547
cell_81473,-4851.355940741745,13011.711660506317
cell_63034,4504.581571659863,11474.843349057262
cell_86785,-1802.3783980871267,7928.435745188503
cell_86652,-1286.0206889092933,7262.796724891484
cell_77810,-4851.533667531225,13269.635096455208
cell_79914,-5784.62899004687,11764.609504133796
cell_84951,-3035.188893749634,10204.534706764613
cell_80875,-5173.238335036544,11997.140123140249
cell_84335,5763.707152050907,-1303.1157857776896
cell_85634,-4113.842391298911,-28994.06467677444
cell_62699,3238.597996584076,15295.599582844963
cell_78552,-1213.6520009578485,8857.49464086984
cell_83938,5312.104124531826,-749.754367384271
cell_85117,1890.370762591812,3467.0804200146936
cell_89773,2155.3146690997037,4994.826158074489
cell_90099,-3651.4178515417602,9801.8318923529
cell_81916,-91.55745225294702,-41398.96828048782
cell_83543,-2931.5943679870384,9760.809640246976
cell_90209,-2610.187218300954,9404.198519600295
cell_89921,3080.091591358314,1679.295942375087
cell_86905,-5624.419209821565,10295.286802936696
cell_78033,4292.97973338408,1455.3443304425402
cell_84641,-811.366067788065,-39295.55170969794
cell_84989,-68.16818013833718,-38366.24638638567
cell_84340,-6052.38709625855,12299.229224689852
cell_88172,-3691.4801599269367,10183.777179462504
cell_85919,-2738.7692325401044,8975.342799791144
cell_86250,-4037.528597820488,10509.44609295706
cell_80907,1908.1358618379404,4878.314441860157
cell_82457,-658.6065304545733,-39089.88236811607
cell_62127,4353.425252835487,11224.654459540203
cell_84038,6645.560775742416,-7492.2610903294635
cell_90142,-4267.003392578136,11426.303737746273
cell_80666,-3687.334956884161,11328.648665032391
cell_84237,-1151.56796406925,8928.70996538013
cell_88195,4492.350282459913,2119.367534357918
cell_83341,488.2040113755625,-40386.09279145122
cell_79794,-4595.423246172458,12124.987069756773
cell_82451,-4923.026881833589,11151.825170667276
cell_82618,-477.5962694627171,8097.983592211752
cell_81189,-5753.403370853543,10321.230629023448
cell_86801,1018.4698022756073,7259.769370119847
cell_86195,959.7023257507808,7015.834578553479
cell_85489,5878.432644481263,-1905.4382428581619
cell_81589,-4141.864405116505,12275.123429628411
cell_89257,-530.2296751488003,-40407.846078141854
cell_80161,-567.3218690657916,10784.438614384999
cell_88399,2032.502879991595,5237.536912002837
cell_86917,-5338.996014945895,9886.486657660176
cell_90500,-1527.7551755416098,11820.300220685895
cell_83874,2475.800083129522,5130.499299761605
cell_90008,-4554.6742762155345,10086.924038428817
cell_86708,-1992.9487375448384,-34880.207684171924
cell_88078,-149.47248486413193,-38318.272144392395
cell_80460,-561.7225597549974,-40159.800464932494
cell_79616,-4418.995696458356,11623.071332729398
cell_80742,-5436.607247768907,9984.798677797058
cell_84697,-1975.497883958055,-31252.391948152836
cell_88996,-2436.3440502388553,-28312.861849590223
cell_90378,-1002.707611888519,-38155.55619058924
cell_79415,-4385.413638739216,12923.429245304334
cell_80428,-91.93140193116473,7091.646057446809
cell_79759,-4527.613087153611,11772.354190673292
cell_62556,6552.0335450363555,-8227.074204034603
cell_61916,2547.3717087328832,12229.097959651253
cell_78031,-3508.182412792738,12853.872260560745
cell_80944,-5107.1905719422075,13401.632208020657
cell_84920,-4823.806386364743,12810.621808568832
cell_89033,-1295.1278387848315,-39395.05019332518
cell_83683,-1988.4130886120809,12335.612651392605
cell_90518,-5867.789941949021,10127.529079949585
cell_90889,-4511.167622005763,10439.884732854543
cell_80578,2712.7608803948497,5683.549052816646
cell_81919,-5458.1986053052415,9890.569883123913
cell_82296,-5414.617858831518,13029.493919607416
cell_84499,1707.5850101417316,3852.5688352804036
cell_61883,1589.7342958536735,15703.992945655767
cell_82871,-2013.0670060081786,-34862.67369111298
cell_79566,430.3242160443315,7899.346694533344
cell_85903,-2216.112514540942,8608.16289083505
cell_62226,2218.9114974263607,12019.107615021869
cell_79529,3410.0410187054886,3901.407674822391
cell_88516,-5812.202048314952,12174.608273548152
cell_85383,2538.4285678721712,4491.501202583075
cell_78277,-769.3061094022021,-40178.48338775064
cell_86687,-2857.5302804773446,-33739.20377065251
cell_82740,-4361.534575527392,13150.37691984913
cell_85263,-2964.70181069148,9821.76520050435
cell_81967,-4369.47922194175,13743.419037686685
cell_83950,-3983.6562580923373,12815.015287968587
cell_86117,-5157.74895647655,10004.490565254819
cell_81734,1217.4965112483408,-40449.37485243598
cell_63183,2328.1584379484607,13141.460010874276
cell_78052,7142.19369222439,-5881.594901107768
cell_81574,-4071.623152667304,9394.796647793984
cell_81432,-1442.7198778536294,7362.67671710151
cell_87774,-4249.584668668098,13155.538901258196
cell_77438,-1117.8470356266396,-37705.52486677381
cell_89401,4849.2457927191945,6062.637630912898
cell_84639,-2324.523910791659,10960.120471390625
cell_85276,-2860.66068605562,10054.323904895835
cell_81639,4147.2609520416445,1097.1802287927837
cell_85415,-2900.707261482878,11483.598399323784
cell_86500,-1827.967563854976,-40699.60915507976
cell_88494,-4114.458099932439,12030.205311441956
cell_62990,2553.3355204916083,14921.406042450573
cell_62241,756.3517074321517,-40101.306303817895
cell_82299,-1639.372756865189,7777.195026963615
cell_83055,-1400.6357725830067,7351.642936070098
cell_85109,-506.4733291436674,8356.486782346134
cell_85111,4211.844855340149,-676.3473813318349
cell_90736,7104.150576138967,-8641.033168476644
cell_62016,937.1598045861574,-40088.29088277002
cell_90985,-4514.221179832814,11088.639269391295
cell_79909,1568.603161157983,-37576.857421539586
cell_84283,-4946.017293871334,11667.62568824835
cell_83368,-3731.0161463895633,11001.548472099397
cell_90641,4545.244685807603,2307.536496348454
cell_62362,2464.4122518992326,15965.832086107275
cell_81767,-673.8816548559031,8463.752608091043
cell_62637,3529.66890188507,14251.701685635971
cell_62573,-1612.1520282391948,-36161.365008429544
cell_88141,-5411.576164328298,9498.410809927944
cell_77843,-3904.4077443142933,9980.221846378285
cell_90412,-3835.1209639690646,-29937.36377183156
cell_89653,57.59836584377654,7989.284106540835
cell_87597,987.7251199498909,-39934.95000119788
cell_86007,-3463.343034913652,12580.062014901167
cell_88045,5.452594675862342,5918.820108478952
cell_81942,-2878.1885815158003,8283.304972783077
cell_88397,-5546.652947187425,12740.884012265104
cell_83329,-4683.20559594789,12488.174993889108
cell_81555,-1597.1866795894277,12864.233776159526
cell_83794,-680.3746619697081,7770.715643118238
cell_88526,5687.262802551766,-1069.383383048015
cell_87336,-1983.4679461605253,-40364.77521670022
cell_87984,-461.7809266865367,-39644.23956919281
cell_85556,4413.233018990166,3802.70933722085
cell_79841,-3910.0641298251367,11819.792846694938
cell_62547,3650.3091962777703,12547.557332355873
cell_62337,4789.94934674325,9405.06610901526
cell_89270,4179.7127659138405,3216.167116531512
cell_81889,-881.1110790088125,-40327.38978120213
cell_78631,-5590.201252463079,13217.74139083507
cell_62714,2145.0153251499096,15818.626137511701
cell_78286,-5975.340597634273,11355.771032151919
cell_82074,450.15321514371107,-42124.879961794235
cell_62193,2939.8331998704903,13829.010013671923
cell_89322,1598.856093101009,6102.504395345069
cell_84357,-1238.9556361642206,-39789.008209787324
cell_80328,-5562.847175103742,11196.500675907497
cell_80198,-3742.6024196863937,10843.36753331426
cell_88260,-2522.1694027924823,9599.255937627051
cell_62878,3767.846403970495,13511.970491703016
cell_87323,-2911.9000969620924,10484.875971266527
cell_90601,-892.8029459579495,7073.25452407974
cell_62387,3148.385044645051,15151.898060533562
cell_80686,1313.3066904240238,6151.323095939358
cell_83164,-5609.561549382001,11773.021500466291
cell_87664,-306.5178924676241,6822.439113505438
cell_87588,-4657.827330759212,12506.674109402147
cell_88508,-843.2571086584512,6949.981635768755
cell_88949,5687.962379167979,-5962.639108874737
cell_81594,-2372.6521003671505,10399.038562024507
cell_82310,1288.619107477601,5813.4836877479
cell_82562,-717.4331386155443,8853.670200318797
cell_82960,5131.84393545604,-3638.1737665502933
cell_79795,-2835.318543341308,8732.909188250263
cell_87492,6830.498562197795,-8918.532060171248
cell_86265,-1919.3935150572438,-40357.25103552452
cell_78604,-850.8304139362992,-39270.27078499525
cell_81414,-5377.48228345961,12419.88532589107
cell_83140,-4854.652783065901,10358.362782180426
cell_82437,-744.2085486804818,7850.397360906261
cell_90183,367.6746605724474,6816.160337574871
cell_80520,-3647.604571191365,-27647.188530718813
cell_61887,-3460.3698228190924,-28134.355490221504
cell_82115,-1041.813494902147,7531.544598483678
cell_78305,859.945441914027,6039.385862973165
cell_86518,1605.8407767547665,-42652.134283691106
cell_89235,-2589.271306084092,9552.641395338645
cell_85521,-738.8764886945208,7022.985958465201
cell_62072,-2760.7978376636693,-32965.843588336254
cell_81947,4279.79997871755,4683.9343696042815
cell_85762,5811.204308393227,-2179.1676069865252
cell_84105,-4133.869513966509,11338.970334527496
cell_62274,-1587.0323393683445,-40435.75585360205
cell_81525,-316.0754950186288,7827.469876239617
cell_83246,5271.748600354878,765.443598958744
cell_79550,-1052.683446063999,-39019.57258864432
cell_85933,-600.0848803523609,7141.0784909216645
cell_78983,-5331.557753566986,10872.022715836916
cell_78596,-4344.953137376943,12622.809051321228
cell_85941,1376.2959322121644,7037.6052622161715
cell_86218,2697.828023375469,2391.8178630458515
cell_63060,2562.1621949515775,14706.50777631931
cell_80432,-575.3164332071922,6427.326728838774
cell_61880,-3059.5577198524206,-32571.800583924556
cell_79301,-4839.4225432944295,12086.676170814442
cell_62754,-568.4409863016213,13409.02519062921
cell_85791,-3540.018404481202,9820.492728812234
cell_82102,1856.76130369513,3839.2756358872643
cell_80636,1697.556101278209,6159.940844022539
cell_80425,3767.817238704658,3854.2562939334543
cell_79176,-4969.375366026422,11262.961933107063
cell_85031,-1502.607915728177,-39312.51750239253
cell_89308,-3481.097676785084,-29836.08202797189
cell_82305,2358.4869381889143,5407.405959972112
cell_62417,1287.8732208797321,-37342.63030459353
cell_81663,-4983.958665244595,12012.886797274057
cell_88268,-2426.979900895665,9354.874862810091
cell_84243,3854.7922633338467,3034.618211303191
cell_90566,-1495.3711642884948,7734.530814801378
cell_80447,841.9407158131331,5616.144295271005
cell_62225,1455.9437765624186,15762.153498317311
cell_80751,-5883.0315161806175,12903.309406176162
cell_87229,-5840.236430156628,10077.18471413412
cell_90953,842.0913493118338,-38363.07735844531
cell_80608,4692.403090888469,3761.547380580006
cell_85708,-1032.5334869512521,-38052.28587929235
cell_87211,-5087.57693804226,13026.812202084015
cell_79492,-2954.7904002247456,9408.064065575592
cell_77826,-4905.12746953,10596.620960747205
cell_89533,6861.184220093512,-6289.358197355236
cell_79205,6608.387782600866,-8101.709040517503
cell_90195,-215.54696224035294,6817.4523043330655
cell_62553,2933.466665560566,15427.292437528822
cell_87641,-4167.755695236841,11581.78388219394
cell_82038,-1735.605596306003,7888.882101312618
cell_90092,156.08847685351816,7562.277640497938
cell_80296,2552.2671560460626,5418.6150800415935
cell_86006,-3807.8953592729576,8845.805210970662
cell_79627,-5625.44557841085,13158.589883839672
cell_85077,2529.754868349883,5112.468987552294
cell_78490,4105.7155474622405,3338.2695967859504
cell_62055,4601.1442739828835,10905.19031537637
cell_79849,-2090.53630289591,7612.301583815001
cell_78301,-911.4960139182782,-41045.18106230954
cell_78282,1072.8232579755943,6561.473929844784
cell_62700,3237.9158174254544,14113.796273851363
cell_62261,4850.448447096317,8575.759672599912
cell_83119,-946.0777880070007,9745.08616553407
cell_63065,5261.3375666238435,6474.847473536166
cell_83632,-4739.836146250473,12177.12994774438
cell_83761,1521.9269220893934,6674.879869969334
cell_81010,-4923.49961339101,11513.890166791763
cell_81723,-5808.404183172236,11438.966383800485
cell_79995,-922.0060615609597,8519.344178044412
cell_87505,-5829.890102602709,13110.344593300542
cell_62059,3053.3396500955773,15789.16901189151
cell_85261,-517.9889317760052,-40335.527306884534
cell_85198,351.87556142761997,6703.0585001988875
cell_83175,121.1208410911412,6248.458901859472
cell_79592,-5452.1845847037475,9697.370687722449
cell_78832,3260.0585205534926,3808.754698695863
cell_90935,-4665.092887555914,10478.85278489201
cell_87757,1770.31531860645,-38633.83960611991
cell_62262,-3708.640420255183,-28576.314692801483
cell_88337,854.3167652065372,6109.696693561715
cell_87355,-2717.884854859797,-31583.19743093241
cell_89686,1061.1321614712433,5581.810384188177
cell_86549,1545.1589813332475,4362.687268906048
cell_83974,-3445.8344297259723,11607.450310911674
cell_87556,1294.4936789547562,5556.176560231095
cell_82090,-4778.066668086332,12853.299061390366
cell_80272,2261.196371580075,5766.7449649871705
cell_81126,-1860.3834399846564,-40459.430578766456
cell_85831,-5512.082546711091,10530.886619902705
cell_84228,-509.19527590721384,-39693.849849281956
cell_83378,4395.6674729047345,4330.889050334304
cell_77368,-5539.132830410766,12463.502755898058
cell_82933,6454.034690053097,-9013.020951547003
cell_80619,4464.084503017894,-1591.0921897091414
cell_81288,-5617.404710135154,13107.23893466331
cell_83456,890.0171889789119,-40118.35546563388
cell_84535,144.530859971292,-40401.86582047189
cell_89376,-3859.9570730462196,9825.78527080124
cell_84417,6957.820691337143,-5056.765465154218
cell_79891,-5804.240675809436,10412.988502676813
cell_90939,207.6695671635733,6547.223032983079
cell_82281,-4142.6299047975635,-29308.567068004904
cell_79880,-957.2470749967574,6834.677438521279
cell_88120,-5385.294536799571,12511.078131046097
cell_79324,3548.0513228097875,4771.645721501098
cell_63121,3866.7383002634683,13429.051964184478
cell_83735,-2683.7749223126034,9495.115211249864
cell_80456,-3595.598683523751,10465.168401069055
cell_63100,5202.428913096108,6396.472769472119
cell_89821,-2841.5843065826825,11047.41248996349
cell_84496,-3027.2416752547656,9673.184895647013
cell_89709,7079.423392142456,-6000.6311783746705
cell_78728,-5513.0847959850025,11536.11005187223
cell_90595,-2352.1953100768883,9586.280442666251
cell_88329,-1453.2006512372159,8102.079146695183
cell_89122,-3416.5057544358265,10501.701227409572
cell_88183,2451.0815859996915,5025.030576772041
cell_79567,-5852.803722436951,13134.068362411113
cell_80693,-5259.542107528826,11750.977843738938
cell_87412,-1702.35446650295,-26964.07347093493
cell_86740,-5544.891262522477,12661.260528275017
cell_79132,-2778.279359115225,11653.869367577221
cell_80164,-728.3868579796762,9966.58472921352
cell_78649,-3992.21872277574,12415.31404751047
cell_83908,-5670.918574150077,10629.093039040366
cell_88974,-2732.512622924954,-33840.11042333648
cell_90908,-941.6734494342826,7128.311577578868
cell_90439,-1223.613338493069,9253.302758249401
cell_82193,207.7609117520647,5961.179293933959
cell_81369,2455.6008201364175,4632.405957046758
cell_81076,1978.2351177108442,3487.888220305597
cell_82897,-3243.0114499919277,11802.16134452218
cell_83637,4662.282719603086,3774.5381321605278
cell_78576,-5555.13340092152,12895.727985289546
cell_85403,7392.422896663634,-7032.622986880389
cell_81798,-1946.302516032774,10986.92061106333
cell_82467,-5354.741707322191,10706.444174754872
cell_63144,3885.089882001862,13710.866963804101
cell_88002,-1453.079470305354,8988.661762902528
cell_87080,-2176.183289381055,9034.450728338423
cell_89265,-306.40846437421544,-37161.04927191533
cell_80407,-5433.3765370394685,12593.319766275577
cell_84790,4593.529883652328,1178.4026098200166
cell_81694,-5219.960571119223,12867.184952276286
cell_81577,-245.76703056695504,6132.016433424853
cell_81931,-270.9328701005795,7821.1377887007775
cell_82292,241.63867254781889,7070.915072262149
cell_81722,-896.259892570534,-40489.90247600826
cell_79586,2624.7374154501,-40172.324251421014
cell_82097,-3804.990072037289,-28557.95172577892
cell_77342,-481.4698320885252,-37446.69979676113
cell_62148,3792.9699675849383,13981.70377165179
cell_86172,-3860.492114497243,-28217.650600517292
cell_82670,-5340.32645812841,10969.456120256536
cell_81761,-3344.0416287490957,-31887.517372755894
cell_84179,-4530.729358749102,12765.432893359563
cell_80691,7465.785076212671,-6839.4561626040195
cell_82522,-2343.6455946531805,9310.854617020035
cell_79155,-1861.3642384580817,11799.753307657928
cell_78727,4656.711626373562,3764.59918363057
cell_86768,2283.9144942771854,5060.275408022017
cell_78757,-5971.247164071273,13040.173776150757
cell_89779,1336.6104689406893,-38537.02363734238
cell_81822,-4553.411792792115,12738.012462579549
cell_87201,-4456.009014054949,9279.358173747318
cell_77269,-4559.858387046883,11687.637848238624
cell_79679,2194.556106886201,6409.285861575273
cell_90521,6702.911428898745,-4577.625757228333
cell_88230,2551.054947599021,6118.0164841757905
cell_89390,-1372.1173726249974,8037.2701435354875
cell_81526,-3608.5322400050595,12610.150504569267
cell_82434,4057.2365393295113,3411.8205465205597
cell_85285,-5779.976812483413,11138.151220356658
cell_78996,7082.224781696053,-4965.762038735709
cell_82320,-1643.8570433993998,9575.840586536384
cell_79565,2113.6285887884246,4946.148729802638
cell_88580,845.6465072155326,7348.146854632931
cell_63209,5583.39552972968,4124.475309299991
cell_84447,-4945.278176228288,10410.364689574044
cell_81353,3062.9553478250427,4610.287250077213
cell_81218,2100.186751670924,4801.991774490061
cell_86658,-3998.0108610075768,-28318.02533750706
cell_87244,-4018.6924469271976,10226.970565442838
cell_82192,-1722.657090622225,14514.740983838914
cell_62818,2899.1380643568623,15927.707774927547
cell_79397,947.8980817997018,-41367.58502205775
cell_79425,-3518.1152105754945,9957.707945410268
cell_87351,2712.577654842116,5310.697623982183
cell_61981,4621.955648834621,10263.23106842984
cell_83017,-2953.4393595701504,9221.229314871525
cell_77507,-4580.388676288967,10482.910935764185
cell_80230,-686.414854862156,-40270.49233067319
cell_89212,-4454.419161565299,12297.757849088239
cell_89319,1651.0904878914876,6053.667796811516
cell_81379,4137.315493976151,3637.4985727572475
cell_85135,-2897.979250201113,-29017.83661266961
cell_88291,-3091.301890582102,11120.638317186047
cell_62434,3047.9762717358158,14490.341098027995
cell_80974,-2707.545519834337,11338.876094639923
cell_81770,7470.855743818663,-7005.472088679722
cell_89215,-3548.67039054573,-27616.72899415411
cell_84752,2241.071247844366,5998.840683824452
cell_88496,-5383.110689417073,12258.128054393763
cell_85589,4080.6550085762437,3138.032159468128
cell_80912,-591.6950306729128,-38537.35535971057
cell_87808,-5889.8066086990475,11588.30523539945
cell_89776,-563.8434588281835,8463.119119945248
cell_62039,1881.067159084888,15197.06095240237
cell_61986,2451.099810022811,15781.15388031328
cell_88694,4218.425413186812,1588.4914266905312
cell_83827,-5308.605789317714,9970.697949112304
cell_82347,2997.0997315354007,7471.318931921612
cell_90369,2216.1198643768853,5592.4961544328535
cell_61906,3161.0887369858033,15196.060454335235
cell_82174,-5458.283956856456,12171.79600319528
cell_87468,-729.6079701944811,-40171.50797058344
cell_77224,337.2996117376635,8323.14123679259
cell_78000,763.9406043644585,6393.241613386909
cell_84321,1355.9515410567494,5982.4274953943195
cell_62660,3101.0063378862064,14891.315330808717
cell_78099,3270.6961128153516,5793.536633101384
cell_81951,-516.8080928761079,6461.2374178214895
cell_61865,-1186.3283495490664,-34749.508404475404
cell_86274,-1933.9127123763374,-38151.622825515755
cell_82148,4410.504919937685,3979.5734775506344
cell_85503,3744.7835806265994,2427.653589086978
cell_62198,3137.8920580642784,14219.266145082567
cell_77399,-367.0241285721924,-41226.38760610806
cell_78686,889.2649792188051,-42502.93567767229
cell_84940,-1324.1928884274657,-39133.958681459626
cell_87647,-2625.441785828107,9256.343026114537
cell_80842,-1515.7358960798804,-39708.10219232768
cell_80529,-4767.451098835643,11468.853405982703
cell_89642,-5226.450721253524,9670.54254336303
cell_79233,-2404.437639148257,11932.751602266075
cell_62309,3102.91947772132,15301.521226956844
cell_77232,-436.4360422836804,8280.681466031408
cell_78325,-82.26863222044526,7150.559312258704
cell_79965,-4447.621333813328,12544.490613756092
cell_82356,-5156.29789745502,12760.654054182121
cell_62747,2484.427715914493,15424.899680239867
cell_88029,-3987.4617709927943,9179.850689026694
cell_85781,-1844.341710136559,-33126.92280843146
cell_85735,3568.338800679343,3935.6799242899856
cell_80903,375.1445616301838,7851.792110398687
cell_77485,-5064.726137935234,10823.425575694773
cell_88874,-4574.933000149069,12193.321513292121
cell_78780,-638.8932517943118,-40447.189298399266
cell_89178,3753.629998515131,2480.103409414345
cell_62629,3866.311541056129,13529.244444364618
cell_83124,-688.1811397372043,-41689.890311280426
cell_89263,-435.6500565385784,-40748.168289093854
cell_81623,3738.80549078883,4955.421876181734
cell_91067,-5654.854024335461,12368.05796969331
cell_84537,-6078.183480917149,11407.495887951867
cell_85689,7017.560208091713,-6892.826357017953
cell_79359,-3890.65041465374,12759.039837799728
cell_81628,-2448.623185810071,9053.480560368056
cell_82768,-3313.84126217619,10630.922937827914
cell_81966,-1658.7606473954643,9605.742523665636
cell_89188,606.2315261338061,7420.27134439563
cell_90423,-1504.9689207451618,8235.294536118752
cell_88087,-2622.386746391743,8665.659910587892
cell_86370,136.49413598809366,-40331.24522105207
cell_85372,-2754.2177355011163,9274.74738752676
cell_89422,-359.52153502845914,-40300.648324576294
cell_62839,4033.4184383361776,11836.656025295122
cell_87122,-4812.447864023173,9458.375330602084
cell_86847,-1489.0669217594518,9075.909315650199
cell_87886,-882.635194236688,7415.506103559386
cell_79482,-2837.6397970418993,-31997.571399971286
cell_78194,6248.126205306488,-2779.8169524865857
cell_62184,3403.600557179845,13669.238880408811
cell_78936,-3782.739369229209,9689.421202245096
cell_84276,2205.479674945045,5040.844264095834
cell_79806,-4622.30369746097,12220.951734500864
cell_81093,-4871.374815335318,12906.52541075491
cell_62382,4974.381445194129,8006.828966048462
cell_79064,1658.5117467817279,-39874.28594336493
cell_77589,-5534.55125256497,13185.276375036445
cell_79517,890.7598373783236,6238.414390321489
cell_88149,5104.795076290259,-40.05605705341636
cell_82588,3359.0683233823775,3816.2780524570157
cell_85464,-4074.4784729408284,12328.475153110438
cell_85110,-5434.835100554005,11987.499392335947
cell_83300,350.04794905777646,7536.981699002035
cell_88864,-4540.304720903827,9356.095312031357
cell_77330,922.1018944964007,5698.662129157558
cell_90967,-1056.379341296885,-39154.30444679659
cell_85678,1724.3541918399496,7463.998001381224
cell_85920,548.0083672496304,5528.752856495562
cell_87160,-3604.5644436523608,10079.636772113237
cell_78791,-4981.515246956588,11006.508433705418
cell_62678,3924.3763923585025,13664.245534323332
cell_78150,-1473.1962780034928,-39673.28623512836
cell_77765,-3269.7007137386827,-27254.403935256592
cell_80915,-3063.150269450654,-33054.88932660463
cell_81611,-3473.2862133022923,-27938.040722760266
cell_79270,1031.937732405968,7644.46746985868
cell_80580,1282.4310535673421,5726.089738725132
cell_89932,-1317.334396136367,-37433.228201765385
cell_91058,2730.135976603932,5111.769884914893
cell_86096,1129.5331935359316,-42226.839418379896
cell_81683,-3080.4390657014524,-31830.894091539853
cell_77471,4745.41722680473,4664.526750447592
cell_90187,-2336.076692026776,-34425.973640143
cell_88649,-4829.852658019744,9558.323327409458
cell_78944,-3657.3009229936088,12668.363397491989
cell_77474,-5132.230835877486,12266.716224895823
cell_80127,-3851.2699295770844,10017.948541834758
cell_83819,6619.327367281975,-7746.40393489112
cell_63206,-3250.772877948687,-28093.598227115523
cell_85180,-4027.8621607795035,-29272.814125154262
cell_86711,-4008.4784424223376,9001.758944221381
cell_88027,-4073.9366436045516,9473.020281350427
cell_77412,-4596.581799649185,13014.765847056191
cell_90742,2879.84749931359,3424.945423926223
cell_83968,5642.97248572368,-6103.45226385128
cell_85194,-1105.3004297200798,-39383.24032115519
cell_88998,2608.009770968511,4706.803953869069
cell_62392,2590.396327369585,16097.780956571769
cell_63054,3402.3974865772707,12876.650362703818
cell_82146,4023.820098768151,4107.3816442869775
cell_81080,-3219.138241576496,10312.796170200001
cell_62219,7077.897662671106,-5215.772838541476
cell_87828,-1313.828862747569,8686.985566231795
cell_78574,6463.731720828481,-8330.903695167184
cell_89242,5881.8006579662415,-5016.241042768591
cell_88776,-5667.403222694213,11476.61798321786
cell_84677,-1209.2781491799851,9853.51260547418
cell_62574,6006.436548025373,-735.6824168379068
cell_86583,-5274.546955747788,10353.86766538911
cell_80600,6736.228062136432,-3741.127451926363
cell_83308,-1022.5114166373505,-40893.2261621315
cell_80477,-5852.492606406916,12674.393930298434
cell_90829,-873.631041388164,7881.025716191352
cell_83700,-1030.1185245909862,13383.21186358338
cell_90824,-4346.752233502086,11967.845656244312
cell_84096,-2387.869126738929,10836.611296587154
cell_79363,-1580.721438480834,-40737.63423199187
cell_80923,-2001.7819086142913,9899.509018019935
cell_89640,-3892.1580105259945,11512.799875749364
cell_90429,-1559.9366293814498,8904.476521961093
cell_88303,-342.3469493066534,-40340.017048119946
cell_90758,637.6854421315184,-40050.64774503986
cell_87792,-4745.108825126646,9659.563795069736
cell_63043,3982.1306466776446,12519.27225633693
cell_90492,-596.8382154966692,6268.479623403808
cell_63108,4146.359721734016,11995.73374822334
cell_80840,-4332.852675877356,10060.21414483111
cell_90622,-526.9339130152139,8007.067757805755
cell_86930,-4659.778400829648,9632.669621001909
cell_81875,-3771.1383765012606,10940.641185884044
cell_86493,3502.4609106336734,3283.3395593090486
cell_84581,-2473.46171960035,9553.222185634824
cell_62507,3401.7502712188107,15220.205946795937
cell_82493,1976.9120296346578,5737.952075275114
cell_62482,3310.516174907028,14693.418043578256
cell_89914,-1078.1671386081273,-36180.274605143095
cell_80577,-1694.9693216583225,-35475.02863921464
cell_82628,-4261.212118273633,13654.920354412561
cell_62645,3342.4427677565714,14500.157207910337
cell_78972,-2546.234469710361,10423.53176519764
cell_82617,-4943.757045134041,11401.548932835429
cell_86626,2288.740246768302,4876.384399656102
cell_85395,-5780.993921106579,9838.829802149081
cell_88191,1577.8542240108507,5067.903495022965
cell_80480,-4848.630272370771,10975.900527186734
cell_88465,5478.484907329125,-943.6426239097513
cell_81204,-682.5861999562537,10881.507783241763
cell_88781,5077.425525949172,471.58144757454403
cell_82567,4771.708199061387,-330.84686794566267
cell_79025,-1435.7923409399054,-40371.39218640421
cell_89204,-5014.812988368423,12178.161534876059
cell_62877,4517.367759282825,10520.652969720133
cell_84525,925.6562266412864,6706.075433343325
cell_82950,-5625.623595241476,11304.461383022524
cell_82769,-5106.350771595074,12709.559596786583
cell_85061,-4713.524369979182,10851.982664626943
cell_82797,-5231.045995998246,13001.378251310523
cell_61958,1678.4093597390386,14719.542931442347
cell_87497,-1669.564847545993,-26642.524431084115
cell_79226,2515.9799049175854,5594.266058647756
cell_86436,-666.8345210881092,-39221.053577019404
cell_77492,-4671.695032162854,10844.111018973777
cell_90038,32.850029369431375,7010.5875952667775
cell_80036,2424.1243575751873,4852.230450376306
cell_62329,2636.0242144897293,15463.15721033274
cell_78370,-4205.107151458427,9321.863201623384
cell_84617,4697.462495791144,1808.925708168031
cell_61952,3136.9845347830237,15530.779407081318
cell_84429,-189.2465117465333,7482.115816886252
cell_90246,-4293.6462969911645,9421.309275220176
cell_86238,6124.161454190669,-2640.7002248211593
cell_77695,-1088.1873652490267,-37416.59916731474
cell_79136,-1721.6976297945491,9592.759479113147
cell_85212,-5822.157379927137,11472.606873284964
cell_89562,5026.3140171272935,6055.146119045289
cell_78999,7234.349698546172,-6009.955227905471
cell_482,-4852.232591796369,11920.953099354214
cell_49656,1773.544773220048,-38870.10133116386
cell_51721,-2692.0996192659027,-32775.73636699207
cell_47097,2054.4203607607988,-19549.42376665701
cell_44682,1245.4443863887466,-40449.04639784142
cell_50534,2410.492709095562,-40751.24316254914
cell_44949,346.8448224881679,10351.26556921847
cell_5323,-473.95393739209953,12463.322480132127
cell_4056,6649.243509016946,-9690.416248281726
cell_49889,1344.3177999355357,-39171.02159539972
cell_44430,-890.0229991035958,14350.09636199798
cell_48193,-854.0669313743708,10932.618282456348
cell_52185,7000.055149595464,-9249.437322101005
cell_4544,5325.1027211540795,-13183.180278678574
cell_46069,2647.2781460519154,-37018.86045523436
cell_3308,-685.5502670264289,15123.183308027832
cell_45059,2477.3855067759396,-40466.831062569625
cell_4566,-34.29308434655873,-39868.41113110665
cell_51004,6419.555431849265,-10702.9177401024
cell_48473,650.7861978757866,-41012.86454452693
cell_5145,1007.6362417050254,-36863.854915539516
cell_4063,5581.66620390064,7243.090815712526
cell_46937,1956.082346147482,-42905.47260749449
cell_47148,3162.551720319305,-38793.115325754385
cell_2842,1674.7379317208067,-37426.415865045536
cell_3242,-2505.4846557447986,-27356.94413829589
cell_51299,2812.589829082517,-38336.227577673235
cell_44151,1769.8805464703903,-40503.5016989418
cell_45237,-454.3980447264695,13446.465384889927
cell_3580,5068.296208110382,6798.044400383274
cell_1120,-1704.9133773305016,-34086.66617646872
cell_44700,2457.6435074121105,-42417.33907393324
cell_52352,594.174987180663,-36463.646880096225
cell_4124,-2169.925516565776,-26596.75234858229
cell_46343,-969.7941248682752,-34543.76378472985
cell_4577,7228.535404644543,-7486.064147293714
cell_51312,1904.6191306758494,12824.710553646135
cell_51946,5078.999903550237,7965.2296489662995
cell_47365,-1609.0026960673079,14930.814006948578
cell_5155,1886.5125918045821,-39694.57174352172
cell_51967,720.7668916001049,14872.556903972
cell_52315,2441.524629361396,-37248.12584510273
cell_2837,935.9696311412865,11106.033482760005
cell_46391,2328.7314991264084,-36329.53734130819
cell_5228,-2004.0645180884073,14443.108302810464
cell_45536,-1247.8679805650443,13356.410220183932
cell_4850,868.0710767213924,-39577.55921780935
cell_45542,2264.752125144143,-42873.17671566591
cell_45597,3494.716810495722,7733.898187676236
cell_45196,666.6057051575352,-40245.26150442423
cell_43483,-2418.1607128535893,-31943.02528678332
cell_3982,-269.1555554781154,-35917.4380705743
cell_1384,5610.900033494281,-12311.57220381812
cell_4045,636.9884158234669,12861.344345781361
cell_49562,1525.8995901267394,-38325.0538751918
cell_4431,-975.9205364329277,15538.775350780927
cell_46452,6036.9573968473205,7467.966276390951
cell_4826,6398.678243164847,-5651.287387655071
cell_48303,-702.3328393495196,15592.503395303493
cell_45846,-445.695722569854,14045.670400447749
cell_4427,-1087.9828588472792,15216.558566011985
cell_46280,1736.732750622614,-42394.20868343844
cell_46384,2964.4851525506706,-39123.61555490754
cell_44603,2082.8131338973762,-43067.50889525987
cell_822,-843.2271337658203,-36152.48210819664
cell_51145,1645.1471420544262,-39472.24401476412
cell_46173,2173.7066859111983,-40591.387442959865
cell_47446,6431.4762678374,-9305.647425851159
cell_4437,1880.5178657352958,-38823.24147603473
cell_44357,6644.958018479186,-8025.580230040958
cell_3234,5318.304296690245,-13253.765444823175
cell_45459,-201.1914077644377,-41330.28625989673
cell_43661,6864.604454517529,-6888.02953970004
cell_49377,-1280.534063092929,-39535.96968622761
cell_45239,1302.2955433514765,-42044.22758106445
cell_46231,1603.0112925548215,9421.347883349805
cell_45654,2165.6029936193186,-38162.90964661697
cell_476,1979.6821351666774,-39314.37150577897
cell_43686,-210.86862502050764,-35413.01485013735
cell_48764,1255.5084517089042,-39388.198123537935
cell_50180,964.5702559549653,-36280.89625637325
cell_2803,5456.746837251159,-13008.320687449954
cell_49521,1576.2609464981808,-38305.92238999016
cell_50596,4967.039358880818,6504.441622007274
cell_4950,1143.185846641002,-37587.46022665877
cell_46407,2325.180148260394,-39120.7948518665
cell_49235,2150.291200954551,-37887.992689680235
cell_51535,1935.1885452600477,-36629.272243205116
cell_45727,3146.0306379629346,-38961.00066114909
cell_3408,1958.088526399682,-37870.47854470151
cell_50235,3261.3420957691924,-38987.116745162944
cell_48082,2346.5131437189284,-39662.05237127564
cell_5329,-3775.4434833054534,-30554.534835189548
cell_50701,2449.4606155498736,-41542.46026917663
cell_48751,-1004.6761607935126,-39333.33491042613
cell_47581,2301.538587579185,-39899.49071624841
cell_47370,3467.687874519818,-38551.93099560417
cell_3400,-1875.4721931657639,-28137.03973755175
cell_4472,520.466527759148,-39677.67321813338
cell_1331,376.5161407479654,-39171.29605346288
cell_3733,-275.1950232535277,15286.083200762978
cell_52214,2314.6627081950824,-42865.91975797968
cell_46940,-714.2006883863517,12908.234095699618
cell_50182,4835.266345017757,6616.154896647877
cell_43748,3772.7742308795805,911.7210253208507
cell_50078,414.29184107519393,-38838.03793545457
cell_47408,2006.1106984609075,-38266.561702635394
cell_600,1204.6590424840401,-39588.41428057328
cell_52415,5387.169533298331,7819.4137866629
cell_52386,1259.1525188246057,14685.043738657856
cell_45974,343.4909607814448,-40553.86223321631
cell_45757,298.513525451589,12885.002041350117
cell_4892,1496.8733490654095,-37149.7568604933
cell_3061,1380.2756749076989,12616.570381192738
cell_45610,2419.4916197678167,-36509.3259747522
cell_49383,2295.600748912151,-37408.70073706903
cell_45621,-446.6460464206831,14199.470380843184
cell_752,955.3868630424682,-38491.64693841314
cell_4932,5758.9861235805465,-6603.598611902527
cell_44711,6590.044345294095,-6743.59305120947
cell_48947,5549.486439220374,-5864.460360223047
cell_47458,6376.293902905899,7713.115408573944
cell_51150,-1.857661452820736,13046.529646147355
cell_45238,6762.812673918805,-7190.219532235491
cell_4527,1914.0391879382946,-39043.975700072806
cell_1203,-4877.253099241848,12402.64461254533
cell_46071,6145.216231511485,-2596.5781237634396
cell_45999,-1204.7903269793103,12638.619955726253
cell_52392,2392.3642809422727,-40245.337007652146
cell_5327,-514.9054695068291,12524.677023367294
cell_47514,1237.2983569964044,-37110.19211846817
cell_44471,1065.3842266692254,-40540.00111177207
cell_3121,6077.565631128117,6643.080542422466
cell_47637,-2324.4254816653915,13241.450941300507
cell_43957,1646.382593327564,-38441.52893119118
cell_4459,1929.0549993910463,-37550.58272353993
cell_48476,4884.747224556174,7818.861649391724
cell_46704,-1740.5284694118552,-25997.732958750792
cell_51224,3902.5194643801606,8582.936940300984
cell_1028,3746.7688074842895,-16346.412629642084
cell_43619,2404.7916128070833,-42260.02351808908
cell_50589,3435.7523985535495,-38606.54525482394
cell_46520,4324.459748960323,-15173.178253206357
cell_48779,5517.21181514123,7751.965704801133
cell_46202,2220.1730586515737,-36632.61093787551
cell_51550,-57.040550121489865,-35473.94941404523
cell_47956,1076.7529799087351,-36843.64618984044
cell_51098,1664.012071497492,-39750.749239986086
cell_50595,1654.556229624248,14114.280176056358
cell_52075,860.2223688050392,14900.872274799869
cell_51562,-1383.4586138347563,-41093.579442069604
cell_48018,1226.115809642095,-39666.471829621885
cell_46219,3937.2745194872605,7146.617266366675
cell_43734,5335.847684341762,-11988.45631663779
cell_45283,2487.442942988429,9136.961426537264
cell_4276,3311.32604809812,5275.212554048372
cell_51788,1136.9760384443914,14149.81626112783
cell_5439,2018.2835893454426,-36894.817616446744
cell_48084,2226.1650620558576,-40510.10670727395
cell_48279,1151.91757158268,-40291.58868721699
cell_48902,3701.045125549505,6909.386263711641
cell_3918,5791.174945109507,5798.560204274501
cell_50646,791.6102297287808,14884.37946703591
cell_44789,6470.9598840479,-5174.60570389524
cell_49872,3912.7422311034434,-324.8690229705425
cell_49946,1936.2742446653735,-38472.23573409964
cell_46033,1811.200102106571,-41810.280125849626
cell_2854,-636.078384929322,12841.374621562853
cell_44445,2644.219229443695,-39840.55316071006
cell_850,5071.3462564772635,-13635.9096177135
cell_991,2588.1346734731524,-40412.98190831944
cell_46367,-330.5419622970658,15173.26652566147
cell_44643,423.6000754173161,11325.997845167405
cell_3558,1576.9681703540903,-38837.827041172415
cell_961,389.6862784711068,-39956.3988837731
cell_4908,695.9817869425664,-38503.57992977438
cell_47085,2337.594535607121,-37342.07244357284
cell_45192,3227.901307444263,7888.859503090064
cell_4013,-1577.3326681115946,-26232.94310156013
cell_50134,-1295.745298256151,-25614.520360640472
cell_4917,-811.6503865473317,15045.494654938158
cell_45874,1035.509325611735,-21458.134657894407
cell_47076,6651.32111473598,-10411.869674607979
cell_47495,2575.188945019987,5901.846420077524
cell_45219,2471.1265693981486,-39712.17683559894
cell_47661,-2113.401052420946,-33490.29364206198
cell_5288,1429.032815527395,-37412.65354962766
cell_48027,2132.0588380962313,9387.627982130696
cell_46617,-13.531427172508543,-36024.485214330714
cell_4839,6458.303151977859,-10064.842163007392
cell_47372,2528.3313252440653,-39186.900085019624
cell_913,5960.431635702611,-11717.55540188695
cell_51136,1351.885529798541,-38743.15899896214
cell_48991,-191.313438486079,14050.215849758413
cell_1115,5673.655905264297,7097.509329631032
cell_3217,-950.2595639352828,13336.586141104206
cell_52464,1215.8446881168375,14721.749280895743
cell_4211,2407.1229308516895,-38466.83812149762
cell_4928,-253.2968500180948,13366.605327786221
cell_45162,532.7678899454964,12296.641318455828
cell_1315,6291.730807050087,6692.818883397973
cell_2967,2129.3691217897963,9122.434654820989
cell_51923,-701.9703927505656,-24466.311666608523
cell_2988,-286.8830176101494,-39981.33441059627
cell_48710,3119.2032681497362,-38451.88684858624
cell_3229,-1735.7645934580514,-25908.213706573464
cell_49141,2595.9139713131267,-39958.93856727545
cell_50536,1170.7711782890506,14870.65035980789
cell_1442,6575.560362796717,-10042.165760148542
cell_5399,5657.741299846697,-12469.424971446053
cell_5152,-96.94629274492303,11363.968256302414
cell_2903,4568.864086629289,6176.759090965415
cell_51149,1909.2274163336197,-38505.969367320795
cell_45876,6824.119299182396,6587.5041779944595
cell_4897,51.662811254489256,-36872.68381226304
cell_45992,-1039.999198599621,14527.2586708187
cell_5221,2406.261760856557,-38648.302932295934
cell_1427,322.8846105812514,-39949.63756869645
cell_49930,-693.7329053981459,13675.420257973434
cell_47840,-2314.298684934573,15226.17389431082
cell_44094,3975.403673178728,7084.457477167089
cell_49569,2342.0632890847205,9537.916445154242
cell_48597,-2008.1631893736846,14333.182845190306
cell_44667,-1223.6120120822186,15550.080542283597
cell_840,-3678.2045050392085,10860.453703404371
cell_5185,-2360.9684299614146,-33197.596642339086
cell_51156,5415.6837554672675,-13132.524605451326
cell_43506,6677.839614745168,-9759.235739765138
cell_511,1803.5784093407485,-38233.48948349755
cell_5196,4521.273382631211,360.7365683680826
cell_43588,2673.9423831091585,-36834.2793241498
cell_52172,5321.9617965618845,7858.212826315447
cell_43953,-825.0740739914378,-35246.37534368171
cell_46148,2538.3419438686083,-36841.59477524468
cell_46473,3837.9648137948225,8979.274932428674
cell_4536,-1427.0356254066394,-26201.20319074914
cell_1399,1384.301731053173,-38714.10243734044
cell_45980,2546.0351358802423,-37886.83773456204
cell_4729,22.885857627800426,12112.099712907093
cell_3173,1833.6557760773653,-39316.71071054988
cell_45361,3171.576142887142,-17401.15524843666
cell_48769,817.9831902876916,-37227.02432040193
cell_4678,852.8595758604268,-37926.968105165986
cell_1016,-1557.2355411204067,-26039.172143586555
cell_2806,-357.1356541002719,14392.577738842469
cell_50989,6735.51236561446,-7043.115574971083
cell_857,1897.1278141463222,-37117.46927983358
cell_43495,6052.040530759245,7522.534570543621
cell_46145,-2004.3468879346951,15418.137620762513
cell_49259,1965.3686478446612,-36962.799521480745
cell_49884,-1423.500099865993,14646.320555597695
cell_45306,-359.0886055853709,13891.243361095756
cell_43499,2664.2532666827387,-40436.73067610456
cell_46190,-748.8862174685216,14648.642824116696
cell_44799,-1581.2399701495287,15733.915466990553
cell_44886,2530.6198438482575,-36563.337680752986
cell_44924,-1677.8215622366747,-26091.775106639147
cell_48337,-1396.0432290273213,15742.34355044714
cell_46380,-1428.0904358235252,14468.49940975557
cell_51581,1400.7898914616885,14951.584699276575
cell_46999,753.3110913187244,-38873.198544954466
cell_45708,1270.5535783747134,11175.869589026719
cell_4024,-916.6342523365291,15078.425796779216
cell_44403,1610.9358766623939,-39103.23166495964
cell_50761,3108.8490918090783,2636.9408353432013
cell_5455,1334.11522251497,11681.918304541852
cell_51775,804.9988140609427,15179.556315697066
cell_4039,-2042.6539656326588,-26278.994853366417
cell_44883,2172.770002556156,-39762.15698507657
cell_44212,2890.5904141805613,-37688.18193645288
cell_5139,-3230.0479777284936,12265.35072304992
cell_52130,3733.4067130730136,8534.132029982607
cell_46230,-622.1601847930255,13711.333845074176
cell_48899,-3735.732960128406,-28269.048012312105
cell_1149,1040.8304429134178,8167.777447836552
cell_48192,1807.5388917152573,-39937.171008904465
cell_45124,115.06393167815116,11465.117603839904
cell_3493,613.5789350412047,-36378.74229985369
cell_48880,-1788.8997552062244,-26108.23270366411
cell_49629,349.1468045407052,13007.660363166004
cell_51076,1260.0462292094264,14333.212511860722
cell_5357,1661.4873835232454,-39126.2426518315
cell_51653,1614.077082206457,8950.492821694019
cell_4621,1548.8489132194,-39240.15333272253
cell_992,-2210.627935377762,11183.66465613437
cell_46693,4427.793725830686,-14756.774644971203
cell_3755,-3203.9471301718722,-32229.647770445023
cell_46260,2433.6330748766045,-42232.611346172904
cell_50867,1200.9475892205912,-40141.70495387615
cell_48113,-645.5437658372082,-34748.351943791786
cell_43579,2194.0768063628384,-40842.41760966017
cell_43890,2509.0328259018775,8932.350591020118
cell_3956,-2155.35535363704,-29580.090627804813
cell_45231,2518.4215784235475,-38741.72533984888
cell_871,-361.6158595501331,-40698.49866333186
cell_45920,2478.64548206848,-37375.747733996905
cell_3864,-1716.1516410236125,-25999.418081837222
cell_43616,1935.0787284607861,-36471.07989619761
cell_43773,283.913513970883,12706.80662268616
cell_50264,1830.3407665890095,-36622.130791668664
cell_45664,2490.6190818597456,9086.102375540855
cell_46301,3215.0474620831046,-38338.34998438209
cell_3169,1323.7968375042678,10715.276763817637
cell_44733,657.6794276604528,-38607.017329836126
cell_48696,2974.7192810919983,-38576.66987456687
cell_50968,5866.594728137678,-5361.90500829733
cell_2846,-1417.7972989012894,-26068.222174902214
cell_49348,-2422.363374689262,12599.491545518995
cell_46800,2481.55998374168,-37257.134411789055
cell_926,-1397.9127762310675,12282.567971826205
cell_49443,2470.4261776219096,8478.712140512089
cell_1404,1756.0856777567062,-38283.25139197972
cell_50710,2812.465559857255,10084.287860280343
cell_45401,3182.630013044959,-38154.60072558397
cell_51641,4954.45590835015,1852.3326460791925
cell_46968,6774.362280408563,-7043.702125633199
cell_2844,1739.9759340236099,-40031.61027681121
cell_1064,-5557.7605346769,12425.003216584108
cell_48081,-1782.263985430687,13681.708985875
cell_2756,-690.0571107590315,14046.987280176689
cell_44781,775.4692108724679,-39997.55564109602
cell_52179,2104.8840641779893,11863.587458487013
cell_43578,2618.8096993437866,-37059.15488367855
cell_4287,-144.95206991442396,13515.131825733652
cell_43905,-922.4980494798433,14480.122781683944
cell_49554,2340.784931711792,-38318.682562821596
cell_52053,5438.215796036197,-12906.927849782902
cell_3589,4340.569748020343,-15127.136406718508
cell_47453,1622.7438264468894,-40235.27736973276
cell_47679,4088.8577048200855,5360.549367481107
cell_50466,2991.3133207484825,1569.8229548477698
cell_45445,2566.1783001924464,-38468.74844952019
cell_4922,-292.78207479931467,-39510.194080960915
cell_43793,4758.236794125702,5839.111734316408
cell_45355,6180.626115071504,-2468.531048038919
cell_49615,-879.0021588542675,15433.686526678855
cell_47769,5835.311434295954,-11594.970567469854
cell_5267,6323.230267980586,-5835.201741625496
cell_4938,2060.949638412702,-38497.529958374
cell_995,2165.6538757607786,-38059.201666290974
cell_50562,648.6234958854861,-36276.99590997583
cell_4296,1518.4942826963477,-39640.323295374204
cell_44866,2146.4670158086965,-37152.657783131464
cell_48186,-709.9797250033423,14466.987394793427
cell_3622,5153.30917046562,6894.612092264093
cell_49768,-716.8271494894192,13263.41242240769
cell_45573,2400.6902821615163,-42558.64279608171
cell_842,5732.47806160265,-12367.689213953683
cell_843,2425.2856726192144,-36816.32982148794
cell_43909,6091.789061262711,-5677.963652953194
cell_45047,3078.4418029402095,-38540.06821274318
cell_451,2347.585178467975,-39211.72619163929
cell_47134,-32.24596231797899,12160.97035385415
cell_48767,1780.2571443601169,-39104.06039190041
cell_48970,-1684.5467080228475,12845.37575248812
cell_50500,5314.6705231884025,-12217.577118864285
cell_46038,4348.59217974856,-3044.253940421988
cell_4680,3791.2106353983795,7340.005765831577
cell_49671,2161.8716332037534,-43012.742078245516
cell_46155,-2495.348449345692,15119.278794538543
cell_50481,2201.675968052443,-36817.39470814585
cell_49486,2667.667084277033,-36553.07231656872
cell_784,13.995092889121068,-38374.939714887376
cell_48915,-1601.1392415379005,13457.890062733666
cell_48219,3691.762192851358,6750.74891917156
cell_48906,859.7647398064775,-40575.764948117205
cell_51960,-122.48406590766929,-38730.413104334926
cell_4725,-2306.2939870455375,-33966.09443949588
cell_48567,1795.4193880039304,-38158.47991115072
cell_3858,-611.9167961841447,12583.683359899662
cell_44695,2035.3311838529432,9624.301695459691
cell_45303,5245.947924350884,-13464.306762842063
cell_3288,-2022.8508831376423,-30208.096627642863
cell_43961,-3098.892105500096,-27240.079454472412
cell_49095,1870.443191038853,-37931.72825477273
cell_3349,1941.5824477944825,-38727.87469600166
cell_3085,-709.835543275574,-34904.05480537765
cell_45520,4613.6949911775155,7275.55949706772
cell_47073,312.6719037310846,-36489.47433785829
cell_50390,3104.520303502531,-38230.737636565624
cell_2779,6229.862695487355,-11157.489181419574
cell_45410,2894.256209284822,-38358.73326287898
cell_44671,-1647.949826407546,-26874.491178799464
cell_46183,-953.7874331597868,-34951.633765915256
cell_47885,5645.727848787399,-6438.160064233859
cell_45007,2715.0701014128313,-36858.79565650926
cell_49741,-525.2456875142483,13967.93865291608
cell_4178,7025.7613010708665,-7288.425599739603
cell_49012,2376.0582037428608,-36558.98452628275
cell_50071,-1478.6167083234202,15262.741426024271
cell_51572,1446.1361056173148,11903.474936006947
cell_3532,-2749.907467900321,-27509.81874167009
cell_50234,1376.3848122017346,11369.888047898412
cell_5249,-2876.4251340493242,13600.893236849352
cell_44903,1767.8216975447401,-37248.05169709744
cell_50914,913.5270332564157,-38008.56631567612
cell_2895,6745.130102920031,-7101.1389200134445
cell_970,1517.2378842032663,-36413.98456687506
cell_46403,4575.552639246708,6295.614238724313
cell_48985,2098.218824490248,9675.55285202725
cell_45390,1776.8696447140446,-39867.293102468946
cell_3195,1235.3263508530586,-38368.883740795936
cell_5321,3911.679766150529,4885.4025755380035
cell_51696,1256.4421364165248,14889.785413507558
cell_5337,-345.0674416077267,14973.04113386795
cell_3361,-1116.1720081812216,15699.507652655977
cell_48878,3289.432738124047,7592.668219257549
cell_46205,-538.4424743694702,-34989.73199925191
cell_50308,5050.2721308204955,262.5089140643493
cell_3393,-408.6636576116612,12141.365792652628
cell_50382,6987.750024418172,-5636.673993673594
cell_51313,1787.3241738328627,13244.431102202629
cell_1123,1376.0702698000703,-40082.10605932893
cell_5370,1853.8953520849423,-38374.16967190532
cell_44095,2944.008830612275,-38429.40524433304
cell_4836,-1575.2966459754361,12616.747386160385
cell_4699,6478.331059781091,-3368.168817636801
cell_5415,1599.8652505157231,-37786.75589584477
cell_47928,2061.6673125905945,-42033.11729037383
cell_48064,1360.5005564914745,10470.534678136126
cell_4799,1385.361521734401,10131.525013340075
cell_44382,-1139.9649271763187,14882.623811070673
cell_47171,-1424.4636717175838,-39449.817613557665
cell_49108,-486.66646513034596,14404.849717685982
cell_46779,-1493.1446849583697,-25878.20061948148
cell_50208,-794.2884161453679,13839.591015149846
cell_4432,2261.1959032268496,-37424.51423757244
cell_50004,-828.9853639225548,12901.174397985977
cell_47472,6756.731665038185,-7878.917044678379
cell_48490,-785.3150055054562,-39457.72239963977
cell_51189,4464.482092467795,-14965.15476172805
cell_50801,1441.193941378734,13529.840953403425
cell_50199,584.7666646826818,-39859.68103430676
cell_1026,-1798.8152562041178,-25934.98968737941
cell_45268,1260.8155987767643,10886.30354074689
cell_48967,2651.7220351413876,-39163.19137236858
cell_44057,4917.971691887271,-14068.66719539826
cell_51954,1238.2963357074586,14487.810745808343
cell_49659,3308.423337901606,7485.120101467188
cell_44191,3649.8920538362477,7580.275346468876
cell_49802,-389.8772215755104,13129.699219660813
cell_44054,2562.422926558851,-40492.27234652717
cell_49646,-1487.538731301992,15337.987106909257
cell_48077,-1043.797076057585,14677.467417100701
cell_44572,2070.8068371234745,-37350.518384175404
cell_50830,6759.232845598049,-10268.086123451261
cell_51317,3279.923158347865,10073.639044146721
cell_889,1649.6376344616644,-39505.53763311925
cell_998,-1655.5642067572758,-26705.189667466955
cell_47549,-1863.0830321260958,13160.398766427868
cell_2950,4480.391145523356,7316.0614818130425
cell_601,2197.654698958942,-39299.043845959546
cell_44130,1844.8373608618624,-37589.03261920348
cell_51251,4496.086153082761,6738.803277193125
cell_4989,-1073.706849471962,14371.070560613076
cell_49983,3150.47200779695,-39159.621690792774
cell_46463,2707.0604718156806,-38788.206318491495
cell_49612,6751.194004685316,-9474.661202893663
cell_43482,-130.37135243518284,-36406.4840236398
cell_43876,1287.7693233167852,-36213.45553402161
cell_3476,6673.045939276878,-10252.540733193266
cell_45709,3258.0919844200953,-38359.2829795588
cell_1008,2053.744354546404,-38706.158405013935
cell_49084,-2166.25222654072,11451.302690272209
cell_45929,1271.8147018736042,11406.106944046078
cell_48586,-2966.1104783202736,-32356.858838955915
cell_1191,2051.1199630936185,-37453.57695723874
cell_1190,-895.7253411766529,-34734.02997368961
cell_51168,1116.7812477216346,-37480.90869728789
cell_467,2443.7589174629397,-37092.909505201314
cell_922,2231.47983219948,-38135.75661092854
cell_44474,5124.3578262720885,-13628.697421928946
cell_50295,2931.269308779355,7377.719247212835
cell_47918,5380.838825792258,-5242.900890785561
cell_2874,4512.780503439811,6172.609346430305
cell_44787,2015.8143029866123,-42914.19538329795
cell_47836,5553.281242272998,-6093.247852969379
cell_3409,4536.368729149847,6145.312914621342
cell_3591,-830.410214146143,15123.564302761044
cell_49668,3317.2972553673685,8740.9193398828
cell_46791,2052.5446121662685,-37267.987641711894
cell_801,2228.807199908814,-37358.82520301314
cell_4921,-2577.1704990817507,-29193.897868138753
cell_47038,2946.1188299305113,7607.3626496998
cell_2805,-782.9604675970015,12726.017081897406
cell_45257,-1645.2766979245991,15607.033154850897
cell_49234,-932.3261749983859,-34852.216015381004
cell_656,2627.954141973195,-37953.50728701369
cell_44483,1959.6202391008455,-39466.877800192175
cell_49390,-1210.7480963445933,15187.055856364597
cell_52154,5409.684858219394,-5289.698007982952
cell_46679,721.5506181882965,10611.619490243718
cell_49858,937.0251997492962,11386.016033505228
cell_45439,-2292.096308432956,13079.59267955899
cell_44268,2266.520949037814,-39089.562844061584
cell_4677,-357.1524568203043,-39221.35130345089
cell_49677,6535.785929937511,-6486.3400910376695
cell_47906,6701.388392923501,-10450.181614317653
cell_48125,-1056.2735736871,15070.83857808797
cell_1391,-5347.64751364061,11093.688683494895
cell_49233,-936.3855546489426,14337.280011506948
cell_45548,-15.528906301555166,11621.600238692825
cell_48315,-436.8572798586888,12197.618814767524
cell_5453,3732.98416186452,6417.032835626869
cell_1256,2538.374650729372,-37597.48249951348
cell_1185,1915.3402730418284,-36687.32433768047
cell_46402,2164.4238883257917,9661.113933155531
cell_48828,1433.9242147428724,9291.228649166816
cell_4607,1233.075924023659,-39200.78469648056
cell_49455,2341.521928846752,-37675.36158264984
cell_48164,2184.0545110642042,-37183.62094801388
cell_46362,2507.8345190420805,8748.587927547485
cell_49801,1385.8245975284608,-40964.35045648533
cell_50324,1123.1541178816267,10267.062756431726
cell_4403,3556.4715589312677,6567.453009483829
cell_50457,-10.041385712333454,-36211.13722098628
cell_50778,2465.967785296265,10583.642560791395
cell_3307,1329.0364065002702,-38330.71263086141
cell_46972,2880.3573167253053,-38128.72101225558
cell_3202,1983.2826690571585,-37008.090241124024
cell_51571,4029.11518976417,-15823.827946219912
cell_48319,-121.92177372707691,-35765.12805268995
cell_43784,2008.4211522048859,-38167.06934086296
cell_47261,2034.5881725622137,-38491.37761413889
cell_47468,-334.2725176248897,-35046.76276919835
cell_5135,1510.7408466887814,-37405.40653298053
cell_48438,3104.574558364959,7682.719999912587
cell_52026,4078.5929252151423,8101.678325333113
cell_2712,-1478.7028714829921,-25949.66466629884
cell_52109,-546.8228760723334,12759.087033393942
cell_47250,-2831.906233646794,-27606.414239748025
cell_1063,-3169.7666669409246,13983.058253864976
cell_47017,1274.3261078454223,-38444.91272989753
cell_52434,2839.3434261562697,9189.07291549751
cell_48089,812.9815057449148,13390.374098770062
cell_2800,-107.86861595509392,12655.41063880127
cell_3596,5377.126715195713,-13135.022822645138
cell_46959,5404.347918099433,-5019.96821298363
cell_49128,2724.277613533685,-36708.13562866911
cell_50438,-1729.0582025004328,-25930.6389605205
cell_44769,-780.2674016397732,10970.377472982482
cell_44389,1229.3674313177428,-40186.459826873914
cell_48139,1983.2374006256875,-42976.76454446585
cell_46832,2607.3139270896077,-37485.01987792155
cell_47307,2276.354846326982,-37820.53732826911
cell_3494,1892.3948241370817,-38432.56197297164
cell_47410,-793.0241237092329,13418.151257934562
cell_47296,2079.8025540889853,-37941.25208860231
cell_2766,394.4163023073147,-40413.235393001545
cell_52211,-1124.7333911823525,-34594.36588662226
cell_46902,2016.3249517964837,9254.83860161779
cell_47631,5716.487053652871,-12425.66126360718
cell_44760,2408.6828143949638,-38223.82196577766
cell_45449,784.8921751557347,8808.067127870108
cell_3922,2880.1649840436976,6067.048053825576
cell_4282,852.0240714789029,-40419.16590654787
cell_43950,2440.6306240207796,-39670.61599568995
cell_5081,1830.626694558373,-39128.56402659233
cell_44469,2886.6571275115375,-37924.28087532264
cell_3652,1664.578690430531,-37563.2372938304
cell_3721,865.7753498555476,-36384.944563676574
cell_51822,2191.968334562121,11013.19581983561
cell_47527,-2064.765454576397,-30953.72529644235
cell_50776,1188.1084187108268,-36165.40722998226
cell_45090,-1401.2808469408976,15583.288922276002
cell_51478,874.532540286222,14849.988107646674
cell_3542,5751.663744313961,-6407.203390856702
cell_44515,2607.2714507465826,-39568.490532029806
cell_45057,1014.2665970510052,-38886.07845847493
cell_2958,164.65441361337042,-39291.52318748383
cell_46359,1593.5407305105098,-20406.309336739843
cell_47099,-3295.075697182414,-28141.109860819044
cell_49006,-1501.2193650998308,12970.66572299774
cell_45643,-1182.6629197163215,-34582.90108392104
cell_44843,3469.9759151457783,-38741.87297682467
cell_46814,6744.275533967419,-6691.9505218361055
cell_4059,1859.264613727462,-37269.572444804864
cell_50675,102.03271595126564,14928.028786092465
cell_4869,-1666.7377596441413,-33572.975538138984
cell_47955,1024.0269255547348,12769.296860960656
cell_44514,1606.7709963860761,12649.936593554577
cell_47507,-3132.5950791855566,-32146.76092470369
cell_49168,55.862866969147746,-36635.87087937001
cell_46494,4651.000579715769,6840.65713790515
cell_3630,4784.397189403123,7701.162834651
cell_43927,4528.972657586861,6084.445686142959
cell_1249,892.794491544561,-38173.92578115674
cell_46080,2755.9110068680234,-38633.59625953309
cell_49326,-1909.10675083914,-26552.44040444785
cell_49008,7256.258211281417,-6933.659132592225
cell_3115,4112.1132459883465,-15590.527946750284
cell_46805,2931.1398154265303,-38552.54285817501
cell_46534,2096.981276106908,-39723.873855061414
cell_44362,-1556.2999578212537,-25925.854182138588
cell_49120,1492.51919343583,10191.71332147356
cell_361,767.3597905709553,-40748.354303332206
cell_46647,3409.6406368361363,-38722.93427127375
cell_47386,5359.5438540507275,-5446.832232993262
cell_43944,1794.1561394235723,-38301.96672822505
cell_45886,-903.3792812071085,14634.644835343584
cell_2852,-90.08767011954646,-39154.14814255995
cell_47555,-286.5992843674776,13134.494083295056
cell_4464,6626.522048894674,-10470.039211031255
cell_49536,4647.920482866694,-1248.2143614596725
cell_49013,2207.9187697997972,-38499.21476772816
cell_49760,2051.1917739039814,-40910.55707167452
cell_48336,4109.9979434697025,8396.791715433666
cell_49166,-3839.850835458793,-30441.00354325401
cell_48223,-408.84829600331244,13457.96105880782
cell_46417,-1687.314226245773,15702.371390278995
cell_3535,-2118.1217325933794,14656.092031338469
cell_44350,220.43449758425365,-40449.207255901216
cell_50725,-1934.746065346037,-26602.12242850871
cell_1060,2365.2181416324156,-36675.51733868878
cell_48452,2301.6648163112245,-40401.762438736776
cell_3990,2311.6491373457707,-39633.10016816118
cell_44532,-3132.939610409616,13565.071088437455
cell_2853,1426.4247781205138,-39127.67571738488
cell_3256,-207.3605126565303,13499.438489852308
cell_4233,1856.6117617613043,-37172.059559712594
cell_44870,2588.8889930865716,-39043.48695072264
cell_43668,1168.9766141862654,-40025.597196525756
cell_46840,-246.90344738066037,15342.560330807044
cell_44718,2409.955249358667,-42176.87356112718
cell_43629,2757.1459951577017,-36930.811008545395
cell_47016,5739.667901639299,-6565.78514058744
cell_46643,-1328.775732064221,15648.401754608174
cell_3478,-498.52659873525954,12713.648869215769
cell_48685,7167.654887608943,-8651.830319678595
cell_49449,-3355.3812378421944,14268.009057416199
cell_4913,1809.648938458538,-37839.57220983913
cell_1212,2459.508122298611,-36494.77951532086
cell_49796,-899.8152399953241,15316.717350401894
cell_45244,-410.9326616353029,14047.490839651146
cell_44723,1772.4896775393017,-37430.859799240585
cell_47068,1776.7419490379607,-39224.89583440436
cell_4630,5714.27573834995,7051.391197080256
cell_47044,-1814.1039618641357,15558.072046022256
cell_4208,2380.7748112650797,-36844.10398208265
cell_47915,5545.521526738918,-4847.871372815236
cell_45795,4632.978758995633,-2116.3815734937025
cell_44726,7158.5069882239895,-7100.43437866661
cell_5001,2155.0490823801515,8028.863068736857
cell_49764,75.41096640113199,11806.89136866715
cell_49979,3648.746800575667,7530.619818518615
cell_45688,1813.2781209476184,-38706.116646768256
cell_48585,-858.4422099511736,12135.32662985275
cell_3650,225.79780647593734,13511.190995698085
cell_4719,-1029.9463017875782,-34963.755747319396
cell_45670,-434.03857455674165,13736.864143693549
cell_52275,963.270673049886,-35942.859073624095
cell_43987,-3195.9472825921616,-27977.049678522402
cell_3398,-693.4976863492918,13440.672415389614
cell_46220,-849.4744557281731,15313.991474520022
cell_48399,2486.824039197511,-37404.21731497763
cell_2901,-370.0984797460461,13001.467309436412
cell_4775,6778.590686667999,-9572.843652186162
cell_1221,6348.398714005448,6599.817942696423
cell_51736,1096.6578177855476,-39521.798980516236
cell_49592,-430.7008210625406,11983.402891252992
cell_5040,-2632.4605201689374,-31404.29317583044
cell_48126,3904.971949515017,-16055.343175545891
cell_50686,3171.8774500605714,-38440.71276701193
cell_45596,1632.0951169396062,-37272.654243901845
cell_50194,-1053.9125379677694,12527.11849110783
cell_3062,4184.367166544602,7196.702056888399
cell_3071,-1403.5982285308778,12745.514859759896
cell_50219,376.2050692970784,11214.357392857202
cell_49414,1725.1265635202546,-38349.01249148396
cell_48456,3404.722837765437,10707.293752053705
cell_44892,62.622203630360666,12679.700666325236
cell_47157,4479.838879768351,-14482.841389638928
cell_45904,4815.816313119132,6391.3442494353185
cell_2760,2056.772411848629,-39187.61575534962
cell_45715,1200.2420630953175,-36669.1263390198
cell_43814,1792.520544830233,-38428.460581246516
cell_47104,2764.914358775707,11404.95786497549
cell_3784,2922.08321075114,9050.832734741267
cell_3314,3027.405057219885,8083.753629500039
cell_4909,1217.4645927518382,-37475.6755527689
cell_51608,2673.610356525959,10559.408818979373
cell_51564,2901.761950295214,5416.611601901693
cell_3646,3192.3286490439423,7649.066615280849
cell_46274,3928.5416254262987,663.1491475207929
cell_2912,141.54736902133493,12554.553389236295
cell_2889,1130.728169360072,-38627.53444111676
cell_45682,2330.188246073924,-36936.01381190611
cell_46508,1857.800312231949,-40059.324126522944
cell_51525,2488.9960652977043,10191.96314780655
cell_43918,-2931.171714594322,-29983.774205426187
cell_4946,181.9694691142587,-40376.602519638036
cell_49804,-746.8573147873179,14544.745492622224
cell_51001,1932.524016251906,-37010.764784367675
cell_51259,-357.4068405020225,-35470.41287139999
cell_5250,1725.627666131436,-37302.74666582461
cell_1250,-5382.884223918154,11844.608063379495
cell_52238,2705.760565033593,-40366.99085224699
cell_45568,1850.2008380972698,-38777.607056508765
cell_51084,1440.68106988203,15003.548515203527
cell_45517,2616.6125242878297,-37622.56878679806
cell_47911,1021.401701504892,-36969.02493016848
cell_48776,-1121.7209716717912,15499.82935962545
cell_3132,-1426.9484378647385,14846.760347272011
cell_50851,6575.8290783919565,-9428.270547032136
cell_51851,3537.8184951281783,12649.912081028953
cell_2675,6399.883501128516,-4047.976064640695
cell_4498,-776.164714382776,-36596.60719612499
cell_46087,-3125.8960405781563,13226.124114129507
cell_46970,2356.6250988572924,-36584.21750729509
cell_50632,4300.148980552897,8471.067993677216
cell_51330,1502.7470786941558,12297.156140940939
cell_46476,3746.663765814116,8485.083972263126
cell_441,2201.222956333608,-39960.585194182124
cell_45641,-804.5324498381698,13329.114443880944
cell_5057,1785.7710978465768,-38727.24836219004
cell_4738,5126.257367448982,6739.048940064841
cell_4955,4278.664878760294,6760.468406800421
cell_3019,6654.8447034702685,-10053.600370850418
cell_46304,3015.72535527029,-37582.59902050421
cell_3025,-142.05661061415773,-40318.482025445745
cell_51669,1851.6726600161053,-37408.67143428631
cell_3049,-1735.2341508256552,13122.90086365885
cell_4424,-1283.8674003247331,15146.790049784411
cell_51640,1424.1031159991749,13701.124788698391
cell_49652,-913.1768438007811,14281.171529568946
cell_52205,3053.556471157531,7623.775121537809
cell_868,2324.627421900223,-37901.62791899228
cell_47792,2303.374245973162,-38863.18626027844
cell_5268,1848.9551182047435,-38987.78933473126
cell_45932,2436.0086469792095,-36337.55337658001
cell_45463,-1493.8849172211942,14428.495804996026
cell_49689,-727.1533453147792,14766.523170768627
cell_787,-2454.2785005859823,10684.34478426498
cell_45293,2793.2949899337864,-39039.682079200895
cell_48669,5767.769414647474,5765.289411109025
cell_44567,1554.567558907264,-36599.577266475026
cell_43727,-677.806707751124,14791.862079703655
cell_51341,2398.385453518209,-36530.50963991831
cell_43809,1861.3585392320872,-19837.144218140853
cell_44831,3048.3984652208765,3669.6103525194108
cell_44448,2551.822985985341,-39818.63947392857
cell_941,-1564.7123690289577,-26130.166933865232
cell_49898,-1018.4632945922963,15780.063937352144
cell_47169,-1299.926617362529,15499.690883560615
cell_45091,5607.709814382542,-5030.048260425661
cell_49737,2274.0058667584653,-38398.6616519619
cell_4782,5121.131200083022,1458.2323572420364
cell_51690,2519.008260829411,-37426.79736447633
cell_50167,2212.4217746770596,-40770.870109931384
cell_44076,-411.98941799874103,-36414.90356846812
cell_51273,1232.966056618472,-36135.52351267995
cell_44179,1521.4403879265615,-36306.18124839358
cell_4807,-11.476042802173634,-36520.21598941191
cell_3336,-1571.6972856817993,-40566.99543996214
cell_48348,5519.1866176217745,-5852.430285072984
cell_3161,2611.050427343769,-39702.14762113705
cell_2706,6305.887097794574,-10237.953993143072
cell_4371,1060.368204300555,-37305.140555706545
cell_3916,1477.1117535314713,-39233.41906544796
cell_51233,1341.8642253547716,14278.853668521973
cell_3844,3822.694804541965,5880.459967006943
cell_49910,1697.7687849028312,-38178.20844939647
cell_47112,2651.004101846232,-38415.20719984537
cell_51901,2255.2144480232605,11701.241618481556
cell_47873,2401.2429599495317,-42418.95953433115
cell_47710,-622.1710538807407,-34873.01794472185
cell_52359,2420.9917432770967,14229.338949945262
cell_45221,3121.5118214685663,-38005.83022131112
cell_52372,-1857.9959117108385,-27930.732467071575
cell_49487,-932.3647129472363,-39276.12462236912
cell_47878,1333.9737745154493,10781.9704203978
cell_4476,-739.2544390798276,11657.943312673842
cell_48515,1603.82947687955,-42161.06384169802
cell_48679,3379.8313470246876,-38529.04493104378
cell_50939,5744.569698208312,-577.0171518260593
cell_50530,2985.092360434425,-38391.022708981676
cell_50740,1719.6547578578025,-36983.49774333565
cell_49684,5827.745682722103,-1416.6733214213166
cell_50093,331.5776621405419,11345.882253710677
cell_3732,5721.79738961932,-6329.909263704664
cell_44295,112.66631161339653,-40527.925297185735
cell_43582,5721.315372789073,-5600.472280300362
cell_4352,-586.578121371463,11782.3211048405
cell_49505,2819.9023347682487,-37251.52067253216
cell_44953,3527.6251383699873,7227.141816711546
cell_46630,2678.394755583216,-36660.23763088616
cell_4288,-313.25346386311975,15225.7689461332
cell_3367,6575.4531533057025,-10107.739658376977
cell_46901,2657.8449099110353,-36675.42156891549
cell_46247,278.3398970898064,12389.888529901193
cell_3856,2252.583523382848,7166.872859965315
cell_3329,2275.9132766706066,10146.845389233788
cell_46776,3329.34297237128,-38502.77138853715
cell_50802,4569.446888231286,6524.195261542334
cell_44172,-1528.212152920103,-34148.10155030902
cell_49466,2002.8477611291773,-39914.50599956658
cell_50578,1174.0269626195407,14541.261230517795
cell_47938,1964.8020920321333,-37710.54220699212
cell_51379,4254.717269240548,6170.195600139085
cell_2733,-198.76995767421977,13337.93964352453
cell_45173,2641.1266694997457,9231.602212039546
cell_3976,-1150.7339092670622,14229.98274878876
cell_43688,2405.9297634102804,-36575.19886091347
cell_4537,-2068.0207479538285,-32747.955536452402
cell_4726,4544.539522721894,5250.373295059099
cell_47863,529.7068987462891,-36622.758704376596
cell_50419,-698.4128242598405,-34719.59506867536
cell_50528,1191.6564510192204,14405.199430974591
cell_51662,3285.7609789302655,9884.863885187573
cell_50255,-1990.7474494335606,14675.203220421517
cell_44353,2565.06037068694,-38311.157117462135
cell_50404,3149.03337112553,-38005.686222177734
cell_1376,2573.9731445916277,-37743.71477157017
cell_51406,4308.385616072988,7181.389669276995
cell_51587,1897.4060343059891,-41773.53278471868
cell_4668,-2562.1544249163876,-30483.504666087985
cell_49785,494.03880725941605,10010.108228591562
cell_3664,6404.509759606851,-10044.257770584176
cell_49642,3835.5376314627897,8100.83670910297
cell_753,1665.8257477711525,-36442.99026926355
cell_2947,2689.0033445254517,-38698.21542615113
cell_52287,1056.6307586321852,13470.375282229079
cell_47754,-2706.079471606549,-32153.913827657343
cell_50680,6653.056641570496,-7220.010215039308
cell_43663,-3326.998987598251,-28051.82065351855
cell_4907,-1917.1228899542734,14394.806538812963
cell_1219,1742.1363879896974,-39958.558390168604
cell_3928,-382.51500602821113,12809.898144336797
cell_43488,-3908.75361788009,-28869.55901024005
cell_3303,-98.20001342536521,11588.83363129186
cell_937,2446.993523231812,-36744.974977948405
cell_52132,5691.802483836446,-6405.2502922581325
cell_51930,1154.6692595300237,-36145.66072099965
cell_2965,-787.8140961057067,12367.626332684373
cell_47947,2882.108591857831,-39393.44658054165
cell_50689,2551.311900368297,-38016.88688763087
cell_45971,2521.333411942322,-39099.18281563266
cell_4732,603.7192610763155,-40099.15209190477
cell_46723,-1605.9653686560946,15467.030538046125
cell_3576,1188.536568869792,-39347.42617436299
cell_4830,-1809.9082408583495,-25992.061306788633
cell_4598,2273.910460836798,-36639.09940172941
cell_3488,-535.7284116191959,14918.602539762871
cell_51667,380.00285085516066,14832.720035705885
cell_52263,4338.832667996998,5039.806718640509
cell_44647,6082.530454737687,-8819.179132059528
cell_47737,6430.379567672481,-4723.715153997513
cell_46490,-1027.2101379759404,15179.834981579806
cell_46433,2030.6543641369863,8351.530673496998
cell_47057,1280.950344210672,-39934.951344811816
cell_50940,4753.182852628076,-14451.262923048344
cell_4234,2018.3442192150396,-38033.614056933766
cell_46432,1947.6331678661506,-40430.542675358694
cell_1336,3094.6466719268437,-38784.072443140394
cell_5110,-1454.616414655981,14553.379636309135
cell_3350,6748.123141380679,-6925.210007757443
cell_46045,2644.110658180975,-36996.69446879543
cell_49579,1929.5473910381186,-39815.93982091313
cell_44756,5493.917506013035,-5382.676730602046
cell_48119,1512.3843625162888,-38052.76725183839
cell_5336,-1142.0587012413625,15458.655675778378
cell_46105,-1321.2183892359576,15794.85754060452
cell_4945,789.8624810150673,-38365.57285160632
cell_4193,-604.3144647207114,-35571.07310155644
cell_48199,-1211.0002672034452,12416.569294329363
cell_45013,2005.9337304022488,-36649.438082628105
cell_48459,2921.3154148215813,-38516.103986001704
cell_44077,2501.894527767784,-39827.84635695012
cell_43585,1506.9360611270765,-36841.24728410802
cell_52382,2976.9649026206976,10155.810946318272
cell_51411,1694.7851567882421,13399.595011198671
cell_45490,2071.0835937806683,-36914.700163384885
cell_47971,-2520.2054281707265,-26623.615864971453
cell_47723,2040.9266436240807,-39066.390874359335
cell_45762,318.00808428559657,-36730.66806890772
cell_43887,5119.239618413491,-12133.509707437033
cell_51908,2367.8697238738646,-37187.96893803336
cell_46585,-1778.8822652869922,-25970.721780525997
cell_45604,-1170.6298237384387,13213.594588907597
cell_44840,4919.9913343079525,-14037.676458319458
cell_50015,-1704.143015439535,13442.42234098808
cell_47842,-2085.799426598302,13819.628688482144
cell_46117,1683.8259157480434,-37748.78541384799
cell_4762,2014.0385989375648,-37241.48783026009
cell_49484,-1402.1829998854685,-40077.95510500013
cell_1050,5953.5558925773885,-5656.691321645313
cell_43989,1980.5740365973813,9936.6275646867
cell_48463,2535.3217932958387,11289.177987969877
cell_50763,1892.8252022520624,-40496.030365156825
cell_47972,-679.3968878672669,15151.533418990812
cell_52465,1097.0174311489802,15039.700222828698
cell_46581,6705.937386265874,-6504.223419474824
cell_46837,2563.657510528812,-38119.67366861037
cell_51735,-1496.8193772340392,-25959.827482189536
cell_44991,4089.5912810597547,6941.521860490221
cell_2802,1425.2211235326151,-39474.07579131848
cell_46576,4699.938219963573,-14163.806510298342
cell_2725,-838.3715617942346,13794.41616884041
cell_1406,-1796.1288651776827,-25938.533133656256
cell_3484,-3044.5900457997845,11422.140711463806
cell_990,2632.241340202551,-38136.04091381246
cell_2860,1826.426166843162,-38045.43435109165
cell_48441,-1462.597074691938,-26030.097712020797
cell_4102,-1858.2261133931904,-32819.976037121734
cell_49354,2323.7162190805116,-36687.7480443566
cell_51660,720.6621927681955,-35936.76422990664
cell_52339,796.969223021504,-38955.23627650593
cell_829,2483.736822073267,-37078.55010234878
cell_51779,367.25148741557575,12924.458961375387
cell_51344,2260.8079777121634,10964.545553091122
cell_45188,-181.30296505312637,11489.81048234078
cell_45872,2147.9388979736273,-39670.772527249945
cell_3658,-650.224824211057,15093.123669933648
cell_47641,2339.894976755752,-38783.156621723836
cell_48791,-1625.575635456602,14125.892744647168
cell_44862,2798.4051393789427,4170.86522205346
cell_47893,-1413.9293250243045,-34333.070823965405
cell_3700,4592.259339124525,8689.82295899065
cell_3472,1957.0145883978748,-37187.86638043796
cell_44543,2363.610238868442,10971.049376840829
cell_51941,-184.31998024535395,14659.941523985437
cell_1224,2380.7854811719967,-38248.152730791386
cell_4082,6753.549911971047,-10183.808118140974
cell_48140,3211.7828096553344,-38776.55757709125
cell_47455,952.489790317821,11879.476997093625
cell_5182,6496.098761259864,-9695.897358420374
cell_5245,1240.9812765784063,-37292.94041580186
cell_50659,1542.2142665871809,8737.616273228115
cell_49529,2131.91690266903,-37778.415141652324
cell_4084,-443.4454936582956,14758.68901045007
cell_1027,1905.1720493812993,-36806.765097486714
cell_49410,2922.11209482174,-38368.12528398665
cell_45660,4792.95416829194,3999.918269101007
cell_1323,2714.375954388293,-38148.22812882382
cell_46008,-3620.800147325751,-30558.49784623255
cell_1306,-3795.193777763256,12098.901034929582
cell_52140,5358.695273940059,-5165.935289391236
cell_49370,5888.960048569549,-5462.0830367522485
cell_44562,-8.702756300212453,10858.43952296952
cell_48874,-715.3722043145337,14225.426590003115
cell_49538,5096.316579156344,-3349.0339487859255
cell_49375,510.10752550949474,-37310.12509003473
cell_44084,-1283.4293059199867,14868.282801399859
cell_50344,5535.774887196817,-5254.157605953518
cell_44463,-171.71195455529397,12482.433125891786
cell_46479,1965.2822273007077,-40891.89317788652
cell_4898,5837.888249052801,7131.420127361008
cell_44035,251.10792248928126,-36658.802543046804
cell_51879,460.87594516668867,-38823.13890696091
cell_47020,1638.307128719851,-38104.51755555333
cell_4392,-1576.630676870166,-34619.66368312357
cell_1093,2576.3172632326077,-40186.497101784786
cell_1345,-4222.249391317017,12602.354898229383
cell_48001,2137.764113083505,-39805.61587032657
cell_4115,-2476.9565646678193,-32719.16566928269
cell_3359,1805.547399921145,-37354.19109473701
cell_49096,2325.83946355522,-37227.44480848172
cell_43562,2756.474087313779,8358.618113775012
cell_49085,5979.206979929481,-11772.660173127151
cell_4351,1895.5854924748553,-37945.72449125504
cell_50237,2401.4842816740043,-38995.53199158885
cell_1145,-1559.3507986354016,-26540.036452897075
cell_43691,2294.05023480137,-43016.07695093891
cell_45957,-155.72724559336086,13619.760648045
cell_48518,-1130.6020972607837,13011.15933463496
cell_47451,2007.9910718130852,-37841.064194396364
cell_50582,4129.379568869138,7600.9590153974095
cell_50345,2551.4317000329293,-36974.995000829185
cell_1413,2443.1547021232736,-37309.37790780765
cell_44879,-349.4579656381387,11354.459770976344
cell_50590,2235.427487517749,10124.013960851018
cell_46419,2785.7973844120374,-37231.974806813196
cell_49270,2185.1871282122047,-37603.03629332822
cell_3113,6256.67999968186,-6086.751740838311
cell_4076,-269.88894475497966,14870.108873510786
cell_50599,2198.5131770158564,15214.613829811042
cell_48917,1072.3767008155264,7474.888634592393
cell_48565,-796.63006215309,14773.763350017736
cell_45198,-1968.1838960684545,-29641.075142483587
cell_49994,891.6303898945495,-37678.12799545631
cell_2801,2489.5086736387543,-39464.27092859873
cell_51152,2646.1834602977774,-37485.45048061833
cell_46634,2655.319649890695,5358.4683975750595
cell_49917,907.9539653517586,-39006.736045201564
cell_48657,-1510.535181691891,-34208.35535010461
cell_43901,-3945.995347221757,-29892.51353961639
cell_3289,1185.5919490238548,-39653.68232300412
cell_4935,1439.000113512321,-39954.20296666964
cell_51008,5887.410412756258,-11709.244485514915
cell_45535,-3184.69266169486,14133.088886505779
cell_44291,2159.0318911357376,-37210.78118966244
cell_4703,2342.736451884755,8959.333083118609
cell_43647,6678.927494446967,-6765.270344433149
cell_4016,1886.0497902655832,-39028.95458210182
cell_1297,1889.5082159353374,-39887.42586815874
cell_48644,-1947.900672058807,11658.563068440171
cell_51047,2889.334037618341,-18035.233132197834
cell_45553,-381.5404731730304,-35497.03255229164
cell_44116,-1853.1996126128545,-33698.657497381435
cell_51819,1497.3697187661244,14738.587694789703
cell_4380,2767.8746759260525,7664.442840772216
cell_5440,616.051090974015,-40059.424340880985
cell_48393,3382.080577490977,-16984.17428884623
cell_50140,562.7557059989571,-36686.001046946854
cell_2850,-748.901882154737,14229.749782921124
cell_45319,-1039.6863577105435,13262.368170887994
cell_1439,1025.3644092270702,-41938.955648396994
cell_45214,-784.4603289213196,13672.364881632422
cell_47346,4389.122428618882,7969.230765411548
cell_3199,1146.8276134849361,-37975.47101422141
cell_44262,1668.3766997227067,-38863.28323319179
cell_46175,1078.4559545879108,-36227.195520612084
cell_4381,980.3110301202838,-37359.31194677331
cell_45981,3798.929677059956,8970.110801072167
cell_46263,4348.347530921688,6753.099387764475
cell_49698,5490.964369517239,-5877.584854953378
cell_3264,5917.220212223396,-11794.562083890358
cell_1179,2215.965769096697,-39540.991954631325
cell_47271,-1128.8690275088888,-25446.776625595783
cell_46963,3277.2470316953577,-39031.09464221532
cell_2821,-1674.5421677100505,14995.247287625063
cell_49295,-1696.861401001593,-25865.56522439204
cell_49374,6397.4646618476345,-4748.054179446689
cell_48574,-1900.9951246560101,14977.88279598156
cell_49421,3096.296781346008,-39351.60575785982
cell_50616,-1755.0721128349928,-25843.708142475756
cell_47980,6580.556922859332,-10655.819952141019
cell_4450,-615.5512959249721,13314.20871185219
cell_46271,-1381.087393492947,15832.108274199341
cell_52164,2397.2775372618826,-37405.51265622571
cell_3524,-1141.2054654678245,13361.998524511035
cell_3649,-981.8754060530816,14310.61309139197
cell_45341,2638.826091368689,-38733.99023801229
cell_46147,3230.8650998106186,5835.469756206971
cell_48595,-1665.8759334962401,14313.629914083842
cell_3682,-1651.7671655472773,-25593.42428914865
cell_45278,1506.393162181315,10111.214924862143
cell_46469,2561.3278769639332,-38254.4134872719
cell_48381,4532.565783452039,-14724.076343602446
cell_48446,1722.380021705805,10808.980732344737
cell_44446,-1688.8262681383942,-26177.65135401076
cell_49175,-2506.087916583258,12431.775771817878
cell_46409,4234.357888821176,8939.283379597844
cell_4916,-2777.574363748217,-32080.93131670943
cell_48941,2588.537854492858,-38719.635757037
cell_870,6924.081450535801,-6664.203971265769
cell_46559,4436.029408181937,6102.824287070758
cell_51678,4583.757752015471,6596.0457341172605
cell_48712,2116.0176707816763,-39464.86341632144
cell_1273,-1697.648623756613,-33967.09958446454
cell_43922,3077.101895337775,-39133.012099902364
cell_3862,5363.311248794229,-13220.707971313772
cell_49676,5652.496390875023,-6348.836292308386
cell_48436,860.5330867097925,-38758.80545132282
cell_50203,1151.3443724800818,11248.042167924827
cell_4148,-967.0262232159556,-35223.909702955374
cell_46043,2241.4305282470777,-41630.83825502376
cell_3783,-595.0929371229475,12776.158900189856
cell_46682,-1135.8554445756286,-38802.01084758433
cell_48558,3788.4958814382708,7150.138494259664
cell_44577,-892.8715439311716,14105.238960637756
cell_47973,1901.0094570247434,-39472.78767469328
cell_46067,2417.480488682518,-40633.746242624504
cell_396,3405.675399091735,-38498.620418509025
cell_3184,1485.7540507827105,-37241.09977355358
cell_3404,-1266.7025703454585,14190.15034884302
cell_3130,-1638.0679358654802,-25987.463588908566
cell_51316,3548.9724280550918,8215.818830030654
cell_46466,1637.4935260440188,-20340.624217276007
cell_43641,2243.615775469628,9606.52436962457
cell_50342,-1085.3634858283058,15308.51602226368
cell_798,1047.386134107032,-40650.61621317413
cell_46326,2576.0579994048308,-37042.94883517958
cell_898,2318.9136032988963,-36718.37564425129
cell_46763,5168.523160330717,6258.433616801525
cell_5067,-264.78160421980607,15689.49617337889
cell_49895,2472.607612200611,-41685.42158753311
cell_47382,4388.577994825973,5987.065238017986
cell_48229,4440.7212357649305,8344.377569812452
cell_4930,5448.949492752319,-5471.141779446891
cell_3492,-2004.2004048388455,14509.23594225696
cell_3167,-1866.9850663586988,-32853.779410988725
cell_3947,-3531.368457971553,-27936.18621078182
cell_3685,1244.3128886256027,-40652.23895147168
cell_44599,-1451.269349396822,-25661.32565072626
cell_45446,-803.6273657400828,14730.542794466231
cell_51234,855.5301778943898,14571.97351241566
cell_2740,1387.6849569897145,12424.870906281985
cell_52316,2122.5299119264614,-37092.93391640938
cell_45024,2225.16600114315,-38265.460484211784
cell_768,-1897.503874049478,-25927.208177157227
cell_5042,1774.6408318469523,-39372.14769090198
cell_52134,1205.3431097784726,12684.532325670749
cell_49788,3553.790669462365,9991.65488701573
cell_50152,-1862.799353720183,15329.682731607589
cell_43929,6365.731458360195,-10697.316243213056
cell_5026,4894.572381488986,6515.876780270084
cell_50267,2765.432198941106,-36792.973745754534
cell_43996,-1913.814906484742,13238.36811130442
cell_475,-394.47212976839205,-39794.4446522993
cell_1038,-512.0482129850257,-40158.46308859353
cell_46429,1124.6454653909357,-37728.60180764089
cell_46700,663.5710178351206,10818.978353259758
cell_3203,4077.7460048471626,7937.911616614183
cell_51345,1101.1178940137672,14828.793916713621
cell_51939,4173.457118533629,8775.09399441677
cell_3442,-1649.6403148877607,-26041.697144033278
cell_3091,2916.6995588863015,8001.483067527444
cell_43502,3040.4672234769023,-38426.1040355518
cell_3107,1884.3119662814825,-37168.71720874896
cell_47965,2163.717348433214,-38567.5656771357
cell_1058,1997.3921189587243,-38736.677716127466
cell_49344,4267.869700835196,6112.7208676206255
cell_52264,1691.1330827882884,13714.915909363222
cell_3330,-1710.8769972544933,-33974.061080276624
cell_50648,1153.6748745267769,-39642.928576010134
cell_3347,6088.443419996797,-11029.438869023725
cell_51125,1434.2888548599835,14716.270884412857
cell_46669,-648.7243252300843,15417.695736289303
cell_48602,5820.457918726878,-12163.906648133343
cell_50143,5032.135871212326,-12844.077818743373
cell_51376,343.77788282091376,13771.687772900246
cell_3840,426.57452601401855,-36986.162345992336
cell_4180,-902.1083824893175,12427.974160952463
cell_45922,-2567.8766832828364,14807.897446053514
cell_47445,2509.0193073504065,-37749.672172639905
cell_50526,2859.1652994414894,-18007.504433622038
cell_48822,1067.1693578852107,-36892.944565119826
cell_51561,2963.9570781978523,-38475.65660336857
cell_3224,-600.5399439682817,14680.53474001931
cell_46835,2614.4688023174776,-36412.636393970366
cell_50207,-539.4365145194017,13077.309288691338
cell_4379,810.0355793401585,11708.20713167188
cell_1204,1155.0798354870699,-36361.50363115338
cell_47198,5598.658135921048,-6050.100435065412
cell_44491,1250.3579188552046,10461.011759180043
cell_47163,2793.36988221562,9066.085889115606
cell_47287,3582.718546930164,8322.10545989104
cell_49097,2225.59393621436,-37772.35766473095
cell_49117,6574.099170365019,-10364.934592497864
cell_47421,6419.385939192489,-11038.258115907654
cell_52276,2787.1422985038876,-37140.16742841548
cell_49935,2117.2805380712334,-40401.29862601901
cell_52374,2999.9156151051493,9824.257986012652
cell_51979,2741.4213725836225,-38388.03089799987
cell_1111,2637.3063678700864,-38021.078870988415
cell_44503,1007.8919963868026,10746.365670543517
cell_47379,-461.67827888884796,-39452.182282499525
cell_52451,4630.768409973968,6548.476742708543
cell_51925,423.6324411092023,13925.077693143008
cell_1122,2175.8660553102186,-38351.96921914738
cell_50803,393.6518708001101,13619.583407156659
cell_48085,2298.8898578331996,-37529.45514985692
cell_49113,337.6928017154702,14675.095205204676
cell_49513,-1565.2045454041297,-26343.655001393807
cell_48439,3481.1424900381135,6968.125210767104
cell_51229,2644.2155788110294,8736.452440924402
cell_46152,-1452.7949347526826,15355.1764612307
cell_1312,-1877.2620920863005,-26099.745097690888
cell_44081,-1713.6695408075468,-33054.08152664274
cell_44279,-1043.887454728094,14301.022750576516
cell_3131,1285.0694381068174,7916.467292215947
cell_46976,-1846.060341560721,14595.230130615897
cell_911,-1538.4997536961864,-25999.109785117653
cell_47036,2224.4960906276797,-39203.80779466747
cell_51361,3836.9355120982905,10051.439644187007
cell_46089,-504.7094779738641,13730.67066149645
cell_51793,5385.688236092038,-5140.903361013413
cell_47645,-1561.2899259465514,-25893.77795408722
cell_1327,1005.5585747811933,-40500.355165562614
cell_1421,-5420.259934611014,11259.618613111075
cell_45026,-141.88100508093603,15329.677860077723
cell_45790,3802.594341694364,-16306.846461989364
cell_51117,6776.396717462889,-10131.470492485756
cell_2689,-642.6912615044249,12943.75181590937
cell_48362,3170.1977817157594,-38943.03214594282
cell_50819,-1012.0843035873468,-34614.96867549526
cell_49240,2272.793259029667,-40606.223654103844
cell_3843,-88.79332019146592,12256.46970780451
cell_614,2093.151948991377,-38759.3622167801
cell_47532,6576.646302577848,-6294.6630991276015
cell_51264,4738.980466635049,6229.355050042626
cell_47904,2429.855298770247,-37683.68942715966
cell_47229,3112.7021622892767,-38668.4326009088
cell_4606,1741.900992839555,-38606.9176893422
cell_44319,1957.3197212835848,-38736.91612627374
cell_50087,1452.8607367127718,-37104.066645010535
cell_45808,-461.83739987450053,-35919.26849263766
cell_4500,616.5941484200063,-38662.00981351652
cell_50402,633.1939442041503,-37654.299152473395
cell_3941,4947.1403900380565,6629.243878608406
cell_45299,1605.2951949972073,10220.348591527232
cell_3904,-3610.020328980076,-27677.621599359012
cell_51830,-2607.8142709112813,-28640.844402318166
cell_47352,1449.422001580772,-39881.67811865334
cell_45230,1876.395839335703,-37011.60490593339
cell_49742,4613.4412454626845,5203.293532825606
cell_559,1016.5362941276996,-37766.21392212305
cell_46505,1466.1685732769035,-36636.25719469374
cell_44133,4815.132283059296,5869.583035729563
cell_46234,3321.031626120893,-38370.153699183924
cell_3311,-1306.6688757327474,13673.247978878346
cell_44860,2355.0879302954595,-37954.90530952468
cell_3974,-702.5166636439919,13562.51222835242
cell_46309,-417.5819596248758,13374.760790820437
cell_4377,-1555.763744221925,14639.551527580617
cell_49137,3039.0359137300993,8470.533698095625
cell_4559,3660.702266402041,7929.701090448702
cell_2808,-1192.9685206952483,15541.468691721468
cell_44966,2190.1305309873974,-37285.77802879865
cell_45615,7343.168241114898,-7654.522802274777
cell_49634,3986.4935124231274,-593.7613298559276
cell_44115,-2700.1066872531214,-28224.362217595182
cell_51965,1447.9281037790743,-37950.26819045783
cell_1285,2282.4187669612156,-38825.23425967252
cell_3850,1660.098063489344,9754.29412894127
cell_46912,1777.2600099677056,-36988.72395369564
cell_45119,-1270.6884529829729,15891.623964981196
cell_4549,5753.529577500645,-12224.420308047236
cell_1295,2407.9242023646434,-36959.747904696356
cell_50826,-1739.5104269460373,15497.76106493654
cell_4243,6560.057124959549,-10410.727677785488
cell_46962,-1362.8694978112314,-39624.571357504545
cell_44012,2276.0147333094656,-39209.77262305297
cell_48976,-3267.2973573031627,-31627.191024773318
cell_49109,3064.545385880583,-38639.56046581581
cell_4541,-1144.9129936984189,13799.018988504535
cell_51761,1695.3575895189965,-36724.39264891139
cell_4191,-760.2763114350544,12823.01929670947
cell_51597,-1201.5134594892845,-34370.02332867076
cell_50051,2839.289517047449,-37229.98097449667
cell_45989,-1272.329299630373,15615.359535643769
cell_47961,253.54148042752612,13869.877507270765
cell_45722,2663.3376412046623,-40581.0874249908
cell_3963,-580.3125800166977,14221.612542813276
cell_4636,5796.894818783565,-5773.486519652656
cell_48667,2987.086189316996,-38736.21155262949
cell_43660,-1763.8986910687956,15731.328374542565
cell_3296,4309.5246790731535,6444.576213713381
cell_1082,-4531.702617786015,10384.5448103874
cell_47515,1950.498258657449,7941.644301687845
cell_5024,-2769.2939087564137,13360.997722109456
cell_50209,-1155.764402089553,15555.607181893249
cell_43977,-1280.7161160256812,14943.650356357482
cell_47454,1249.304327183552,-36422.98731539027
cell_46214,1210.5898630280674,9102.144443503832
cell_47489,411.31245544756615,10344.492723566533
cell_49843,2032.4829723136877,-43051.976921976304
cell_436,202.67899156095905,-35677.58983020402
cell_760,-2337.610517039166,12701.403142140232
cell_50619,573.1994902541878,14322.789977665507
cell_48999,-1031.1490845602582,14943.209877857615
cell_44596,2667.077218487421,-37981.92688558882
cell_45236,4776.185612561933,6672.248485742892
cell_45223,7153.908481594161,-7453.773612915044
cell_50100,2655.0497773741977,8461.546202767777
cell_47101,2322.3665824994,-41579.12677617222
cell_44001,2352.526288032602,10142.075382463103
cell_48845,-1577.460568349089,15611.899874473394
cell_1333,-3013.660969251406,13754.789225991932
cell_44549,-2565.1673228407794,-33445.178127152954
cell_43942,1882.6447620615713,-37849.39631373413
cell_4629,1950.8439470447115,-36910.153277340694
cell_47412,2520.370979042498,7544.967523122507
cell_44957,1653.2582438735592,-38988.23091364107
cell_2765,2155.8025867919137,-38871.22742526436
cell_43893,2220.916971047497,-40177.51725490789
cell_46781,6883.6319845624885,-9788.656187821989
cell_3332,6638.605072731929,-5202.139184213442
cell_50106,-2474.1207678501482,14467.567846942997
cell_45599,4569.94192213749,6674.7836992537605
cell_2794,1550.0740748187532,9327.724139171789
cell_46694,2678.495906586261,9230.372789273917
cell_43514,3183.4152748362117,-38873.3159708222
cell_46112,-1164.928789949811,15795.089223591116
cell_43788,2513.9712877295306,-40161.802026462494
cell_50566,583.4924836381613,14961.144858950436
cell_4720,2542.7166797194836,7877.569859213238
cell_50602,3210.461856411374,3088.2229527345394
cell_51651,870.1275398757751,-40206.483067172805
cell_49088,-1360.7364057282552,15155.640246167482
cell_47133,2261.6034162804694,-37965.83208665717
cell_3381,2430.3383318475007,-38969.389919429595
cell_50944,2570.513793678815,-36866.08346517727
cell_3086,-665.4951004189617,12802.390168123371
cell_45074,-3891.08495117266,-28240.716565207
cell_462,-3587.0370156162203,11037.037517482851
cell_50148,2586.2868458323383,-39111.779117272155
cell_44152,6442.263996578871,-10112.30472030671
cell_48705,5826.881533376184,-11927.941546300195
cell_4285,6189.705179298114,-10919.971569038666
cell_4017,-902.1239530206984,-34792.294521769356
cell_52062,5384.58224719576,-13090.413021912065
cell_46358,-691.3571306272671,14158.873400634395
cell_48793,2732.624559767768,-36599.176860090236
cell_3748,-273.3407035727895,-35307.859990652534
cell_2749,-1876.1408867930775,-26211.264964556434
cell_3218,5072.317750106362,6254.645639286773
cell_52113,2601.576081931061,-38568.60267999742
cell_50482,2380.8726639141246,-42153.570157622366
cell_4993,-929.9828557090531,13190.238194003912
cell_50694,2461.6441696358565,-37220.911045547975
cell_44102,1574.9734058620159,-38251.574973893934
cell_44867,-1222.3360759739144,15621.368674569172
cell_47477,382.0000247329587,-37467.84450402929
cell_50129,-1224.862412618754,14373.240913197487
cell_47752,5242.063359924347,-12901.763779475892
cell_44207,-2503.563637806463,-26640.69335356211
cell_48131,-597.7180282809294,-39133.311190300694
cell_834,-1832.1170990635678,-25966.143309909738
cell_49593,5502.791198005157,-5536.242360188301
cell_45998,-1163.496748580324,14026.217177269238
cell_45609,6205.703956435804,-11129.066481359421
cell_44293,6170.636753272405,-11290.989677407368
cell_48262,-881.2275647676578,14690.60975774208
cell_956,-1423.736541304958,-25456.29150382902
cell_2938,2569.7547755377545,5676.100982160317
cell_1176,-3433.4329786666744,10707.453073992005
cell_50284,1283.779618502865,-39062.603946939984
cell_48571,5697.046577179665,-12082.231400434526
cell_3620,-1116.7669974680439,15065.603372100286
cell_50276,3192.192550902457,-38295.067492553186
cell_4147,4292.141952021164,-814.7450670896715
cell_47100,2802.293257857422,-37306.36843507454
cell_43772,-1965.0368675822099,14766.002219311844
cell_844,452.52019225445645,-22945.729977193918
cell_4304,6675.830946102606,-6395.4122066086675
cell_50691,3264.951667769492,13869.283096964504
cell_44660,-1409.290226557565,15394.6395299525
cell_46031,3023.75841269438,-37816.660085043004
cell_4749,-1354.2534767017733,14259.460800254885
cell_2729,-1119.441513058947,13895.338103844853
cell_49248,842.5067658623634,9117.199620127405
cell_43592,1862.9027542400217,-37373.76685582883
cell_46560,418.10880770027984,-39775.145290376095
cell_4055,-1934.848370725329,-33960.43257812474
cell_47272,-2332.918382292663,-32714.122043734387
cell_44768,4423.18731761091,5391.100258676081
cell_782,738.1400139875607,-35910.850932597736
cell_50297,5418.544754579366,-4908.090751265501
cell_45316,1485.7685883891047,-38395.65029367932
cell_52319,5246.964427430146,-4253.3345927124
cell_48011,-1901.0732097406947,12200.252828446804
cell_3894,-267.73252286635864,-35215.01589194512
cell_2679,-548.9099787165629,12810.156234258297
cell_2875,-1091.6231387991727,13491.223776417713
cell_980,-1703.8693419481795,-28234.397629722556
cell_1200,2153.1212526909467,-38490.839185329845
cell_47316,-582.272432274644,15333.015158648554
cell_44175,-847.6268034559307,15085.850570055132
cell_44055,3981.2478350618067,6532.9803926187915
cell_49557,-295.0517257138582,12914.935446801328
cell_49287,-1508.1460888394029,15286.671356878005
cell_5368,2064.7903070904817,-36996.382918439536
cell_48288,4534.77666166687,-14483.199207622332
cell_51551,1877.005598874772,-39952.160489881855
cell_466,570.3594722087486,-41045.02575663399
cell_45869,2716.876742330198,-38651.19901060643
cell_3939,520.6745480697015,-36188.956749234385
cell_46751,748.3862076986027,13549.163770711182
cell_48284,1173.4735444695584,-37451.57271164997
cell_863,2892.287973005673,-38031.308214394834
cell_52283,684.5888378870835,14106.180208330648
cell_46131,2632.773690469807,-36715.16788758556
cell_4362,-2464.651397238975,11779.621529905082
cell_47884,2731.01301179171,-39793.38204262281
cell_44171,1790.1875855061546,-38246.16927238484
cell_439,1943.2346144885212,-37408.83125174934
cell_2866,1402.11043823638,-39131.04241713208
cell_417,2250.0575841772466,-36806.08642349009
cell_51179,-1115.1878786989673,-34306.70934196361
cell_1346,1942.2701467159495,-38081.38457206847
cell_50441,2532.9818215804685,-37315.47292931519
cell_4270,1646.4126823851323,-39137.86427682743
cell_1237,6506.043283953416,-10542.340917314628
cell_51012,2748.1983343800316,-38166.71564785025
cell_3475,5618.10410120744,-12735.42670391605
cell_43535,6442.912315267958,-10553.345190072025
cell_1012,4932.332740832344,7730.769047897301
cell_46318,-1624.5777870071083,-34117.9906555343
cell_3207,4873.206077986839,5789.894133948704
cell_50731,1556.76924598723,14707.78577394224
cell_45049,-1245.130748157689,15396.934567617523
cell_816,5677.207384838105,-5435.908545990043
cell_734,2095.501870772934,-40999.71301518686
cell_3874,6744.045403844784,-7302.492967122852
cell_4943,-338.34545293393586,11879.46178095904
cell_45070,2780.762678228744,-38612.54526169407
cell_45414,2328.444675306329,-38587.30935949588
cell_4568,1506.3730660325252,-37250.42176586045
cell_5233,810.2433741271349,-38277.912332077285
cell_46873,2755.757351359878,-37030.214109389584
cell_48909,5754.4577814975955,-1484.8500689305424
cell_49215,-1284.3893864708014,15840.945322898602
cell_4728,1541.2249077446443,-37062.076283384245
cell_1209,5720.264900293282,-6189.159915830694
cell_4769,-1586.256835144198,-34097.171552474894
cell_49790,2865.5839293510294,8447.64260742294
cell_48477,2552.3221886644005,-36743.28907840157
cell_48717,9.905639624064289,14301.596435004994
cell_44743,4205.5111158623695,6739.509737168487
cell_51059,2254.441703558274,9137.613536016823
cell_44045,2204.0788663245,9581.786222766203
cell_46657,-1836.7034690637845,15777.67492137842
cell_47119,-2917.9526333872354,12591.775151454314
cell_43812,-1418.9772033088698,13176.858395089037
cell_4071,-2546.4610256436454,-26971.514835706213
cell_1300,2378.962023944197,-38325.53087926771
cell_47834,-1893.8524282461715,-27476.54721025099
cell_44762,2476.7513888212857,-40521.591358534606
cell_46470,2043.5211028899216,-19596.296768883567
cell_46605,5698.246249711871,-5476.89978633845
cell_49040,5661.101972497473,-12291.612000964271
cell_44020,2047.7626978796568,9981.312473734655
cell_48049,6405.943506094035,-10605.226213342983
cell_50453,-1422.6419077398725,14135.252442988
cell_44253,2332.660957263256,-38932.01344977033
cell_49820,-657.4063552181492,14662.723705178145
cell_972,-4234.65931392381,11257.159517517553
cell_45345,-1277.637812727074,15745.203497544066
cell_4484,5299.711788928651,6345.965691727974
cell_52029,2039.4248474072588,-39174.46633339132
cell_44557,5479.961065964404,-5322.469264493666
cell_50137,-852.431060599623,13606.676918254754
cell_5303,-526.695400656088,13165.019807784125
cell_47624,3473.6183224889896,7439.0485690246005
cell_46503,1315.9775478987267,-36577.433529124624
cell_51595,5725.162077613917,-12492.391100406274
cell_49104,-1566.055440617043,15349.330656158365
cell_45797,246.10073869102155,14107.098586601214
cell_48530,1218.1318946347549,11210.982948940116
cell_47663,5822.5456063689,-5241.760152121173
cell_45798,2900.1423817528657,7504.963195725295
cell_45557,5630.516540023084,-4873.323525393827
cell_47994,3805.153254463874,-16261.99805462162
cell_4929,-832.8256527202241,-39944.85271799615
cell_47306,2618.4523827367025,-36634.13268741792
cell_47902,3643.255077503171,7063.913905671789
cell_4901,-342.41122632558364,13841.89859140269
cell_50874,3897.330554586096,8327.5613297177
cell_4900,980.0052253786159,-37077.16141282803
cell_46297,3079.579809515458,-37964.455949967545
cell_44761,-1147.986628679708,-37346.32208862556
cell_48742,5981.010636240119,-2612.7562270467483
cell_50332,-402.09337848611324,13734.152337541274
cell_47325,3666.616985208767,8392.43683808475
cell_5141,3896.3491934939734,157.0829508825101
cell_48927,5005.656527474689,4386.873706358376
cell_853,-2627.0101083910213,-30727.826212721342
cell_49201,2843.315905963552,-38448.736061985604
cell_47954,-559.2086943114524,15330.676098767943
cell_49870,-1508.6060627400364,-26317.19274062041
cell_46650,-2315.518745365349,-31572.48805966003
cell_45225,1715.6653967623192,8208.454229618284
cell_440,2128.1921228380065,-39005.75019588389
cell_50183,2087.8303781597297,-41386.9060178623
cell_788,-1637.9100631055915,13683.933922680631
cell_44236,-29.586410708304125,-35334.06596324456
cell_44297,7334.867693897606,-7467.548763462917
cell_4984,-1671.0514886296903,-26301.049075880128
cell_4579,12.341630140737106,-35535.25448607028
cell_4094,-308.57150030259794,11640.140919784237
cell_48590,-571.9071351073528,14531.821028401857
cell_5451,4637.3680925616745,-14452.711025371955
cell_1232,2299.950495679486,-38266.509828281094
cell_44396,6041.2777815739055,-11321.420969671743
cell_50815,2087.6881989261037,-39588.86369657366
cell_45203,3166.3013938917097,-38867.17162262206
cell_46174,1833.6730728762657,-38204.24684817013
cell_1437,-5222.335790425256,12492.772377290414
cell_52219,2121.659382666479,15346.548303552558
cell_51907,804.6191675220298,14654.321341416424
cell_44625,-1836.2486447196136,-26060.4572513352
cell_5225,-310.2411770984986,-35198.41649482173
cell_43558,-53.88327563934623,12608.390898852878
cell_974,2148.7435324767644,-36874.36650290123
cell_44431,-1400.2298816290122,13456.497139882236
cell_44520,1943.126157708497,-38388.21768934781
cell_3925,2959.0673321225245,8030.966313086362
cell_5018,3183.81447272571,6932.884588324094
cell_47256,-516.7683446003645,-35204.349522517135
cell_623,-1865.3358002154223,-26065.711930817615
cell_50651,4315.028355421851,6374.646422208018
cell_48269,-3991.348992821829,-29022.46143003993
cell_4653,1728.133806248407,-39249.958551553864
cell_45185,-1351.184608759227,15438.391597016085
cell_43634,4164.4906106322915,8069.0300830353
cell_984,-1659.3810360303694,-25868.706801101816
cell_2861,-2247.2687438307307,-26806.22812551979
cell_46971,2528.436483992107,2712.0844646007918
cell_47681,261.91869221210703,-37700.85552931389
cell_44241,4364.0911101631455,6097.648199136324
cell_48173,4007.428245057358,8778.195631888766
cell_48635,-1443.0798234129236,13016.440377976334
cell_1112,5400.76890162551,-5308.706612987943
cell_1085,6270.400377725851,6640.101958823701
cell_43754,-2072.108637117591,15664.105297258726
cell_44709,2557.495245465551,-36613.50333703322
cell_46210,3079.050131828621,-38080.584986285634
cell_47528,619.8096760826719,11761.835969982407
cell_4774,1735.369285593798,6360.86692591261
cell_533,1171.6877559909115,-38510.887032018196
cell_4977,-622.6583891778962,15375.407147951124
cell_47765,1539.7021306472373,-20343.645285785806
cell_51663,3508.378635921981,-16808.024248198068
cell_43789,-773.8981848421012,13473.8416850014
cell_52143,1409.2160193931313,-36417.84833432557
cell_528,1617.0139723908076,-38435.64292064896
cell_45976,3056.1845697195,-38142.52897468071
cell_50410,6273.994640788262,-2646.024825062312
cell_44846,1462.0435952010434,9670.34118597694
cell_45360,2703.4555292226482,-37285.49174522273
cell_51311,149.06039646052133,-36093.91032570766
cell_51271,5467.534520195986,-13060.347625022849
cell_45949,34.809622151039434,11554.716509803668
cell_48842,-1696.8100216857868,-26029.40701054755
cell_50472,1307.301560032589,-39227.58749034586
cell_49669,2320.2049442315315,-36898.66765592546
cell_44199,2859.8706391459,7399.754898111581
cell_47040,1402.3426321251056,-37811.847297738364
cell_45269,555.2831233005625,11910.316616051985
cell_5058,119.23370027736411,13666.271308106689
cell_4477,-525.13661299673,14593.890088993337
cell_51051,592.8660702710303,14833.541791728594
cell_2905,2873.7796157099174,7335.466205298351
cell_47360,-333.9134412839068,-23572.363219088762
cell_3689,6670.593075694251,-8440.942550898115
cell_4488,2444.147189554352,-18552.887790537497
cell_4581,-2079.4519275774405,-26389.27143615156
cell_49263,2120.012014757328,9755.004112809982
cell_47343,4370.636494100449,6368.61007670484
cell_47305,2473.852613539334,-36424.547553700984
cell_51198,5136.720608782799,-4081.516107641914
cell_43926,1603.308485943599,-38161.950485276626
cell_44606,3663.502187231628,-16355.098935671507
cell_47652,-2862.0501041303232,-32100.84438663964
cell_45088,2539.5250140140042,-39954.74908464789
cell_46474,5507.649389237087,-5676.452890684096
cell_4385,866.8363962431375,11001.40722910938
cell_49715,2521.72355216759,-40062.751407827265
cell_4315,6690.726845878671,-7408.451230429085
cell_52354,1404.4201005449277,14905.544493006173
cell_725,5410.026271741703,-12707.891144331812
cell_49992,1479.9253713204403,-36697.73714994515
cell_46889,1051.9105792127657,12641.28220802092
cell_1019,2150.8666487786463,-38723.98244074808
cell_51308,1535.092533810627,-40084.81829303456
cell_47883,2782.0435048761037,-40015.77451588706
cell_3679,-1934.4747355399334,14057.924206695167
cell_48648,2444.0131192957842,-38183.185641325326
cell_3673,-302.12964973227787,-39893.884379572875
cell_46973,1302.673363578744,-37490.28388210796
cell_2827,501.2122773642567,11728.674089371789
cell_46706,-227.22752591992537,-35266.13517539307
cell_4354,-1519.4448645031393,15148.36200046439
cell_4446,-1955.2712841610635,-33510.45363678486
cell_3972,-535.5330036309102,-35453.71079333573
cell_44686,-1371.2640684291366,15677.134249329572
cell_44875,6672.9016857412125,-10156.276610964955
cell_3120,2557.937772614513,-38706.19959929759
cell_4421,1737.0096848014932,-38979.035566068575
cell_45894,-511.64837676862754,14356.280381881936
cell_5179,-780.072975879274,13363.716279904427
cell_51858,-2883.8526671911814,-32365.187986030305
cell_43895,-2954.794850700997,-27763.1035086379
cell_43534,-1943.4744126721537,-33760.35321912195
cell_48187,2720.7794883909664,-39539.86679396989
cell_51828,925.680586215351,-38717.346285372514
cell_47998,5853.323715430773,-3669.100003069684
cell_48356,-1744.9412454827907,15796.05159069026
cell_44366,-1117.9250308904898,13545.745419230923
cell_45575,-215.4928873747011,-35220.2667147403
cell_4597,1372.789194468229,-39809.55516616327
cell_50279,-1543.6446403114808,-34021.5998017823
cell_2822,-1733.9039388800431,-26106.290286285424
cell_4146,512.3770827410208,-39740.05631640402
cell_4011,5594.28858446805,7002.9382341526625
cell_50946,2630.8682739380315,-36559.28087042853
cell_45695,3582.336400465528,6905.919375217736
cell_48213,-367.6970397322661,14355.139415299773
cell_3368,-1622.7342836179664,-26534.622463765063
cell_48952,675.4091425937004,-37621.24556132756
cell_46990,-1589.84483377127,14997.0565373515
cell_45374,-1174.0847452800667,15037.285561963596
cell_47064,412.5270183707876,12806.743024309753
cell_1411,2468.9009337598886,-36669.65831409752
cell_47018,2792.890694858493,-38437.438180042926
cell_50703,4258.64358536528,7289.27252360461
cell_5063,906.5930509327552,-38580.96944942662
cell_4387,1193.4495941269968,11842.89576923189
cell_51889,-1888.8408958363311,-33398.673390699034
cell_45478,235.4524891835324,-39940.107431038086
cell_3719,2085.189177991755,9214.366853466701
cell_47996,3367.5783971334436,-17104.28138774294
cell_3050,-785.8230442267247,14027.81646811704
cell_51599,1210.6582228282841,14991.44971417508
cell_45938,1261.9506527921544,10756.02009325487
cell_45636,497.8971534644373,-40693.79916751644
cell_48933,5470.768925356521,-13027.656606708288
cell_4467,4147.047121502381,6806.575562832402
cell_46936,2225.3186866488263,-39792.57133165401
cell_44346,2933.3599411551613,-37781.600696404916
cell_46477,-1019.4793141440316,-34939.752591791905
cell_46066,1487.0123505496324,-36913.90988919526
cell_3564,-1974.9066951105876,-33637.0061289841
cell_46600,505.16438559657877,-22485.166974847696
cell_2890,394.91668519059505,-38831.165759004005
cell_49649,-808.0368634207827,13151.661387514743
cell_45069,5237.068708788552,6232.18972183182
cell_49022,1564.8612906080666,-37691.93348156246
cell_44755,-907.5462302374008,13723.124186704956
cell_51418,3278.263754563603,9394.44793776864
cell_2716,-405.8172257610159,12967.791179603393
cell_43764,-751.1691760292102,-40333.51053162971
cell_49416,6213.560091270341,-11356.826193850677
cell_4786,-138.23618357336042,-39728.37544351393
cell_51702,1071.9652930090144,14932.495907192711
cell_51165,4135.03310347867,7840.991753017634
cell_47776,1146.4122179565284,-40131.31680694171
cell_48365,-227.4404130507696,-35683.498310197785
cell_1359,6105.32649653826,6628.847730803323
cell_3206,5548.247181386083,-5360.797624883427
cell_44847,1392.7086163860579,11958.22112901902
cell_48907,3005.242598431442,-37984.39306117048
cell_51703,3352.184759431742,9702.226765032065
cell_46179,1866.7650107775446,-39936.24153225365
cell_4788,5533.985920832462,-12768.617258755847
cell_4975,731.7470168300006,-38201.205129067785
cell_44390,3264.9492365967467,-38845.35357337811
cell_4655,6991.931394228092,-9495.930050367877
cell_1189,2196.858950912081,-36618.8360186743
cell_4050,-1132.19142846555,15633.003906035981
cell_47693,-3034.6921680010737,11644.445447167402
cell_50019,1460.8995105005074,10608.9647797746
cell_5105,2057.0022950783136,-38036.57894487765
cell_47476,2059.863267913696,-39761.321154702164
cell_46532,192.0025865287889,10923.037176752974
cell_4126,2896.1378748003076,9218.359679382314
cell_437,2391.663534554421,-38047.895186087786
cell_5169,-2259.5180200608715,14470.869076634577
cell_48371,6548.577087712527,-5768.1358832048145
cell_5192,-480.2324129628255,13855.11679233582
cell_47334,-397.6694417357137,13347.669436419224
cell_50576,1368.062135545687,-40145.75274262797
cell_903,6228.832890555513,6925.438915302023
cell_45444,-1206.091172883136,15323.346748250864
cell_47487,3072.8402257234825,-38235.335263026034
cell_46674,51.43729364659738,10661.473478724194
cell_45263,101.61213975045145,-39615.858795957385
cell_50569,-3898.3086594923097,-29347.724168299406
cell_51511,4060.0616375911763,8068.989309756282
cell_47181,-1390.6702592464815,15800.584239682994
cell_51926,542.9119207694761,-22277.169309578443
cell_46218,462.34281317360853,10515.086706018536
cell_49490,3094.995682871822,-39116.63212542361
cell_48830,6330.280631253302,-6650.562793450845
cell_50985,415.44967718491426,-36456.128527883906
cell_3416,-838.4353002049884,12847.176660852521
cell_49273,1305.5930148271657,-38981.248568445706
cell_4107,2229.4674520029416,-39826.89912837112
cell_48253,2546.2459126739327,-36678.73508994651
cell_49358,2473.4287773891474,-38281.552206535765
cell_50773,1862.9222135963691,-40439.37358664969
cell_45644,-1110.5813163906969,-40702.70459966745
cell_48920,990.2051770800232,-38743.23332178383
cell_51777,1393.3495469319873,8035.3351732268975
cell_49869,2578.417249362196,-39917.90543771832
cell_3082,-1479.3466950395273,-26120.467529306392
cell_44942,2302.1368282951535,-39178.39888319894
cell_45099,-1366.8550405610224,-34415.711802999656
cell_3643,960.0290358460351,-40344.870513530135
cell_50063,389.7225483249555,11858.517385589392
cell_48175,-1669.335529064501,-25756.14451278984
cell_45856,-781.2591181295088,14085.970280814452
cell_44923,4024.7199226852726,6641.332671824116
cell_50677,-1017.8275755073829,13940.183000291323
cell_49180,-1048.2463631803835,15543.844131563888
cell_4752,4507.909454777217,6558.20094215937
cell_1132,2076.2238021402954,-38488.057667385976
cell_52199,-1368.9824254752039,-34138.37255517634
cell_51134,-706.2433900687404,14098.533240691457
cell_44954,-2060.734167771875,-28245.01736985634
cell_4812,-625.6782401078065,12384.040712143194
cell_3749,-1473.7897435246014,14441.770064937362
cell_44662,-1786.89508645606,-25919.03091520455
cell_45818,-1649.7425105155937,15832.932661333914
cell_49086,998.4630248203724,-38982.145511115625
cell_44969,-851.769868833657,15033.089950687729
cell_44584,-1978.9328450240241,14606.020272053896
cell_48895,-1406.0671918481908,15661.77378312278
cell_52206,2818.4832773610406,-18126.595064762147
cell_5082,6485.383124773288,-4503.331800415006
cell_49473,-117.50824929199928,-35402.22572730328
cell_47962,-1752.7923970185525,-25881.514144320136
cell_49310,-3406.569357451987,11941.511758352346
cell_774,-1817.2414437047303,-25899.9406988998
cell_46766,-1342.4312814445248,13258.361471413742
cell_45489,1854.6127923977417,-39638.64022401862
cell_3261,1932.1812745003344,-38928.86711101728
cell_1276,6043.503095903404,6602.989301653014
cell_4364,1248.0434437352487,-39696.49030861855
cell_51606,-2558.327533194792,-27051.24091256313
cell_51352,1578.1678146800257,13634.452772090304
cell_2769,-1742.0609419942325,13805.838002478427
cell_51267,3731.458237162851,9997.05661206896
cell_51732,2173.538259800081,11474.250042521531
cell_50411,6712.305158483233,-7277.957820473566
cell_3165,3.88308389290032,12728.728563310522
cell_50468,-380.4308052777578,15160.227807870977
cell_48212,3010.4036419325485,-37736.18054891835
cell_2935,752.8956217967053,-40385.87453656688
cell_3232,183.23430725727354,-38751.34354496161
cell_4125,-830.3201180847441,14706.622303902817
cell_3166,2383.2468533229844,9057.491063052976
cell_49441,1992.4473720330311,8958.671773098027
cell_47519,2283.8339902808775,-40130.42411850025
cell_4980,400.3963287434813,14012.515324399814
cell_44850,6778.276818978341,-9782.839634647773
cell_44349,1112.5421715129391,-40380.485882115776
cell_743,1384.3019521086428,-39432.951998060846
cell_48989,-1089.832905013535,14532.463596878823
cell_47825,2428.414607315265,-37924.09435118218
cell_51687,-2106.95014483378,-32759.4707133775
cell_1024,4286.54090472404,-15196.180494927978
cell_5283,2583.8910210615745,-38118.723455354564
cell_45896,1659.537395076438,-36928.23655989096
cell_3969,-1351.3692239476618,12721.698518727362
cell_1355,-1870.4640243879678,-25901.690284423825
cell_5238,3718.135905330004,-16300.262006015013
cell_51634,1557.7073082866423,-36453.6705081389
cell_45663,5243.090839809394,-288.53008752338036
cell_51520,3314.994064002885,-38857.006856530694
cell_43716,34.37239881927287,-36447.08097023493
cell_51728,1019.2064486588937,14910.27660102661
cell_49238,3113.994694989037,-39180.40119903487
cell_46718,151.38215857556597,-39553.6400624916
cell_48833,4802.316578167857,8356.480428955672
cell_46157,2134.851737731641,9043.421718953688
cell_3980,3844.2886266903465,4896.855030430771
cell_49029,-3068.3018028039432,-32219.06422681
cell_44995,2310.4570501428275,-39083.961381744026
cell_46816,-645.3673583982567,14951.421541815373
cell_50713,3678.6626574815236,10209.31129556916
cell_3450,1764.2158772281175,-38967.37218140785
cell_2855,-977.0167977586011,12138.074822436232
cell_46061,4414.188372748879,-14936.026359773192
cell_50287,4631.3841650691365,7111.503336134841
cell_3290,5592.546078885831,-12712.475424124543
cell_1308,2541.501127616677,-38191.99958613189
cell_1373,2331.0419028296924,-38664.82689541095
cell_52019,2984.403080719095,8660.049547430219
cell_3870,1642.9733164334698,-37152.66993888574
cell_48561,2154.4239841397502,-41857.42402954511
cell_48177,717.1125201598371,-39893.29710420608
cell_4496,6001.205669041665,-11634.34193716044
cell_48127,756.7520527899443,13698.811825714225
cell_49314,6671.258629526867,-6589.09385726516
cell_48708,2631.3033706157207,9190.827029117165
cell_49189,2479.3445593668916,-37610.55664208798
cell_44443,-1695.1047721935704,15197.050622748226
cell_51435,-291.0074980966367,15096.863852108168
cell_44086,1899.2959462830274,-38170.11474624573
cell_45730,-926.7241981748914,15367.320243236338
cell_45942,-1914.7083903113312,15757.370156459083
cell_45602,4997.411782240972,6702.951116465769
cell_3151,-794.4916879642907,-38944.380895018774
cell_44588,6500.718332211926,-10178.89714751481
cell_46871,5181.208709802218,-13480.199036769967
cell_44484,1968.4573902854988,-39627.13190178457
cell_46450,-740.8924285203942,13667.164296010971
cell_3259,7132.079655813484,-6695.615778630376
cell_2913,1110.6912973327155,-39081.37322872913
cell_51247,2162.7682785441043,-36916.88215745874
cell_45109,-765.4992785827894,15174.313314523239
cell_3179,2277.6990647313264,-38796.41865418014
cell_44908,-1441.1812434070068,15294.905462167688
cell_50980,2601.170727197979,-38571.994728412414
cell_3632,1464.4404020269862,-40264.81279666666
cell_48982,2207.1572770171974,-38658.70203204195
cell_49825,6250.836247143424,-6056.892502165001
cell_48968,-553.4515039149072,14653.249523150167
cell_45930,2130.4367902847716,-39203.44286566994
cell_49311,619.9051407585805,-36403.38005984334
cell_3520,5206.426518433019,6659.5715322060005
cell_46843,-457.3100879042369,14195.710632379492
cell_51154,2826.8615337591064,-38456.84434224204
cell_49949,338.21718224008845,13927.546581809176
cell_1259,-5314.281221507196,12031.554369425228
cell_4691,-788.1589263299868,13120.447785908087
cell_51526,-900.2097423615409,-34809.932881291774
cell_707,5238.87560971173,-13506.871210340836
cell_43526,6764.452665414574,-5455.903884009119
cell_46807,2561.0653635856097,-38516.34576403419
cell_50739,5643.521028373935,-11391.032686510252
cell_791,2297.1082318881813,-42992.921482038684
cell_46618,94.543761968234,11963.77302611407
cell_43899,6845.180550276176,-6074.886502155489
cell_3390,-527.4236323514162,-39391.607683206035
cell_50272,1320.5722068522332,-37852.68856712371
cell_786,2422.919487711356,-36672.19157332526
cell_51916,3054.975612853154,-17684.60448958209
cell_3187,2666.589712192893,6372.922227177134
cell_44648,2499.6389818740663,-39669.20952380689
cell_48274,3252.5123182973857,7223.259695701593
cell_4717,-997.0193238276569,12033.060937652912
cell_44629,5266.195543125429,-2029.0143946864036
cell_51065,337.94111115273955,-35851.320090928995
cell_52158,1411.914341771508,14823.093354584204
cell_48572,1684.8142907393012,-37098.47269548504
cell_44092,644.793221237638,-40129.782162149255
cell_46768,-4106.083644339152,13631.474895297786
cell_46197,-1389.1737305017245,-33744.61261624039
cell_47616,-1973.2476222226344,-33566.45825098088
cell_46907,-1916.7126265640184,15130.013394306896
cell_44066,6634.10658363624,6588.217575347557
cell_46841,-2222.9176130307615,15074.139945998026
cell_46162,-2536.825133691977,-32496.511605860203
cell_45452,-2156.055323847633,12409.622759289308
cell_547,-1258.7583998209993,-34647.11103316927
cell_50427,-1710.0049293388847,-26812.175739188548
cell_48277,3125.839712861454,-39019.04660916134
cell_46342,-1820.3293244311803,-27787.551540449902
cell_46845,5479.871111234503,-5180.403547523518
cell_50131,4041.2967374256395,4642.360953650471
cell_51603,6472.960231111595,-4746.623809263952
cell_44812,2664.0521163390204,-40141.85472957243
cell_1083,2295.113313526345,-38369.323447807015
cell_3757,1885.3136653044207,-36929.016433466575
cell_46078,-2200.6114859721265,-32417.484561223195
cell_44083,6474.978411296264,-4472.313695863143
cell_45484,2251.4163856409095,-37130.82913374554
cell_49257,959.1499181798223,-39858.24126817823
cell_49304,-1390.4661053960945,-33977.40614783315
cell_1329,2364.041385070301,-37705.998339577636
cell_781,2168.6035800037976,-38778.13974056248
cell_49735,1937.6217595751268,-39147.50504070708
cell_52162,3349.620609869922,-38380.21476395698
cell_51476,4002.5514777701337,9627.692671798055
cell_4182,1018.802311041635,-39763.30872628765
cell_5118,-755.278493698239,13399.272585596684
cell_43783,2594.323337914137,-40808.20998845986
cell_48693,1522.5038216523626,-20524.270427996114
cell_50321,3353.555364189335,-38510.20548991707
cell_49512,2452.06829427099,-40067.9863424301
cell_47832,936.8075497015298,-36404.81263669884
cell_45281,-820.3689098735479,12155.748844901998
cell_3138,32.32177119065064,-39876.53229599902
cell_905,-1565.3148490931137,-26146.47858440184
cell_1109,1977.2472403075014,-38535.27818202201
cell_51058,-146.33059621543276,14615.556218835949
cell_49890,1122.6046388960992,-37776.982623050724
cell_2812,4565.729054259819,4366.624485680631
cell_44663,-4209.777936908868,-28167.633464890994
cell_45531,5129.483508578957,6281.382798991019
cell_48410,-546.619161444653,-35141.00377850642
cell_4760,1815.5484243074318,9606.567580945592
cell_45443,2469.902593156496,-36944.18616905069
cell_44516,1007.5385268646806,-38393.61037453304
cell_46977,-358.212162405797,13523.90344838221
cell_50535,5613.976792555783,-6327.745434039503
cell_44841,2637.9079489118594,-39628.70172968847
cell_48479,-1893.0996820036864,15175.473173877097
cell_49589,4336.858466532031,6306.937981659027
cell_47221,6672.389176649204,-7362.452898063571
cell_46268,2409.05119509131,-39337.23579531075
cell_44641,4982.128613597337,8299.320480828927
cell_4168,-131.05151919100027,-39482.52875420382
cell_46910,1751.5442227392255,-38652.27319315811
cell_47582,2837.5068755016705,7719.411526762962
cell_46709,2967.952481846226,6960.972189831019
cell_49833,862.856960183859,-38450.90159372183
cell_49345,2508.951488064573,8801.993662445606
cell_1377,-1855.3161397132003,-25895.477437653535
cell_47855,2549.9730232921006,-37803.57398686595
cell_48626,2648.09647534123,8633.822347547255
cell_1398,-6119.200569992779,12318.49607822992
cell_48105,-1281.9715673018209,14806.214001647828
cell_48083,1951.2022774961308,-37313.47311335998
cell_46017,2734.854639499875,-38917.604790697565
cell_52149,2904.7752792571646,14682.049095654882
cell_45579,1319.5464317046058,9108.502571181758
cell_3636,-1097.149322514368,14416.26366475618
