,X_draw_graph_fa-0,X_draw_graph_fa-1
cell_2467,-11000.39319534384,-530.3137383140913
cell_274,-11877.650534178993,5968.119469879367
cell_2580,-7454.748787603472,-1073.0055494555836
cell_144,-11232.610490838595,6033.145823499721
cell_1521,-5342.221359086336,-569.5015024465516
cell_2159,-10059.231929246624,-1200.9322779852923
cell_2150,-10759.267183216192,-1413.21615115375
cell_2025,-11294.197813996043,-1217.3078821298682
cell_1681,-7765.3639915692975,-871.2617849707198
cell_1620,-2313.9231899627653,-593.5474910798703
cell_2242,-9286.828630955066,1918.4378897358554
cell_2187,-8441.275980147322,-1711.3872769114284
cell_1868,-10373.908638773119,523.4403419361324
cell_2221,-5382.355730457833,-1705.1506472757658
cell_344,-9410.554241491549,2652.983673318516
cell_312,-11835.321655963737,5933.693341820347
cell_2378,-8655.689301459794,-1011.9652365714794
cell_2082,-10563.53660720416,877.4584345458246
cell_206,-11689.316246424018,5952.589781954912
cell_1907,-10371.555560817462,-1375.222185194231
cell_321,-8093.157933539125,4336.46819151734
cell_2210,-8003.726196060024,-829.9703424787574
cell_2347,-8141.006947231171,-1702.6803399683013
cell_2536,-10928.094813214799,-870.7942208802291
cell_1887,-9891.370005188837,-1035.8077497565478
cell_2379,-7295.923527998116,-1858.279150346879
cell_2602,-7729.5157458543335,-1215.3263594772052
cell_1930,-11033.011425918348,-1137.527643219547
cell_149,-3456.882576012427,2251.966584841359
cell_192,-10128.278819526795,5629.571878950193
cell_1553,-9284.809564039102,-2646.167751221492
cell_2261,-11220.00870210349,-948.5664814293712
cell_246,-10827.677994000047,3726.5627155740594
cell_1573,-10924.252223750702,648.9551662810121
cell_1512,-3810.1647618535376,-1731.813116151612
cell_1667,-8632.403976466698,-2009.236421038352
cell_299,-1415.7877193652378,1185.25471577282
cell_2103,-9627.324604784595,-287.4010810817028
cell_1943,-12537.61217624696,-305.293225526769
cell_1531,-10804.51270527799,-2828.6875028796567
cell_2287,-9858.560254932001,936.9914749653088
cell_1946,-10557.028233305478,-116.79355717027478
cell_2551,-4820.39096827195,-1129.5552249638652
cell_21,-9192.23004055116,5886.4187361163
cell_1505,-8747.08564757603,-132.90762139271035
cell_154,-11791.741506793953,5726.06557032778
cell_1534,-9206.071488741365,-1377.6479179375563
cell_1601,-10198.15784781844,-1031.749834059235
cell_1580,-9687.20207911983,571.1748014466815
cell_2350,-6419.755155912287,-671.9453692516854
cell_2365,-8533.60497350369,-1982.318770113013
cell_1826,-11342.2853703547,492.12380424312204
cell_317,-8982.581759480263,5975.047035704738
cell_2423,-9030.343269372761,-497.9708515717161
cell_2369,-10112.461104689624,-1367.9576966150246
cell_1940,-10838.76300640251,-1285.6230333900073
cell_210,-9216.426055315389,6199.155947120664
cell_197,-11185.636695073674,5810.344251952191
cell_37,-10742.45849028942,4991.817401980951
cell_1530,-8869.66014027936,-164.9009624628516
cell_1562,-9103.647067197948,-923.6477442420543
cell_2066,-10758.359046409807,-1728.5486219238771
cell_1969,-10799.242172790273,-791.8682409817394
cell_2124,-2082.134662740504,-1349.5064497505243
cell_2228,-8184.958544104262,-1412.9182761889754
cell_1841,-9810.746442237754,-585.1698425709781
cell_2075,-11004.86870329179,-1435.0945108003775
cell_1824,-7543.621729938484,-565.573365934796
cell_2607,-10819.816104133568,-866.0421211869519
cell_2030,-9748.753924229573,-1149.6885821980325
cell_1812,-10586.27523617633,-1316.2622546041123
cell_2272,-11009.205343543834,-1320.2200162303002
cell_87,-9224.343017984243,5545.967853610884
cell_338,-11473.540056849088,4280.610120059693
cell_2200,-10942.319906586865,-1342.374894169525
cell_2225,-9574.965665231366,-2773.7902443684134
cell_345,-11704.504434118346,5766.7180659788655
cell_2562,-9944.47103581891,-977.3947471286808
cell_1854,-8521.593735387538,-1446.3204369903963
cell_1904,-10210.139437022046,-873.2287205148538
cell_2492,-9031.632726279979,-660.0568110515694
cell_187,-6041.910581491121,3357.0466064453817
cell_2403,-8616.125979821534,-2379.340998573194
cell_2364,-10587.611342378874,-2446.4976053853197
cell_111,-4230.197905871203,2529.787208110963
cell_337,-9699.304628633774,2788.177619845317
cell_320,-7110.11840469547,3198.410206801398
cell_2606,-10233.607408726666,-348.1057038732761
cell_65,-10780.237319683298,4577.855617362788
cell_2323,-5939.353524582607,-20.623687005378255
cell_2233,-4810.487479463018,-1364.9714939455148
cell_1586,-11575.790697495006,1161.881325460077
cell_202,-7187.20540907307,4506.655867342915
cell_2550,-9743.003185581549,-566.2158748145526
cell_257,-8706.801538355452,5873.736687299809
cell_1688,-6914.796256430552,-1283.7416382706099
cell_1610,-4597.054610426518,-1912.3920170389401
cell_162,-9214.513367974097,5575.770799653692
cell_273,-10753.151907420406,5280.804050881034
cell_1871,-11457.385047074275,-502.743465850966
cell_2392,-11236.886512107641,-129.14690165329347
cell_1967,-11034.731615998908,-1415.0498473421108
cell_191,-11749.886502554855,5377.598335212827
cell_2545,-9488.930266727897,-660.7839447555527
cell_18,-11506.887858870117,5296.124419973561
cell_2646,-6858.7916807973415,-817.6031364734856
cell_186,-9279.735683001145,6197.3726733060275
cell_354,3458.255461021649,-952.0259187582534
cell_2561,-9920.72127636656,-1500.9704491554699
cell_2100,-11538.709986624446,1456.8169911388065
cell_1673,-9994.164343959817,-1508.5387611327944
cell_2644,-10042.679374700567,605.1920604365557
cell_70,-8152.914947000876,4037.795910361765
cell_1908,-7352.208018296625,-1449.8337758818689
cell_271,-10877.709530267688,4867.982890896882
cell_2622,-7732.084942220482,-1586.1473034204218
cell_134,-11753.308022383988,5890.30383090744
cell_281,-9358.764645011792,5993.693866560618
cell_2037,-1051.3478950767176,-1423.1145744315895
cell_1566,-8535.093585719555,-726.9085453703032
cell_129,-10592.343637488864,6001.008194228292
cell_1656,-9406.358777433767,-282.08426320462235
cell_2581,-10589.036669887879,-652.0463886193031
cell_2256,-1888.7524772490528,-1056.2641448665888
cell_303,4094.062799888529,-1118.0990205737842
cell_293,-9850.716587394389,2982.561122297151
cell_1695,-9674.542108306487,160.5304323060522
cell_118,-9164.10012005498,5921.932686202323
cell_2297,-9990.062238336144,-669.3935315054688
cell_230,-10804.130080082548,5293.620956381474
cell_1484,-10711.72978659716,191.80367629252964
cell_2599,-8733.698160901393,-92.4270562157084
cell_49,-7257.415424973829,4895.235542925999
cell_1565,-8733.901890827186,-1726.7013772561945
cell_2362,-8820.588993505387,-670.9097375107733
cell_2427,-11157.854354994424,1743.1303258107596
cell_268,-9115.07476154404,5951.097808016258
cell_1468,-10786.449648152959,-1619.2645499436526
cell_2334,-10304.797524868853,-1532.5982816866394
cell_2446,-10993.862712174068,-1164.5797667804443
cell_2519,-10581.882527168753,-1410.941708292455
cell_1684,-5345.373185313623,-87.50422628588441
cell_1,-11645.28765896123,5816.304747340032
cell_1698,-8694.889852191827,-1408.9062566794978
cell_264,-10909.416784684989,5990.916074420415
cell_1544,-9562.47278290498,-1138.1171381555782
cell_1729,-11043.656033405787,-891.3449962419794
cell_226,-5680.0103157608255,3044.0723110774293
cell_1460,-10469.01647177687,-2102.904064548265
cell_289,-11105.345193877123,5125.634426272009
cell_1911,-9216.883121699824,-956.4960957869889
cell_1951,-9739.898272151018,882.4815820901376
cell_188,-11910.801415178745,5790.334438604511
cell_1819,-10225.455871152039,-1598.5034402373963
cell_2387,-9898.018559273958,-861.307789206926
cell_1896,-11357.939974822082,-390.90465196961543
cell_2138,-10284.043048910271,-2064.330837048868
cell_233,-11283.991816357906,5582.871241911176
cell_2300,-11376.081073095513,-531.2271588337665
cell_2249,-10384.96990968708,1067.9452777712431
cell_1488,-9778.15698463394,-1260.6588119928754
cell_263,13677.8219023861,-4337.407611937472
cell_1631,-10515.274032313255,-1609.8283898267805
cell_1705,-9048.021166458419,-1773.454302814671
cell_2092,-10629.86647164308,-535.229014757156
cell_2657,-10318.05370056457,-2182.8102282847494
cell_1609,-7416.549732144221,-1291.3934854335935
cell_276,-3806.5546436151194,1332.3626000710747
cell_2557,-3983.665063750918,-590.9424584702366
cell_2254,-2779.428250234432,-1089.2839603298078
cell_318,-11173.640052939689,4637.974845831295
cell_11,-11703.967599365833,6112.290152435877
cell_2027,-7395.4831391406915,-615.5355788157764
cell_104,-8240.23879111953,5441.819020623826
cell_2430,-8960.880375475983,110.14912059328104
cell_1757,-10033.385195151288,-1043.9000711315339
cell_2316,-5543.7243519546855,-1166.0042641424968
cell_29,-10846.04514231648,5517.759780741978
cell_1968,-4554.46259614821,-1011.9962798962841
cell_2212,-10737.960966808458,324.2529678400555
cell_74,-8300.48639965156,5632.941708901976
cell_1963,-7997.840214631017,-426.69307267449693
cell_2435,-10258.972981960771,-2026.0896670378067
cell_2179,-10338.81262910829,-1310.9384309721577
cell_35,-1632.2819306495974,1479.133131121328
cell_2061,-4271.54100130989,325.95548814046833
cell_1709,-10411.8883437743,-1827.6115008242239
cell_1898,-1402.3155330826723,-468.95446432227897
cell_1657,-9771.147723857412,-147.36334041829645
cell_189,-4282.161590104632,2234.0820518941887
cell_2544,-11104.856462045207,-1282.7101106567955
cell_1543,-10671.57184895298,761.4948759222335
cell_309,-9281.780812718818,5067.803119497934
cell_2506,-10296.622825533495,-1199.0271759780492
cell_2245,-8656.077030492084,-1578.8465988563244
cell_190,-10548.434062214008,4052.5144731765727
cell_2383,-7368.625403606612,553.8712031453736
cell_2238,-11009.52234953445,406.82591728661663
cell_2137,-10191.293219587751,-94.96402819957892
cell_2566,-10278.897941248753,-580.4407287324584
cell_1893,-10467.138475988422,-1050.5808853245035
cell_1974,-10884.68383942571,1463.1551819909491
cell_209,-11597.628783707994,5759.105933704465
cell_1661,-847.8988540793433,-1376.8050718139145
cell_1686,-4897.870988313344,-681.0371106749867
cell_1839,-11538.220860969786,-696.9606558316492
cell_173,-9186.591792113486,5103.996262291472
cell_1699,-6215.326462602796,-1101.1684646141753
cell_1746,-10564.474973530874,-1215.201921301478
cell_1714,-8718.29470847992,-1070.852301235283
cell_1918,-9843.76788689809,839.6359880665356
cell_80,-11149.169135972761,6027.09150005563
cell_2571,-10423.31809974321,-1350.131671637473
cell_2289,-9295.492271901021,-1363.9764195543803
cell_277,-9432.24571427494,4671.989617263361
cell_2096,-10893.227008114422,-1603.5126112716666
cell_2207,-7630.918259713201,1507.7093121001287
cell_1990,-9594.670859280992,-1293.696113668486
cell_117,-1972.9113148221238,1659.5587736506513
cell_341,-10207.45438781574,6180.876253414329
cell_66,-11413.651522389056,5979.512424406841
cell_2414,-9751.129798434684,-950.5518026174857
cell_1965,-9710.82643065784,-1781.9157543343892
cell_2412,-3885.8620803357126,-987.4298605252939
cell_2632,-10649.961496172611,-1205.771632442174
cell_2114,-9497.405215142098,-1441.611651937028
cell_63,-11739.127973167158,5706.227816776725
cell_243,-9535.193966132192,5948.090916984369
cell_1664,-9821.27794529724,-56.26613801746755
cell_1970,-2047.8869033914898,-921.2424546494568
cell_2576,-7941.006740608015,-1354.4486847886321
cell_76,-11443.996847116094,5377.19485757722
cell_1884,-11166.773931136955,-1110.3777265375606
cell_1493,-9058.78825535759,-1119.254037260681
cell_1559,-8981.811159979892,-430.95082993691983
cell_2413,-4331.842319922895,-174.73325959278554
cell_223,-8348.10664629872,5754.063607344138
cell_1696,-9248.783344981328,-498.8982900268562
cell_336,-2181.060452575404,1816.4065602795752
cell_250,-11294.822561163646,5719.354476640788
cell_120,-9570.529590050997,5769.082436173109
cell_2175,-4795.024963195853,-609.944311939721
cell_2195,-11150.97925682398,-1036.2854340371541
cell_2173,-10694.321435717282,-1771.1294572681336
cell_2331,-8923.101299714188,-1055.9147823508856
cell_1795,3654.66740090264,-2336.368188437548
cell_1477,-10747.135777727872,20.832891608194917
cell_145,-10409.456833905131,6050.3429522695815
cell_33,-2347.8449676910755,1821.1271201991242
cell_26,-8020.899877521342,4537.712908392514
cell_2402,-6642.822862759949,-366.99234843091875
cell_1844,-9309.348449943858,293.84605048368843
cell_2452,-6153.091657148812,224.48321545769173
cell_1849,-7900.563548183918,-1763.4166819308068
cell_1540,1080.8095337979073,-1702.5918290323798
cell_47,-2434.3083541268543,779.4558485139755
cell_302,-9789.631630160635,3194.8812418169946
cell_2182,-9487.023007414637,-1269.367944310059
cell_2152,-3740.861800825315,-675.5775418510343
cell_2301,-6017.407155181998,-247.0530181768132
cell_2021,-9537.129992594386,734.0514076154839
cell_2615,-10859.614248875961,-379.0919232456743
cell_2462,-9659.746957481733,-1512.1559859987265
cell_2265,-6616.909923746644,-700.0614152004795
cell_2236,-9690.799699702775,-1335.894989280852
cell_2251,-10460.620568469585,-1667.4049456517641
cell_2642,-9574.564787853442,-742.2378778233223
cell_238,-11341.990400427187,5636.6358556062605
cell_1672,-8500.110563180728,-1233.6361690849003
cell_2052,-8763.203881473728,-207.30649337694277
cell_2120,-9569.537786760451,-248.86189928177038
cell_1945,-8118.033451059989,-545.8446320588922
cell_1649,-9822.126422681387,66.56358019466138
cell_1650,-11259.610502799062,-2225.5039967924235
cell_2121,-6458.82481989681,1229.892182328274
cell_2534,-11032.860888855332,-1565.8109260447518
cell_1464,-8881.855707322959,-1749.8163730200943
cell_2650,-9771.362533468535,-1322.2250867539651
cell_2351,-4368.729992800759,-679.6415372505516
cell_2296,-9146.074413889464,-2464.845811373841
cell_181,-10518.035607426791,5936.923515517075
cell_2366,-1391.311104999255,-1248.8712280238253
cell_2135,-9304.248409460362,-1276.1496369200872
cell_2117,-9261.483764305029,-622.6628559851858
cell_1585,-10986.5684338908,-1410.0072558981494
cell_236,1900.4695245201522,301.35241535151647
cell_1483,-10042.230299128789,-1700.316056424577
cell_1465,-10128.82976228482,-1089.1837343723198
cell_1926,-11243.930485011473,-156.5878859878718
cell_1614,-9408.868093698411,-1770.2186641802682
cell_1623,-11301.105313256518,-489.98536173727695
cell_225,-1465.6157632215102,56.678556553635346
cell_1790,-8610.372926894643,-366.14526872015364
cell_1481,-6627.403182729188,-666.0143839460368
cell_2097,-8549.318183277011,-1354.8088258085659
cell_296,2698.8042489904196,-1550.4734297248065
cell_1783,-10461.330163317065,248.29321532575446
cell_1527,-10421.805854524993,-1021.1687460272893
cell_2006,-10767.373579888295,1077.9401758899223
cell_2285,-7659.575133107454,-213.03268160336933
cell_2489,-9311.180618896951,-1332.7548948970996
cell_1959,-10022.13315900483,-2596.361355255841
cell_248,-6517.447058615312,3913.4009342724244
cell_2635,-3815.5541858703878,-1615.7982718314759
cell_2270,-4153.079918750385,-1567.013008196252
cell_2342,-8960.176621098242,-775.5477223447645
cell_227,-2149.4051635818428,212.74172064968027
cell_2486,-7305.903503843972,-561.9320260118647
cell_1637,-8910.465664477253,-583.6621795964412
cell_2155,-8831.673588184316,-1203.76840307613
cell_1646,-10096.962310739844,-2612.9675149442523
cell_1921,-10236.958110185931,-590.6161083698074
cell_133,-8877.164865522554,5775.69356698047
cell_1978,-3469.446925262108,-1378.1730459588675
cell_2156,-2450.2291388859835,-1183.680393513767
cell_1579,-9364.608466058937,-519.8764698754418
cell_1499,-10361.460469974129,-1146.6742282118905
cell_1803,-11549.678451239108,-1592.4630030269268
cell_2007,-8712.720083560895,-1243.5885523644945
cell_2283,-9565.839276519695,572.751533963175
cell_2556,-7598.338568010228,-435.5421158441703
cell_2629,-11198.76906916146,-70.73877243514114
cell_2229,-10726.855711613158,-653.8448125903828
cell_254,-10027.375545569696,4920.061161197185
cell_2317,-8690.716214053873,-1483.2258314266815
cell_175,-2813.6279602607815,1837.5927322750365
cell_2271,-11196.613323385509,-1161.3740222789713
cell_1728,-9235.382121044937,-2927.2856545160457
cell_2444,-7115.984469626595,-550.540814395014
cell_2631,-9684.600310371043,-1460.0047253380656
cell_2308,-9245.848914501215,-1427.2919504829497
cell_2620,-8454.21965037507,-893.0253483320186
cell_2396,-10837.131220044117,-1534.5305677501221
cell_279,-5623.868863302426,2762.905232400468
cell_2418,-9945.508235260542,-1262.0300793654258
cell_2428,-9993.127246555037,-1587.8547545018682
cell_1454,-10644.628118435288,259.2788574611138
cell_1603,-5945.820714148571,-484.70266020364784
cell_1937,-10351.961647917184,819.4522332590591
cell_2579,-9732.855823637443,320.1426328096273
cell_1762,-10714.373314046083,-1540.094117636577
cell_2153,-10822.576444896462,-399.30771267348194
cell_1770,-10765.871703373261,-1319.7375001997877
cell_1753,-8541.950576472662,-1523.2625702240769
cell_2485,-10641.972771697194,-365.50702854007926
cell_1467,-6236.828401768186,-253.33794017981137
cell_2424,-10840.360430256489,-1446.5098446522948
cell_1748,-9445.391731520327,-581.9067500957584
cell_1856,-10807.06744693697,1444.9934606690038
cell_2464,-9541.694143946146,-49.97398973971697
cell_2274,-8715.806680778009,-360.5024640103987
cell_79,-11737.2853212961,6058.906572127074
cell_2530,-8487.522005333512,-1133.6527424443816
cell_1756,-10938.519362692632,-13.687430495586362
cell_2468,-9561.525498140862,-1492.048074626052
cell_2174,-10544.616831317044,-2120.5453957650498
cell_1563,-10192.436094264538,-2733.6652841545024
cell_1636,-10190.375412494794,-598.09158117416
cell_1724,-8379.98968052973,-1773.557214826025
cell_1789,-8555.90043734753,203.6405261073228
cell_1767,-10155.943544437841,-1248.127068469161
cell_2540,-7260.117640062809,-1116.3423001796216
cell_2417,-8068.205645185906,-1333.7792117983252
cell_2381,-8856.842861069388,-1263.0483579201066
cell_2020,-10988.146456711087,-671.5624460308562
cell_2253,-9612.972881046337,-1565.3340858601084
cell_2386,-10063.935815766366,-1867.2194236367895
cell_319,-7146.545610857414,5097.37215418973
cell_2458,-9464.402072068835,-1396.9642492691626
cell_2130,-9625.408253540505,-1388.4042376065777
cell_1782,-8642.613281152382,-1483.2992976203143
cell_1811,-8659.17505546437,-918.8861443876644
cell_2613,-9340.339003835034,-1086.1610569991615
cell_2370,-9848.991073863985,-1095.0184491139883
cell_2637,-10021.895013255504,117.06770448348666
cell_1942,-11147.90461748685,-1132.8745890312282
cell_150,-11715.987929787805,6039.969847377488
cell_1944,-11336.851696375808,-981.6532333632973
cell_346,-10368.741307754235,4316.365858124633
cell_1525,-3471.540736508991,-1406.5989594412938
cell_1622,-9634.59583295306,-1245.6243472443134
cell_1456,-8035.5645577140485,-1634.079470862873
cell_1936,-9705.535308025708,-1832.5302265290138
cell_2522,-10508.203035769566,-844.342650825415
cell_325,-9505.116381853006,5679.56986173663
cell_1805,-8841.462964669387,-972.2184656644026
cell_2437,-8597.680494972685,-956.6892389732631
cell_2002,-6812.165757370648,-1063.231213703141
cell_311,-9413.606953243727,1848.6008525948655
cell_1739,-8960.60013913751,-1865.2112920335287
cell_2087,-7080.588932708326,-155.46410270687022
cell_2269,-10609.017852279887,-874.4609463932519
cell_1980,-11012.71056935963,-1212.1603117394072
cell_2176,-8923.015888371243,-1577.6225132480188
cell_1618,-9568.778607895314,-1356.0974013211774
cell_2608,-10117.999012045244,-1020.0737167845059
cell_1833,-10892.183345019594,111.57720370394921
cell_2185,-7396.97635274992,224.80482682292475
cell_1476,-9405.342141753401,-774.4144073309537
cell_2507,-10990.999202075722,-1547.4752620606928
cell_1458,-7327.234116312666,-443.33999303272356
cell_2160,-10258.618892359596,-1474.6653364084202
cell_122,-11833.123661606201,5601.537999984062
cell_2651,-10738.804501069955,-1095.5746894335725
cell_2434,-10344.096156265368,-819.5570927068329
cell_2327,-11165.863751022296,-221.2557553930557
cell_2408,-10635.233193965529,-1138.3807270423408
cell_2584,-1122.0653569203048,-1238.195215913736
cell_2190,-9919.518175617995,-1834.5427485429398
cell_2564,-11282.42090018854,-722.5501298918803
cell_2057,-11492.596757528512,-1058.894524564523
cell_2559,-8517.73398441724,-1563.7885988996923
cell_1501,-5300.512513651552,-88.25386144542084
cell_1548,-9057.309753189511,-1237.9984341260604
cell_1619,-9142.014201850068,-809.9513846826151
cell_2400,-10013.157398656844,-749.4533796949729
cell_2432,-10342.477375948876,-1510.9589134399562
cell_1613,-8088.418984783819,-1410.5277463398115
cell_2421,-9965.187826616078,-1462.2124697059296
cell_127,-9202.449988932074,5775.705877250609
cell_2202,-11182.563624132275,-912.2431818048898
cell_2513,-8049.083396651341,-979.3259848093112
cell_2141,-11102.903775210094,-3771.0576236929624
cell_1755,-9783.408939794323,-196.7708162691542
cell_165,-11630.296211687577,5624.1289616210015
cell_326,-6213.118100005998,3798.481099215079
cell_2504,-8532.80159647464,-1169.9695230925784
cell_2005,-10505.252782847114,-1447.9872780867709
cell_288,-2078.0236354567896,1382.0578799565521
cell_1766,-10724.212011887283,-1012.4379915009536
cell_2211,-3987.530021737024,-1721.0860429307752
cell_307,-9452.698908548266,5453.89186397607
cell_2526,-8987.013760820084,-1349.2034261423796
cell_322,-7274.79041359083,3546.4805687385165
cell_2056,-8842.737044675137,-1345.672450392789
cell_247,-8693.93346698942,2671.9746380378647
cell_1629,-11931.539505427896,-2387.262489802079
cell_2180,133.4970936254607,-1792.314117412223
cell_2520,-8122.4417161422025,-1137.7420296355103
cell_1903,-10621.647700625059,-1065.714979840458
cell_2029,-10126.97149580439,-362.92241907939535
cell_2080,-9517.17993302947,-1531.1842107125215
cell_1658,-11253.276095719086,-1066.587221474105
cell_2454,-10948.044445574647,-1463.4267388355524
cell_1775,-4164.26311920787,-711.2841142666747
cell_2463,-6364.399476844145,-525.5952500783449
cell_2102,-8086.507005125593,-1662.3210266749531
cell_2656,-9066.374514188505,-957.8461654789475
cell_1742,-10452.815250948028,-1410.4826630352713
cell_161,-11510.010526177863,4750.6921424836755
cell_27,-10646.932107929997,4657.677430250027
cell_2024,-10516.150694522814,-2696.0891992772135
cell_2422,-9460.334149566163,-1849.6239814051444
cell_1567,-10952.490561961762,-996.1455782119856
cell_1906,-10782.709069169981,-992.8520445846415
cell_2094,-11742.001761312216,-423.00750528012736
cell_334,-7265.329687360513,1379.523272830985
cell_2578,-10152.739866558783,406.1481085844376
cell_1677,-9724.3475846834,-1077.0813931621547
cell_308,-10068.069724388828,6041.274538996632
cell_1842,-9908.498007742517,-1225.8109842347476
cell_330,-10930.455310173313,5668.550415312309
cell_2078,-8469.43919825827,-856.4226929122196
cell_94,-10773.925952767355,5671.224453646485
cell_2143,-8209.441794737157,-1626.5865288623934
cell_17,-3454.0671865017403,2656.873318664831
cell_2036,-4546.994993087823,-942.4818609054706
cell_1966,-9072.080492333234,-746.4944416557879
cell_1642,-6563.9240664783965,-668.3010148597697
cell_2537,-6398.451852773779,-1498.8214649213335
cell_2621,-10934.421147803212,-1515.781666348285
cell_1500,-10280.83219318196,-1402.6292431817308
cell_2597,-8184.283152571752,149.9732410632199
cell_1682,-9650.957860076915,-787.9238834157743
cell_239,64.71898593245353,506.48510412408126
cell_2585,-9010.368049826819,-1606.0502924654138
cell_2528,-6599.712792108794,-1097.6957425502508
cell_1549,5559.76108274381,-2507.3702372201487
cell_114,1394.1820957189623,-44.36570603174289
cell_152,-11568.84563035915,5463.932079683858
cell_130,-2601.2726558277154,2042.1256017942644
cell_1815,-8807.763908312327,1769.6680117114224
cell_2290,-11690.873102668105,-462.1193445392058
cell_1726,-10983.981197560706,-465.08124850129263
cell_2054,-5741.827078154061,-766.4861256549968
cell_1932,-3578.7524930197874,-1036.5700694577035
cell_1958,-7712.170031430562,-691.151122971283
cell_6383,-5060.360703207334,-294.924740758176
cell_5926,-9765.516719933205,140.29101404703906
cell_7551,-5048.7572275503835,623.5792607711014
cell_6879,-5297.109206683361,1795.097858539197
cell_5745,-10413.838400562801,-289.18841223057376
cell_6703,-7872.8575594821605,-528.9744232913731
cell_6673,5674.54472573495,-2719.4777827514436
cell_6081,-7122.671612022632,-626.4210215046897
cell_6202,19855.560966834553,-5471.949247322156
cell_5829,-9729.434977804542,-227.58215072564923
cell_7487,-11108.649874162753,113.69090283480524
cell_6446,-11115.657949847413,-1313.7042583960288
cell_6611,-8716.2993604836,-23.724856809825663
cell_5901,-9942.778078570425,-50.385701243282334
cell_6773,-9978.1218748817,198.71223888580883
cell_6281,-11580.41664076397,469.00149624519514
cell_5836,-5611.495057756192,-24.725374311834138
cell_5673,-9693.344271880269,530.5672479719564
cell_5571,-10819.607604086703,690.2613871595671
cell_5889,-7159.972824069745,-97.29126736651888
cell_6444,-6225.35189619499,-407.0425144170872
cell_7359,-10583.972739191957,343.1744290805751
cell_6442,-5933.401528493222,-518.7467379783044
cell_6362,25309.52082070578,-6229.864588144795
cell_7600,-5963.803246686427,-296.9519587151642
cell_6861,-9796.402158920366,-78.00237463765191
cell_5822,-8921.606652434828,666.4219565366805
cell_6007,-7797.031728704761,-368.29443482501415
cell_5560,-9435.493308995183,1718.536507488051
cell_5788,-9590.45921641741,138.97635485389077
cell_7231,-10367.764313198204,-1007.3882220834806
cell_6866,-5671.633752556136,168.25814634192028
cell_7368,-7980.000355375379,-396.0365253144962
cell_6006,-9215.987382584839,290.04077817070765
cell_6040,-2385.1738920391736,-539.0550871177161
cell_6694,-9190.455186187442,-2189.300460355547
cell_6982,-10354.587936708444,160.96452260698865
cell_5584,3341.349098490005,-1671.746584814916
cell_6843,-10804.929959954343,-123.26706036486509
cell_7155,-7565.885701247275,-527.1817742689998
cell_5682,-5917.2133071643875,107.96461719387557
cell_5487,-2144.563716944472,-1045.6817986191668
cell_7510,-9901.565080764314,1007.6671163903758
cell_6713,-9611.079591379399,20.52369678833901
cell_6878,-1178.3849586522008,-536.2761871903338
cell_6957,-9608.01685693138,-1094.7382669540832
cell_6780,-6578.086449861014,1089.9168726756197
cell_6622,-8680.158385445655,1981.5810115477705
cell_5958,-8026.218382157684,17.54160157959797
cell_5842,-9927.329940476573,103.55253910597965
cell_6012,-10980.566021636962,899.6517904764172
cell_6447,-1520.5825094491493,-230.09444654496102
cell_5645,-1130.3416175861325,-223.14406001420718
cell_7566,-10754.912288012429,-138.8234327638426
cell_5956,-9153.010708675516,394.9363780578485
cell_6872,11577.439009052981,-3777.30208657771
cell_6623,-9524.871709672025,421.7442348399662
cell_7139,-11737.21852750156,-283.31700357007026
cell_6287,-6851.792924348323,-696.211030092625
cell_6642,-4246.4816432820535,1363.4591716857285
cell_5588,-8110.108123987974,-139.5124691492863
cell_5674,-10907.297330137304,-497.31376330267346
cell_6235,-8358.839315457355,-230.90473996198432
cell_7176,-9892.187820256097,408.6763572170259
cell_6283,-8873.06049994003,195.2953165294741
cell_6616,-6923.423520211588,-222.9623569275624
cell_7616,-9752.576290466239,1517.5637621060641
cell_7115,-3073.223476855332,2269.8747311639963
cell_6597,-1575.0674119084556,-1019.7665631368036
cell_6527,-11551.55678287123,-114.09886049323111
cell_6815,-175.3812120479631,-1164.2390779140526
cell_7373,500.4112200680068,-1143.04705461967
cell_6450,-11569.901693526406,-367.72849856103977
cell_5961,-10092.428277798064,-260.43933447700584
cell_6102,-7965.959614267771,-7.4244360395832665
cell_6992,-7400.2317003791,-146.9297561622371
cell_6090,4483.015289245368,-2067.2027978417377
cell_5672,-4423.606558145114,-695.7444397358888
cell_5922,17878.398656616962,-5152.736921361875
cell_7223,-7393.964891739284,-381.05342301788625
cell_6862,-6545.768009052524,354.93398300473694
cell_6011,-2261.681440043735,-187.3195254726759
cell_6961,-7677.9546186376565,355.40465055293197
cell_7469,-806.8125318616525,-1145.82191730153
cell_7148,-10424.522544456422,-320.10620938978224
cell_7498,-12050.267317875723,387.4344702382866
cell_7552,11703.045411683113,-4123.408728344509
cell_6021,-9722.775316114179,-299.56093350215207
cell_6594,12264.363127134407,-3876.516972754546
cell_6996,-9709.698036468104,75.60132836532408
cell_7222,-10141.13073621826,-933.1688867234066
cell_5905,-9826.30195561192,-131.8866792208891
cell_6752,-11392.808984247813,-1651.355882989375
cell_6508,-11275.165672930985,169.62201619028957
cell_6940,9187.684110905982,-3124.759598143631
cell_5809,15289.420223391297,-4207.399624993003
cell_7060,-10298.520503413089,291.07664831172696
cell_7185,-9136.171024330315,-134.4118239698915
cell_6242,2699.8343424961786,-1679.9918591734713
cell_6449,4496.948446138675,-1999.3738538658038
cell_6549,317.95678135562616,-1459.1266956962677
cell_5763,-11329.688044434884,431.7107232308844
cell_6562,-9773.736778507717,646.1609571266684
cell_6631,12848.690474747567,-4093.3847838756346
cell_6828,-5026.072845619531,-900.2375262982948
cell_5702,-11984.15352066914,66.77668849237249
cell_6349,19239.85229901409,-6018.741148133562
cell_6585,-11433.383505350246,640.3729598960667
cell_6357,-2903.358310719973,-641.1682499811571
cell_7038,-10024.289794752442,-361.28511343939476
cell_6813,-8630.227653389868,67.98523921577589
cell_5885,-5151.1524242671,-454.83916747375275
cell_6516,-10848.202365418778,108.68353482422563
cell_5649,-9775.585758726787,401.2837104384712
cell_6542,-6115.063900193533,-141.43414770304284
cell_7516,-2181.01318456335,-1147.1167749422882
cell_6747,-11423.545141808872,180.43753220288292
cell_6316,-2455.775678437522,1121.032145156859
cell_7072,4088.5262208490835,-1725.2896343385664
cell_5937,-10577.907374022792,64.16429991695344
cell_7093,-3348.3036480396718,-713.128031833866
cell_5714,-6625.8361804486285,1778.1411538487212
cell_5738,13471.75484905389,-4049.5598104372425
cell_7506,-8968.320497770143,-140.80490390260215
cell_7224,-1151.9558939636997,-1155.5500593450413
cell_7266,6629.638520741212,-2236.1947913983145
cell_7492,-9989.550103740761,176.70602251482646
cell_7215,-11565.91059128783,181.2350092777605
cell_7377,-9420.85905968459,-409.2284791114918
cell_6094,-10874.534406798593,-169.69913921926116
cell_5883,-4374.221806208051,1091.4529908113168
cell_5917,15087.516526901796,-4242.39183094268
cell_7230,-9574.368835591473,473.48527541205186
cell_6366,-1938.9228394941238,-1133.8509424955362
cell_6380,-2348.100581892613,-64.8940342351734
cell_7417,-3853.440498590524,317.66883049232916
cell_5581,24468.962245062023,-8112.593788993471
cell_6407,-4747.734321573685,-887.5011770309885
cell_5791,-9221.908005799996,-13.435698930909187
cell_6493,-7768.123622828413,729.7980727459773
cell_6274,18176.68481500322,-5552.398183073841
cell_6680,-7953.642583020345,-474.177447237759
cell_5575,19005.958882814037,-6165.127058520981
cell_6905,-6538.633714484201,657.4614510647183
cell_6052,-10867.734530170663,-320.4605291029255
cell_6410,-9465.330735626587,-41.35711920607365
cell_7534,-9769.795914380758,1281.5776453304122
cell_7570,-7942.711939721388,-281.12678049410573
cell_6728,-10060.34423209167,541.4877776561613
cell_7453,1899.6554055179045,-1002.4073441077653
cell_6408,1093.235533364242,-1659.1868447644513
cell_6062,-10649.406383743226,317.80040807682946
cell_5954,-11544.671855531647,-184.04889156606717
cell_6845,-1132.8999034994365,-957.5639166163792
cell_6601,-9231.129339770223,244.93149701032536
cell_7220,-10619.826944730243,1476.91985624916
cell_5580,5440.180521486657,-2072.76170382268
cell_6974,-9253.85385249825,1054.8211118679549
cell_6155,-9153.175914350633,301.56822308100794
cell_6236,-10092.32872257625,-542.5789758574031
cell_6358,-568.4840329758956,-255.75574390838085
cell_5959,-7117.372516556117,2.9115558148443634
cell_5595,-9257.601876253166,-315.23862246868106
cell_7457,-9772.722003544224,-871.7955174729335
cell_6308,-11390.12724227897,564.2866684493036
cell_7426,-9834.355170182698,172.1813991042916
cell_6263,-9037.669278701533,-220.75229433396322
cell_7153,-11277.808503464292,-21.174525042782314
cell_7568,-5397.906346690273,-919.7787087251946
cell_7484,-9662.605243022837,1276.6598614398752
cell_6009,-10059.311130490987,-228.95928490969393
cell_5569,14259.05624854676,-4421.932581562404
cell_5717,-7837.436639712823,541.933853599457
cell_7080,-11587.106268182497,-430.3417989750069
cell_6644,6597.742092535915,-2691.528237008464
cell_7383,-10825.476630824889,-283.6301514256066
cell_6552,-9856.562052886971,1484.8290076198782
cell_7062,-12064.210113597612,412.40359419392814
cell_6690,-10535.179625673029,-330.26944206475935
cell_6822,-2828.6627728628177,-762.278939513269
cell_7199,-11820.817399892312,401.8895308932879
cell_6437,-9672.279860087625,276.403958027076
cell_5834,-6874.246232568991,-12.779103484910323
cell_6469,-11573.421302778457,500.5748973869624
cell_6859,-5708.417967517002,-182.01753389725195
cell_6959,-10762.765616186243,1483.938212809963
cell_5481,2367.312651630683,-846.6719502992665
cell_7502,18254.196970278594,-5686.094886101816
cell_5783,-9998.900126174096,-276.63710870536323
cell_7027,-8614.509720683694,534.0859343884069
cell_6836,-10164.939193974918,-325.15801363997684
cell_7312,-9950.994773990393,2243.950484837556
cell_7274,-10439.582714482054,750.2497126632949
cell_6712,-156.9262605612228,-1313.2644703939911
cell_6194,-502.31813192380224,-1116.2856611515504
cell_6808,32840.75462521685,-4587.271800223267
cell_5819,-3833.4463840763046,-453.81656894895053
cell_7177,-9746.912663305613,3.276704716610624
cell_5719,-5193.208886064787,-612.4308006325908
cell_6063,-9315.637623658307,1164.2897289017951
cell_7317,-11270.972491552098,-189.690096637793
cell_6070,-9403.31762865694,-34.41891282997443
cell_7402,13786.274397141682,-4427.031056809697
cell_6684,-8836.67969017461,466.9170784603068
cell_7259,12163.147850421366,-4458.004314250362
cell_6911,-9600.68871227071,423.3449745214441
cell_6066,-11048.804583087767,-9.360201000095758
cell_6428,-9075.995787990696,292.16946295675007
cell_5733,-3707.917448530627,119.56272859831202
cell_6139,-9843.315827631775,382.49510741817915
cell_7108,-8723.743761962176,356.58625389069454
cell_7021,-11486.417408034667,1367.7448449797105
cell_5483,-8060.3581849343755,620.7560433614104
cell_5536,-536.5795844431273,3813.8667310278574
cell_6388,-10624.166135001764,411.1838707317963
cell_6046,12042.314584886124,-4380.277625445188
cell_5664,-764.2666259607574,-1066.3491335088197
cell_6995,-1276.2723356755134,-399.6023709543493
cell_6648,-8035.120433265645,648.5793283005626
cell_6519,21524.003289895663,-7041.825005830311
cell_6671,-9479.060371099715,-490.48247775744335
cell_6741,-9139.430454361438,-231.2824973759648
cell_5653,-9655.411115223682,-414.02001980972915
cell_6190,-2836.559179362148,-567.7014222348747
cell_6230,-11226.13465871211,2047.434272699277
cell_5680,-8681.014502701672,455.8011644563608
cell_7579,2027.7341587813894,-1827.5193040106278
cell_6451,-8232.379325777012,187.2334961411357
cell_6282,-9880.1050229072,744.6490937956095
cell_6629,-552.8343861046117,-1310.4498990892241
cell_7297,19298.81738161705,-6008.214005969909
cell_5517,-4826.51301068813,-472.20057744120663
cell_6134,-7884.129680435459,-343.8719839340411
cell_5971,-9330.174812504278,-292.55269719697606
cell_6827,-10767.839358027546,190.48067997212988
cell_5531,-6492.797807894998,-424.28707764199
cell_6564,-10128.644227752227,867.1694712642562
cell_5850,-1727.3928385143524,-824.1144860733583
cell_7149,-9607.337979090396,841.3846593077321
cell_6507,18967.049518564316,-5806.607466321659
cell_7393,6178.543203769826,-2364.872142587356
cell_5851,-11964.905523637924,282.44192341828636
cell_6543,17429.850536901766,-5474.459841110911
cell_7435,-10187.63410602213,1382.5924950452693
cell_6498,19818.982549912296,-5527.581673775675
cell_6409,18109.69231240936,-5548.891869822394
cell_5534,-11366.213066661741,-270.03742276202354
cell_7563,-8642.737752328452,700.1963565032684
cell_7018,-10287.344237919671,917.13795195473
cell_6515,-12189.449373899153,366.81882276581933
cell_7537,-9080.5948298101,-245.36180841498918
cell_6191,-7175.250251085138,-196.58513029250216
cell_6807,-9478.741924425154,-195.42309896587483
cell_5488,-6333.09006005798,468.48597124741656
cell_7446,-9761.246596719186,247.45336467615584
cell_7576,-8875.18277381355,580.4734570174701
cell_7163,16044.51183327867,-4409.59222870078
cell_5910,-8559.405435495337,-454.24116738491745
cell_5811,-10694.407626699629,2763.5816963840934
cell_7091,-9659.44027085429,-13.527280791854555
cell_5931,-10261.277357912382,882.4691135538144
cell_5768,515.1614726540496,-1009.0190354370629
cell_6753,-6686.828689112169,-341.72251758947147
cell_6420,-9385.88027271284,137.7283597512827
cell_7573,-2802.99079848319,0.8559757395978478
cell_7404,-11493.641316592588,-185.29123808757538
cell_7019,-10390.556217979909,1541.5438847938356
cell_6113,13779.657441395333,-4131.141632380288
cell_6334,-9906.030409931078,30.327558661657342
cell_6869,-7599.473226132368,-393.348864192194
cell_6710,-10462.208445139659,35.113840581995966
cell_5646,26012.350957692746,-6744.296952246216
cell_6187,-572.8793319444128,-927.9543578872942
cell_7528,7504.128531356948,-2773.2038000566954
cell_6784,-11081.648249802469,362.2278967349366
cell_5908,-11093.940706127943,-94.6485369237827
cell_6271,-7582.031014682841,-348.2187838727749
cell_6078,-9917.794641296332,-16.92564261470742
cell_5897,-7699.673240528919,81.0197774184663
cell_7581,16310.68683571894,-5565.447445400397
cell_7490,-10930.839232601,-325.4990624732661
cell_6020,-9404.295467291928,401.45892989824495
cell_7225,11865.639183319541,-3676.077902065068
cell_5583,-9059.0082343823,-395.6846558213882
cell_6456,-9436.761268764682,-90.1356509099145
cell_6101,-10376.997412429433,493.1127146457634
cell_6336,-11206.427161429348,487.79484207243894
cell_5798,-6925.616207614447,80.65916785480438
cell_6744,-9749.17466375196,-181.93095579145256
cell_5655,-10056.155529772745,817.7113096455482
cell_6057,-9780.314679924586,995.1384534434757
cell_6015,12439.828127633764,-3735.186864008469
cell_5789,-9707.712495515043,114.73421068708873
cell_6989,-6600.5961262670735,19.970642085331683
cell_7408,-7111.527297907036,-413.1341363192099
cell_5729,-10096.164141379239,0.5072446516377497
cell_7375,-6794.17582703289,-400.1534543640542
cell_5525,3530.5950279931208,-2334.9242298384834
cell_6072,-8419.192801408053,-595.3833697963097
cell_7354,-12449.030171285413,267.6789316952924
cell_6232,-429.59174789958,-1098.9912590818817
cell_7095,7173.706062776346,-2765.6713083078266
cell_7588,-10253.622249405164,-1095.4591400255722
cell_6921,-11213.02778268026,4058.6989685480803
cell_6221,7395.31113125409,-3388.3826280439393
cell_5984,-8900.500660523887,-312.52832796266273
cell_7450,-9407.755238069367,731.2098398137688
cell_7116,-9569.53720466143,-188.67757904008906
cell_5991,-2773.3877028357088,-649.9437045225951
cell_6955,7053.750363270051,-2497.748970105396
cell_6159,-8591.49239171684,-64.97850039309324
cell_7142,-10580.325283628361,-12.553649443682328
cell_7280,-3128.7508484037976,-752.6972946942219
cell_7594,-9612.578721942185,205.1918844818929
cell_6494,-10586.993442066701,-364.02612913601786
cell_6567,-1126.596543357207,-864.4857299064805
cell_6512,-6621.225530690523,-331.07823209419763
cell_5703,-9499.17869820184,299.11802586541864
cell_6600,-1746.8688619953691,-634.3219262852923
cell_6864,-7826.624786285341,-450.147198887139
cell_6984,-9739.072199501217,56.84844280767203
cell_6854,-6997.774055783106,-401.71804266673405
cell_6991,-10107.332417624692,296.39599370320735
cell_5833,-4578.253105450565,103.88444938500486
cell_7590,-11391.508787388178,31.854883499531205
cell_7111,19208.3854544728,-5795.24282799002
cell_6824,18630.033877146438,-5923.030889964961
cell_6303,-9131.426860545824,142.0069566622227
cell_6492,-7527.449328630564,778.9248176299088
cell_7201,-9528.859236130029,-606.6465869708211
cell_5509,-10716.381387244472,-47.841243364902326
cell_5659,-9696.99773466215,321.4675268219094
cell_6199,-10235.886462919912,278.4100517077715
cell_5799,20902.64077582778,-6926.982271506185
cell_6956,-8630.27612303243,849.445771540825
cell_7356,-7782.8598722244915,463.5646774579374
cell_7238,1740.577858397774,-1899.0991156003658
cell_7009,15700.157941784166,-4946.214632821384
cell_6363,-9353.1267752141,200.78304879524725
cell_6431,-10365.9700434406,-271.40583790880385
cell_6566,-4878.87522002988,478.2657953110168
cell_7039,-11892.847765325763,404.282278958813
cell_5757,-9724.790801895753,-88.66598524349149
cell_6389,17618.671213158927,-4863.096883098787
cell_7431,-8922.194366180824,-127.08840983002585
cell_5458,-9425.427700016275,-606.4452167729626
cell_6179,-9112.240189821505,193.78035707259912
cell_5844,-10974.985423941724,785.297537162718
cell_6245,-8160.719879427051,-112.88359169929961
cell_5911,-9850.400355361095,1609.0862318978286
cell_5734,-10984.666729467697,1711.3502012450183
cell_5707,-10632.984827133836,-202.8477076590876
cell_6505,5640.603741661901,-2611.7663206667016
cell_7228,-9257.616518091656,1.601974474822047
cell_6931,-11579.666290383777,-721.0749629239888
cell_5884,-3400.099197078287,-682.0333886005922
cell_7350,9231.611453734611,-2978.268764515399
cell_5713,-11642.118206842919,192.02720588390542
cell_5776,-4956.974034966919,-425.336484839314
cell_7267,-8886.328594438039,658.7171818768105
cell_5896,-10361.6661091075,1176.9173207650579
cell_7517,-9074.131694445701,-439.2322311871699
cell_6065,-7105.480745473702,-222.06628019491296
cell_6794,-6353.702754250935,-468.96331441421773
cell_7292,-9553.386354764181,1333.8381454008284
cell_7602,10383.048668966652,-3488.339481016468
cell_6100,-7906.737706355629,358.0714516280757
cell_7346,-8693.961939858584,338.82175278389366
cell_5631,-10585.742224279575,104.19731374511849
cell_7370,-9295.843120482981,554.6023310842182
cell_7519,-11542.37879464728,121.96442431723874
cell_6855,-11611.94495132693,-313.1125477267279
cell_7459,-7535.427607601986,-687.369635108445
cell_5735,-9382.955033461336,-74.95772628875187
cell_6249,-387.85056703592267,1356.229478875568
cell_6501,-9837.53730661718,-230.03969016070226
cell_5839,-9939.903270493418,-137.5357956114426
cell_5684,-9014.716557669091,1552.1498433767922
cell_7082,-6583.335180547809,308.88995380728085
cell_6103,-2333.871909282344,76.3775693342267
cell_7467,-9295.09703315993,607.7336295382772
cell_5801,483.8551977908777,-543.5984030274254
cell_6724,-1748.5308493492382,-439.57233855243163
cell_6617,134.71192070581176,-1533.418994756022
cell_6965,-9502.908114031696,339.03993283344334
cell_6234,-12485.242037518561,2751.856890525348
cell_6486,-380.8676996534741,-1166.4738639818538
cell_6532,-5955.609222847342,-209.0150584720657
cell_6868,13598.99289404816,-3849.0823081263643
cell_5660,-9306.392236483003,950.7872146155637
cell_6621,-6597.724495611326,696.1697417605558
cell_6709,-9893.427554813246,776.2374793919869
cell_7483,-4246.967814347736,-615.8812613559086
cell_7002,-119.77431735831851,-453.14062107198015
cell_7017,-11404.426640222384,673.4290956777584
cell_6981,19733.58338560737,-5677.937998773665
cell_6225,-10907.204692936426,-34.75289980949217
cell_5501,-9615.678614043893,78.46398543608139
cell_5737,11677.290703647797,-3644.0172003659427
cell_5561,-9691.754789464552,-199.39582161496887
cell_7571,-9472.598676366399,691.8827573336349
cell_7379,-8923.474523810288,-70.52148706006786
cell_6545,-8409.607240867947,623.5966082313829
cell_6419,-6281.007908195664,-23.643441758249022
cell_7343,-9551.15302087562,223.10256003165802
cell_6390,-2178.5167437306086,-755.5410202046492
cell_6391,-10271.295568881573,543.026871569605
cell_6678,-9878.992365850829,1.611919134890032
cell_6887,-10593.170321711747,250.85166027618203
cell_6763,-9505.213756250816,85.41030459640896
cell_6136,-11233.917151925489,180.4595601069606
cell_5530,-9943.186189319951,785.9479312593518
cell_6360,4077.8413830623945,-2224.214388060132
cell_6796,-9147.567977564033,-467.5327068907326
cell_6746,1007.6876146481264,1161.7312218692637
cell_6178,20321.391422134915,-6155.124873702644
cell_5957,-10396.433358569138,-176.76592054754175
cell_5983,-9657.612230528805,-59.41512711986523
cell_7447,-11858.157212826802,-190.494891823021
cell_7618,-8751.81496709371,963.8564451205593
cell_6215,-7342.6578348806015,-226.22413042741485
cell_6475,2273.0743477859432,-1254.3492380073599
cell_6414,-10230.246496213578,-116.270230308526
cell_6929,-9796.739493976971,1645.6252502232833
cell_5775,-10093.404148294887,-171.71263847269674
cell_7325,-12228.828243168091,-826.8949162429376
cell_7140,-5713.98846294764,-649.7702357951152
cell_7079,-9815.677332040535,318.91345751319045
cell_5609,-10971.42837301097,-40.19231029635745
cell_6171,-5176.574465030335,-454.20470272542167
cell_6276,-10859.591322879658,-27.802969471403657
cell_7254,-11501.766526775786,-152.13365129091258
cell_6056,-11042.114692604768,-453.80056442523653
cell_6034,-7876.862885385383,64.40875784244251
cell_6677,-8689.690919327357,-125.73154544819184
cell_6257,-11582.799540065862,12.776582938247849
cell_6964,-2602.449755052446,-925.5648925801808
cell_7239,-6997.743304011799,648.6977915555976
cell_7481,-10068.859793300953,56.34062988304053
cell_5628,-10725.46379058971,-219.59262782847057
cell_6473,5429.760738850189,-2021.753496777317
cell_5750,-9640.14984555242,747.903820601628
cell_6305,-9744.983432333032,757.6359306103418
cell_6080,-9846.55716066833,261.7810165898005
cell_6863,-4803.091958265795,794.8230254101148
cell_6436,-10547.521133823664,167.8748195993539
cell_7255,213.3337357749165,-1318.9049805694801
cell_7200,-6696.736468067879,-611.7726551995368
cell_6604,6200.739966943304,-1719.0196267492788
cell_7395,-10050.273347504417,1592.8741801888193
cell_7541,-1784.8722698242473,-1195.402120808922
cell_6785,-11728.749440441108,17.020382511075102
cell_6983,-1770.1164238427189,119.12170713301977
cell_6375,-9966.270966649903,-300.12071499387247
cell_7084,-10603.632433407278,776.6381804771331
cell_5970,-11021.154137710493,-156.33803916938902
cell_6912,-10310.60813865262,460.38777367794137
cell_5740,-6480.447952070772,-909.2703207680603
cell_6760,-10400.309782031365,-379.4621915617941
cell_7508,-4616.645605254718,162.69132003813442
cell_6495,15063.190725524888,-4537.19508728413
cell_6987,-9694.561387399412,202.81067186854662
cell_5516,-3095.005048433447,-695.0347368976812
cell_6114,-4187.774180473033,-572.4433390660319
cell_7561,-10157.99966361855,-104.67606942146936
cell_5831,-10262.637892871542,-105.1695251476086
cell_5982,-2015.847286568527,-636.9910212338797
cell_7085,-9081.960554966034,471.4718099818286
cell_6697,-10326.854610976987,-355.54008706070886
cell_7277,-9664.449223824493,1559.0884918076397
cell_7418,-4896.011727037,-836.3913216467564
cell_5578,20172.256767118008,-6985.052786408943
cell_6193,-10346.50001499709,1215.1410063703663
cell_6338,-10019.302078920908,413.63484979499987
cell_5999,-11579.033578428089,103.6423081368435
cell_7394,-1978.0067280163014,-1083.7462613457458
cell_5539,-9612.248965182254,3080.215720717211
cell_7203,1044.7117667275932,-1198.0302249941553
cell_5543,-8702.636524821908,399.30734933011064
cell_7301,18397.7138440201,-5633.3773494621455
cell_5796,-11160.32304262989,150.72164373952387
cell_5462,-3975.2977052992137,516.1140423411275
cell_7555,-3285.810990263654,127.24976504152316
cell_6312,-11047.640305980178,26.614325750846703
cell_6514,13219.498111270863,-4195.517696198729
cell_7470,-11978.63529825793,-272.64056340365215
cell_7090,-8845.761845284613,-460.0125077825737
cell_5546,-2697.1059312090756,-481.6732045165984
cell_6563,6255.87201879005,-2957.1970344244323
cell_7106,7673.565883059003,-2806.2949846909637
cell_7213,-6444.028988765876,-383.76166663296357
cell_7328,3465.8720197617577,-1617.7144637302551
cell_6472,18386.132734241164,-5861.989364591394
cell_7269,-11345.049543005018,-434.47320502204076
cell_5914,-9550.940216019791,160.49082517402982
cell_6994,-6634.938123899275,-103.66992366844522
cell_6645,-10007.515820950493,1290.9282455267428
cell_5638,-9222.37635132227,136.61369307241333
cell_6304,-11134.330747222875,-53.38408737226715
cell_5545,18207.439171271042,-5587.512339537057
cell_5930,-10609.278731154665,-173.33485519762868
cell_7466,-9369.990515786347,829.6660476041664
cell_5512,-8957.627448441666,-79.70038514938528
cell_7416,8226.937516801374,-2494.0607729999438
cell_5573,8200.217241365013,-2952.0943333824985
cell_6559,-10911.722524090505,248.77931434085224
cell_6812,-666.9795471259894,-672.4660162486831
cell_7191,-8872.310338070121,236.9350588132806
cell_5635,499.3362246274973,-1066.0145069040007
cell_7172,-495.0950579791787,-671.242439074111
cell_5892,12124.029985927178,-3335.891568347637
cell_7160,-8138.06665439481,-237.17035280547148
cell_5749,-11644.196414511845,-120.3009265311197
cell_7120,-11646.783251233697,40.94304861368567
cell_6154,-9763.188090769308,-687.4140128246796
cell_5676,-9817.557088341417,-387.53056928845416
cell_6830,-9474.817104208938,223.0709272026268
cell_6368,-5875.894636965555,279.82095776483925
cell_5793,-2309.627679445475,-336.10239981775055
cell_6687,-9501.825824966403,-409.0513384872419
cell_6769,-6510.8001769896155,-88.64183353012095
cell_5808,-8495.74394639581,-344.5478233604002
cell_6112,14574.926418077224,-4294.480376411481
cell_5828,-8353.71002721386,-386.46668729622735
cell_5506,-276.4014931822629,-1135.1213834085647
cell_5616,-9210.260523979156,1169.3868277590584
cell_7434,-10791.88659550923,539.0990350809818
cell_6595,-10488.364353980707,408.2514957824493
cell_7004,-737.3617336246151,-1256.3820099947186
cell_5977,-9288.859967025557,203.61877723100042
cell_7396,-2709.362922834772,-661.6534811693365
cell_5640,-10433.227916617921,3471.288006791674
cell_6005,-2647.9460048018263,-157.5358369703576
cell_6988,-9024.577190407514,1288.6928114564967
cell_7603,-1584.036480888592,-589.1050570737618
cell_7452,-9912.867079140487,890.2872765281124
cell_5853,-8649.200094467686,2.080478170682398
cell_6083,-10477.893290846494,-19.610309098745667
cell_6614,-6787.771900196528,552.8130549092875
cell_5706,8591.79726142894,-3074.6846398648486
cell_7332,-9754.080129765112,482.2512255460396
cell_6298,-7957.737336198202,456.1865134899222
cell_6902,-10481.607025232226,-101.87152067467454
cell_5778,-4072.8426351611224,-514.5958843838292
cell_5596,-9861.212198195335,563.1127240617736
cell_5773,-10179.736201667232,-208.95386728110893
cell_6145,-9583.202273821751,338.5370978528446
cell_5838,5051.128469008846,-1872.1353237828093
cell_7181,-8034.540827880425,214.04887434756952
cell_6556,-10233.435979424134,-305.92259594649465
cell_6322,-1909.8943088697622,-907.562168802218
cell_5642,-10174.651838398011,126.77659663505132
cell_6459,-10052.996428124554,-27.948187382336656
cell_7391,-9557.524625776108,110.48266592330177
cell_6599,16595.036269997272,-4550.313041892004
cell_6309,-8525.964915565623,-206.69872138246026
cell_7257,-10250.328574765412,1007.0099365908651
cell_7479,-11686.109686397114,-198.49028843922952
cell_6522,2236.5496774973444,-1427.0476251888574
cell_5761,-3916.7326522480917,-777.3424975847112
cell_5934,1495.0049836751916,-1214.1436212805436
cell_6894,-8204.503690326845,-17.4346224161503
cell_6294,-9297.243403314349,-351.2091213136923
cell_6674,-1909.7063232499436,-1114.7187194373407
cell_5565,-9621.36118990196,1309.9060177107751
cell_7103,-11317.908920479433,80.71182164618136
cell_7476,13350.014644272806,-4088.3241885405246
cell_7507,897.3705113113339,-1403.6365779293328
cell_6426,-3872.0825295754853,70.1236982230144
cell_5823,-12014.324832146012,733.664075624777
cell_7599,1988.6328321490255,-1511.0860209167035
cell_6167,-9169.760963169447,118.3796888292668
cell_6518,-753.8408096881623,-1021.7474213421518
cell_6395,-10609.248358111807,1222.7667751480842
cell_6811,-9354.576187973831,247.03368429624823
cell_5671,-9856.161588081615,1109.9893934596191
cell_7400,-9397.503992681657,593.8540247130614
cell_7041,-8626.642183123386,1034.9026682194783
cell_6625,-5623.962535806108,-708.5048138559846
cell_7352,-10430.722321209645,-145.23225191961873
cell_6198,1775.817915151268,-1460.0552492930449
cell_6457,-651.1946205056269,-1147.2824696003888
cell_7304,-9239.9999169377,338.2589116376025
cell_6445,-9760.464012484392,69.96629527345019
cell_7189,-11514.399682846055,-42.16213677036451
cell_5467,-10071.974430096441,172.46547085144954
cell_7321,-7182.605622757573,-4.877952065986423
cell_6699,-8650.932465708198,-347.1992728264201
cell_6306,-8536.674752452103,89.06822900003277
cell_7125,-11328.519383533521,328.72428870820227
cell_5756,-6999.974135454184,1163.2353103875473
cell_6244,6333.661530651915,-2508.5168924378468
cell_6930,-3989.83479543635,25.313839506884563
cell_6754,-10343.172696390147,114.18252925617186
cell_5790,-10897.36818609416,-148.7291377624397
cell_6432,-9186.664475932428,3085.335020971738
cell_6546,20149.754117109755,-6441.282872147935
cell_7366,-10082.897534389604,369.2436393478331
cell_7212,-1354.7498028947402,-1149.8791608367574
cell_6181,20643.330254553137,-6797.964634087997
cell_7324,-9625.099181404801,683.7914261049177
cell_6886,-11475.67650057049,267.9723353216766
cell_5619,-1754.3498081313235,-498.6820437655003
cell_6803,-11108.324437310062,1221.712800733561
cell_6341,10453.05119329774,-3236.928028166078
cell_6117,-9786.541794875417,181.1260730021551
cell_7032,-6265.927537650812,-582.2061420717349
cell_7449,14.29754097815298,-1036.6728769099277
cell_7615,-10606.265668805649,-49.40328241581122
cell_5878,-8234.056979687664,-346.2453237184763
cell_5556,4607.926006128183,-1675.8060469433567
cell_6026,21617.705536956404,-6308.750902978171
cell_5617,-10190.50472442296,-34.214106446907344
cell_6427,-6072.459951336483,492.99962207092693
cell_5953,-10320.363767905774,-21.26783305378361
cell_7495,-9857.133216071335,-272.75066132741836
cell_6153,-11781.9693602694,-104.82502720738057
cell_6884,-9364.388549072515,429.33423389365646
cell_7514,-3668.537213156513,-1077.1509764070695
cell_6890,-11689.621955486506,458.2517153341078
cell_6030,-9075.976464141628,-83.31443174282298
cell_5639,-12616.121103750644,519.1726534719089
cell_5858,8994.21941885632,-2506.3065107446478
cell_7005,-8069.530496383097,-55.344075328723044
cell_6888,-11351.552530469207,-874.5451361201166
cell_7204,-7436.609497168132,38.42019959802869
cell_6317,14899.803124392409,-4210.955696474948
cell_6480,4004.816556477567,-1862.603424188919
cell_7164,-9240.706564676348,-121.32077751173176
cell_7462,18442.527707668618,-5749.154196348322
cell_6561,-9374.349469350242,283.95973524347244
cell_6613,-613.8792458949532,-1141.9169305607077
cell_5603,-9888.685654833333,-47.00204942430292
cell_7127,-10834.670880314872,-198.40413623463027
cell_7285,-5635.672351963287,129.89560182134875
cell_5890,-7677.533690100761,195.14527909029323
cell_7010,-3346.244837044775,114.0682657426929
cell_6295,-9552.965575878616,-505.8887948743001
cell_6632,-9016.526866746615,38.86809177697621
cell_6098,-5500.256933364623,-556.1420738349922
cell_7281,-9403.252193640044,262.2989729660583
cell_6977,-9004.683143860237,-314.5603627367763
cell_7548,-9650.204817586819,-569.0177723654397
cell_5547,-11525.12396931482,263.6184644626003
cell_7438,7701.344318532121,-2823.1977809530895
cell_7582,-11864.11674854926,0.37415792734955333
cell_5591,2435.889760404725,-1606.7116955259332
cell_7494,-11910.916807346504,180.55364825781174
cell_7109,-10946.751273494878,747.5134330354036
cell_5625,-6332.254480400996,-695.3715257750462
cell_6211,2484.1660613882514,-1390.0393310365491
cell_5754,-11110.93363639014,-130.86811245367912
cell_6720,-10241.352470028454,-170.9278172460889
cell_7147,11029.125975796618,-2966.006391834723
cell_6583,-10666.593076156554,-870.5767631582725
cell_6339,-1869.6880299203167,-764.5394546104017
cell_5815,-11505.98727861245,34.903293044378515
cell_6553,2409.841038888024,-1396.2084741642268
cell_7076,8329.442667892588,-3114.719127050158
cell_7205,-9709.70296396427,2540.497259666133
cell_6502,-4168.002953824426,947.7053431760605
cell_6909,-9255.840220170143,2437.1489210167115
cell_5843,-9411.825064175377,14.692453982413047
cell_5800,-8062.396018286244,-361.0637676656265
cell_7086,-9971.150962309337,-121.34021047661486
cell_7392,13532.527601410497,-4750.138093694937
cell_6415,-785.27274813557,-1614.3128740644042
cell_7578,-2508.8539318660087,-263.2240188712737
cell_7282,17462.268543016293,-5338.742236686867
cell_7141,-7860.736043233609,339.27271218644677
cell_5469,-11070.111938987391,109.75869199769902
cell_5632,-3218.869743576088,-494.89744989648403
cell_5723,-4582.629470547173,1464.8631682072528
cell_14826,-11068.474440371127,740.8260778023462
cell_114380,-6531.18560823892,1545.5974239616849
cell_109261,-10324.626559552378,1506.7579562641802
cell_111420,-3566.2893594678762,852.7292824790655
cell_110140,-12463.374846083783,2176.5917265838148
cell_113204,-13246.052656301172,2310.24434697819
cell_106343,-10704.982394463985,3051.7906908957875
cell_14282,-10569.592766690927,3695.0193069982606
cell_110529,-11466.233682723958,1906.8661959247586
cell_107770,-11761.059740638386,1485.9600612083825
cell_111911,-7047.0581001879345,2074.327144248022
cell_103394,-10950.053442991217,3258.2610147089567
cell_113480,-11245.626212977402,3888.514682407469
cell_30449,20540.46386079437,-4859.158560690978
cell_113826,-12257.339094097733,2985.068439492978
cell_111255,18865.475569553637,-4532.148091307094
cell_111427,531.874608590064,-612.7450030951968
cell_107209,-13735.903175382487,1539.854580103515
cell_107021,-8837.37714977608,2361.828923403396
cell_114017,-12838.09306994525,1515.5560514959648
cell_107902,23431.765274152924,-6871.419642925755
cell_28265,-9399.890905099981,-2173.661457146788
cell_29615,-9157.398671418377,-603.4523091558922
cell_104742,-3133.035391093596,857.4832747562948
cell_110050,-7524.30006777358,1350.6878655760065
cell_15064,-8645.663170696944,4770.802661048554
cell_103524,842.9183828104618,-429.2841367675724
cell_30006,-8424.093139081704,-2134.7465543303792
cell_105872,23738.247460597457,-6937.524332745136
cell_106377,-5475.027115945787,1416.045339551415
cell_103744,-871.2415027768476,2809.7966674145846
cell_107348,-13522.687512224058,1788.8760422246448
cell_30167,-8484.792451582063,-3148.0309183369495
cell_108824,-9830.586602787549,4679.359040290618
cell_112867,24095.987953939348,-6180.982905508308
cell_114199,-10463.634541072326,1991.987380300854
cell_108109,26839.720387096753,-6623.150503708167
cell_111404,-4955.838254874079,1309.3022068810258
cell_109888,-11367.622483109088,3123.1484236376964
cell_29601,-10260.87149631725,-3309.8896686391327
cell_107474,-2218.3915619661634,-59.73213448113075
cell_109533,-13661.75738687205,1729.2259462750794
cell_104015,-10686.851814485517,3334.5713405462257
cell_105609,-11977.382209944015,1663.4468188467797
cell_111247,16035.517165249608,-5892.405900959107
cell_108541,-2940.6022346479713,252.33172963340832
cell_14972,-3709.0961374421554,1852.2775161753248
cell_108472,-10994.564375160602,2225.9177234397253
cell_29672,-6422.531660244005,-2599.4780687749526
cell_29054,-2407.9225166299298,-2200.202119142797
cell_28698,14053.870301673147,-3681.879984060388
cell_105131,-10741.431590638673,934.8771973651579
cell_28289,-9387.535879636378,-2914.12017490673
cell_108810,10109.203530318257,-3538.659959761141
cell_28983,-8830.71987223755,-844.9677980560743
cell_28645,-7617.425604241517,-305.3209740685047
cell_110945,752.1467247442811,-482.2992251884321
cell_28623,-10844.293365890271,-1758.9404042304127
cell_105597,-12487.454171294657,1704.5715114089253
cell_108392,-8103.021807142806,1900.1256931112057
cell_114398,16356.333693978602,-4585.685580315325
cell_15148,-7260.469142395028,1971.4791898563594
cell_16225,-1807.8492908184548,669.8987588793574
cell_105531,-8352.071164003282,2380.6425208142737
cell_29303,-10056.18615710464,-2500.777017324896
cell_27956,12508.313886174567,-3889.696810977736
cell_105401,30315.49643414915,-5540.260324235252
cell_15302,-8354.232922189147,3805.8256770040452
cell_103723,23599.484499311537,-7313.4755207819935
cell_106228,-7772.56308541157,1094.014056596138
cell_29181,31455.57941837541,-12188.415053698285
cell_15289,-5101.6409876636,2240.1625771827407
cell_112946,-7616.1132823024045,2153.6290833762305
cell_14351,-11879.091597202758,3658.378366792546
cell_104766,19935.525345710248,-5064.800673942846
cell_110139,-11981.14730883485,1381.9928273023943
cell_15682,-9298.811908341439,4430.446849703587
cell_15735,-2606.5497304108662,1892.8285123969954
cell_28674,20443.1470356761,-4061.9182368425904
cell_15687,-9760.442957447147,2119.84754856195
cell_15464,-7745.910191353042,3524.2603985321093
cell_107195,-3257.960739818079,418.86857787481324
cell_107168,-10321.393451128466,2227.016668399026
cell_108543,-2156.331083759478,504.262771418385
cell_111211,-7406.715659956,1445.9309745802473
cell_114428,831.4270931817198,-1498.988788340972
cell_107100,-9059.712609129247,1529.5486189179721
cell_107862,-1144.1045300243059,3481.6049775446404
cell_106442,-6715.963773805229,2679.5144108664003
cell_113741,23307.552077742756,-6952.953414870428
cell_108570,-9930.466373904128,3133.9087108309
cell_108813,-8722.984457346565,1946.8858755113395
cell_104365,15288.299068379407,-4281.977754965724
cell_103525,-11943.94162485924,2116.9667275406646
cell_14148,-11386.08655357174,4580.702918375504
cell_109067,-6212.735435391019,2272.556778257052
cell_110085,20182.81527615667,-6529.54793084701
cell_110003,-10811.423438598145,3486.1877177623114
cell_15851,12137.513243987738,-3443.856317366828
cell_30069,20361.804175284808,-4452.2755731666575
cell_15636,4737.614502723225,-2332.06763123426
cell_105164,32335.009965698064,-4878.295437932249
cell_104409,-6295.824183313869,2034.10772754832
cell_104911,564.1372281578678,-134.04991263742883
cell_107662,-3027.5585478416842,293.09190369587634
cell_112323,3639.905786149108,-1080.670447807483
cell_105761,-7033.85276497223,1464.9781125416755
cell_107438,-10603.552621264389,2625.434886156013
cell_105111,-7981.852192383541,1186.760802996742
cell_114050,19700.3921202607,-4865.208431504358
cell_105862,22400.879224373755,-7075.003491426796
cell_103413,20008.849149388643,-5778.47134159953
cell_16139,2946.037342859934,-517.1193790238844
cell_14125,-8713.77681776514,2518.4045249188694
cell_111930,23863.553751307158,-7613.8198262964
cell_108307,-10328.739334026235,2937.980251059624
cell_108737,-4548.145992109251,950.2689327404843
cell_108274,-5824.5640736527885,1385.6928461136738
cell_107893,-7295.716840675034,1025.5803796910004
cell_105397,-10762.85330669909,3901.7915840659202
cell_105101,-10605.619775527244,4037.610817701709
cell_112256,-9917.712644244903,3559.523167510384
cell_105960,-566.5069937896492,-397.25957303775357
cell_29862,-9321.231165358857,-2558.186490532363
cell_15077,16223.232102604728,-4823.985080861347
cell_111158,-7310.418265524004,1237.1293027505926
cell_28131,-10151.91757040992,-2098.146210017586
cell_106375,19290.468647272544,-5047.717187898677
cell_111044,-10767.193674616474,2768.9175541530312
cell_113447,-8654.40600569394,645.0234633648793
cell_109016,-891.1622812048308,1354.0979169314155
cell_105020,-13123.640820847702,1984.4201616195512
cell_108979,-11859.435651975917,1903.9157620477465
cell_15090,-11250.72707052728,1641.7319654474077
cell_14301,-3233.9968637412558,2534.9536288517443
cell_107976,1954.5307315255434,-928.3698327625639
cell_30542,664.7417080568193,-2111.8134808109266
cell_15350,-3369.3480656697193,2591.6775143913574
cell_15864,16720.499050905895,-4588.681021799035
cell_30223,15071.448365824013,-3800.5849920309133
cell_108139,-85.85000323474999,-843.3191965424519
cell_106464,-7378.034788563996,1729.4884221377454
cell_28663,-10846.076582071983,-1800.5013554503626
cell_15547,-11559.898790200954,5494.168141162946
cell_107741,14291.669654641848,-4137.957515988209
cell_109026,19439.863564033392,-6437.905711085622
cell_112282,-5378.900330793591,140.67872500385377
cell_105560,12528.109503885948,-4406.4254064645265
cell_104028,1302.8197935066203,-1626.0606924763026
cell_111907,-6453.119813269867,1777.843869798973
cell_108499,-8199.999677713931,2229.6359635399745
cell_106079,6791.55971824498,-3018.7608857843325
cell_105583,-9874.809827414065,3068.52187298572
cell_109814,-13000.461570759317,1985.7699944464696
cell_113017,-10482.39640217647,2885.187048580914
cell_14073,-9011.164455790493,4726.8130128046505
cell_112704,-12049.26955742729,2310.7716067386186
cell_114371,-11879.459525490487,1708.1719994102768
cell_114264,-9326.518752138665,1292.2789675660454
cell_109595,-447.08515180202363,607.2156118531827
cell_29444,-6354.374651355105,-2243.6199235959693
cell_111936,7609.435472298262,-2016.7779859225795
cell_107678,928.8479713930409,-1328.8213741571926
cell_28620,-10942.38977198818,-2904.077910848209
cell_108456,-10864.217947789697,2447.4490952529995
cell_113687,20222.585594021904,-5639.8156481959095
cell_15744,-8484.471481847553,4666.775888196105
cell_106001,-13770.874608720267,2240.005013017115
cell_30484,-2556.751907599719,-1719.323463374464
cell_109835,-4246.555003536126,1140.9490959562986
cell_28028,-10613.924498016882,-3123.0670038854178
cell_105757,-11271.229139761661,2393.8659586737804
cell_30326,-9449.00646270722,-2261.2411934793463
cell_110650,-11444.645403040042,2516.9019519804974
cell_109416,-3780.6008008966005,1494.3956275069957
cell_30094,-5243.815719528574,-1569.02610832789
cell_110180,-5335.999736413764,1144.1148317863215
cell_15503,1582.884466546064,567.7158216221884
cell_15929,-8577.163626438472,4399.379539049073
cell_114002,-3132.837939369852,368.24228522898585
cell_104903,-13355.380848255132,1201.4914556592296
cell_110096,-4718.6254862316555,1056.358000461291
cell_30330,-9982.575791937934,-1341.5526379487342
cell_114155,-6323.692228203394,1028.6431901727215
cell_15686,-8084.154350633162,4840.128753941611
cell_104310,-9509.154942287747,2138.8984193259857
cell_113433,-413.65677320266235,187.8919366965321
cell_29892,-10812.230002511946,-2018.292759510929
cell_108708,8842.368329943396,-2578.1937688384505
cell_111900,-6563.033348973243,2194.6350199512653
cell_110300,19227.846244168348,-4975.161940114694
cell_111892,-10790.980108667747,3400.851607026467
cell_27706,-9014.946607889447,-1220.5084239703322
cell_104613,-10195.823550298028,2857.4566558968336
cell_107408,-10480.08755663273,2792.4197231768203
cell_27899,-3750.526509105528,-2235.7269590572714
cell_105394,-6301.633550398835,1830.4601626238757
cell_109644,-10538.67444061838,2583.79820914525
cell_30491,-12098.409819877781,-1046.5086203247477
cell_14146,-2964.1862454167726,2039.310273616435
cell_29819,-10778.144557306048,-2360.6166477193115
cell_113771,-3919.2437642822274,285.73962494195877
cell_107246,113.98407727972005,142.15977724136374
cell_28956,27033.42266126914,-6026.897501475201
cell_105855,-12292.33758623564,704.698889126717
cell_109996,-11546.742596461656,2390.4399153937297
cell_112112,13242.275770726485,-3802.4212209337525
cell_112073,20147.919165604784,-5333.153584796816
cell_30547,4070.4226801910895,-2708.1327658942
cell_114447,-9863.23095314312,2274.8317404141662
cell_113711,-1454.503216099774,2233.5905173887036
cell_30582,-7449.764783929797,-2647.3266978918628
cell_29806,-6602.348663058475,-1556.9294163575103
cell_108485,18268.03674718109,-6285.628874002742
cell_114573,7490.840004525099,-2084.7300169609684
cell_111272,-8419.84687144091,1505.0658287489189
cell_14942,-10009.685699721562,4468.383657475332
cell_15861,-11583.904446770575,4448.650259508083
cell_27822,-4526.935802746895,-1259.5297740655992
cell_29263,33050.82336490929,-4232.291374478533
cell_14479,-9389.714951155976,675.943161999275
cell_103657,2345.117127710068,-978.9130396422647
cell_29863,15741.73276986453,-3841.735115153521
cell_103873,21263.02721398175,-6648.4727978467945
cell_16253,-9874.141744875826,4538.579119889011
cell_105984,-11114.995514245524,4778.545488637173
cell_14760,-6669.740044164676,2744.2260556076644
cell_114247,21653.075882397014,-6159.800658836748
cell_111125,-58.18799775327992,-1088.1925562008344
cell_112775,-3215.0102566802752,1045.2424215060869
cell_114093,-12051.159470154242,849.0386553141568
cell_104496,-7061.839676913708,1308.2760177031867
cell_105963,8902.356324817112,-3930.945015786057
cell_114021,-10941.731898669424,2693.351407987704
cell_29443,-8996.403584742851,-1878.3685915288381
cell_106414,19703.83970076104,-6129.652681738923
cell_14020,1130.2666375688318,1313.9133023620607
cell_104832,6781.908297414393,-2039.5777466801885
cell_14388,-7349.460160533658,-62.85054336120628
cell_111972,-11504.002086480312,2101.946237640093
cell_108958,-9525.923550189747,1702.4032328032504
cell_15890,-1541.199947743295,-37.97571533900443
cell_14244,-5045.898673931906,2212.201776679415
cell_103909,-10319.820141317545,2847.498228118173
cell_107175,-9804.87120420538,2013.9558285991764
cell_108031,9332.418602439722,-2830.686487420353
cell_104940,19054.539028011757,-5367.668203283342
cell_105760,21630.85706829312,-7050.934093564929
cell_108971,-10131.313191105028,4328.37110982803
cell_109194,-10038.990186904679,3798.244619619209
cell_30095,-197.7467846885404,-1356.7065221119558
cell_107373,-784.8131680636615,2781.671121312193
cell_14924,-6626.4437692863,2682.3443541210113
cell_104610,1330.0194978862744,-1305.569500381611
cell_114522,-13531.899812303322,2039.9685531927014
cell_14500,-9018.449724031407,5196.253803905112
cell_106260,-3289.481674434181,408.23682946917734
cell_108074,16947.135838643444,-5573.587985123609
cell_106597,8784.538186814194,-2772.2206814038955
cell_29418,-10096.221489324358,-1567.2435522382518
cell_28745,-4409.43648030332,-1857.8412311770792
cell_108010,-8510.839671393407,1806.439919318342
cell_29777,-10404.666991972315,-3426.254626169629
cell_15727,-1880.9478371020884,1830.8846478425733
cell_27717,765.6868263831144,-1790.2158255478475
cell_29406,-1054.0892900711965,1096.8248315055694
cell_14558,-2615.3265415208975,473.39788275050694
cell_108408,-10823.964220553187,3041.9487927897467
cell_110754,5133.129299300879,-1630.28805096774
cell_14000,-7490.51699713836,2084.4900950162896
cell_108437,-11431.675163777616,2321.763579697491
cell_28796,38103.683825396205,819.502673728225
cell_28940,-9457.755350853788,-2786.054889482716
cell_28160,2358.284879252709,-2354.2439463103997
cell_15494,-9586.163406778935,5941.345346809097
cell_112896,-9768.345976302115,2953.152134814644
cell_113074,-8313.079711135219,3922.600187183497
cell_110558,-10511.319388359483,2436.8984350368933
cell_113439,-648.7712646232909,922.4881891517758
cell_113269,-9218.36483094943,915.9494649177727
cell_28576,17235.65827130026,-4720.411742528608
cell_112443,-2135.4920157547754,1119.7763976128676
cell_29414,-7791.853088226177,-1958.004951243351
cell_14756,-5933.971523867782,245.69471093600816
cell_112949,-3177.623640622302,1669.8849822139653
cell_15171,-5274.6236186250835,2287.00602732977
cell_105678,-6710.912144995865,1371.2262819220853
cell_103331,-1239.5673319160107,-549.770840662647
cell_113520,-6210.066997831647,900.7303702530369
cell_16171,-6994.460296961264,3764.5581476396897
cell_106942,34512.76418595428,-3877.024638023116
cell_107907,-10817.522541923852,2831.2185068154636
cell_109435,29468.458745772004,-5953.520209194682
cell_108782,-7163.1450575891995,914.6237254867715
cell_105252,-7799.626777571382,1512.2096224042693
cell_112758,-3273.601667533013,660.0753280500841
cell_111433,-3334.4839177417794,335.97887028268394
cell_106492,-3454.8082558147594,1533.9618918674646
cell_105427,-6914.818301054772,1865.2012384634515
cell_103346,1024.2174691905234,164.6982521745468
cell_16152,-9701.711570537862,5133.595705563274
cell_103739,-12860.2776123077,3946.3284309876094
cell_110670,-3081.4725386461614,32.93128493295666
cell_103676,22893.166961716033,-6838.569518741147
cell_114173,-12010.018360669861,2534.5170228402185
cell_112238,-11648.315940371369,409.55105296057644
cell_110089,-13320.846357765322,1127.2047010787312
cell_110272,15313.450228200214,-4431.301966005735
cell_111392,17153.239364781548,-4864.411288725967
cell_112300,-13189.439066401756,2231.9883884429223
cell_29838,-10580.04957191076,-3360.4018590022474
cell_109086,-3737.74429025177,1111.590826416123
cell_107220,-9880.688409921915,2724.1789754721913
cell_107587,-10533.352102092782,1674.7284988464523
cell_111546,-11157.095462037858,3117.9083400589416
cell_103390,-10787.130150308862,2296.5602771193803
cell_28856,-10549.715081767183,-1849.9732872862214
cell_104014,-10724.225218093074,3738.5299158158678
cell_110801,13751.953777204692,-3548.3587267868597
cell_108075,-12936.024657180356,1801.938767156088
cell_103506,-9954.291494958345,1733.9127010797374
cell_108624,25038.98852070364,-7788.412716168595
cell_104779,-10474.200820818436,2495.5545351748906
cell_108944,-9948.675549766549,1777.389857919352
cell_106132,-7536.3900177598925,1019.9532442162172
cell_113850,3426.1034858221246,-1531.3967575058068
cell_105919,-6957.713913736014,1789.702788577291
cell_104543,-10888.126433425485,997.076855678414
cell_16257,-1110.5885871142432,838.618517380409
cell_105324,-11064.588499204709,4905.910673301971
cell_110410,-2882.307129717158,1002.4235241556652
cell_108116,-10020.821287641014,1926.7412661441024
cell_105127,-433.5370412814886,-304.1719530974911
cell_108418,4023.5502417841617,-907.312626036276
cell_107449,-13037.411320074498,1829.6439340942309
cell_108068,21179.268058764228,-6767.34372847252
cell_27872,123.7369032195737,-877.3459015850698
cell_13991,-8276.206255386858,2985.586727150374
cell_106968,-7418.131621664124,2603.3146231083265
cell_15440,377.65994691731373,538.9615704573807
cell_15411,3654.628398381616,-2165.795077002878
cell_103661,-9424.47650138506,3940.99904180463
cell_110758,28759.2120242845,-6630.498567508529
cell_28459,-9100.565920483714,-2136.6442449013484
cell_15149,-9462.90084833076,3390.628184571088
cell_111048,-9007.873167528727,3505.1397601066906
cell_109980,2627.4926977924692,-1466.595312605229
cell_15341,-6569.560369117599,2469.741931925614
cell_105911,782.3253817946037,-913.285564698048
cell_114575,-1304.5035394019194,-54.77898799921618
cell_110652,15547.614460492872,-4646.265736326384
cell_104361,26395.646582401274,-7474.84909713053
cell_28854,-5851.724751341856,-946.5033725173424
cell_29629,-5523.378100698694,-2044.5641358568453
cell_30001,38212.547848508075,883.3986053481194
cell_105107,-13871.007045144877,1738.0851914154835
cell_112974,-4886.03139863637,1609.1201971192024
cell_113454,-9401.637291107185,3287.761943069386
cell_15834,-11333.139129178946,3769.5911933009406
cell_106613,-3875.2114207211685,-107.98796656493148
cell_108469,231.90043391089048,4865.357540516114
cell_110554,-11250.142138506892,2564.110276486939
cell_113094,-10851.120403367833,3027.8510436297847
cell_28021,-10073.097396365818,-1752.9416553486483
cell_111868,13379.581689992196,-4366.399737491484
cell_107317,13831.883696766534,-3850.6807846666525
cell_27723,-3954.3282028803665,-1800.1398596323688
cell_108878,-12358.196089044472,2120.1542495933627
cell_105122,-9425.888785395782,1588.234135261792
cell_107243,-10008.889492842529,3287.1598733689157
cell_104375,27557.25554143289,-6725.892737490466
cell_109091,33310.31666103201,-4569.08472124486
cell_15510,-4944.650017245293,2140.349695355687
cell_111032,-1903.0028051769252,720.3164863088658
cell_107184,-11118.611489516732,3128.283421554871
cell_15769,-1841.4954419879225,1411.1954451343759
cell_107049,-6374.76329168569,1966.6932452661947
cell_110706,3860.595448987804,-1475.4160587203
cell_107775,-7485.430558083549,899.8606950245214
cell_15590,12531.376954799589,-3461.310332466825
cell_106123,24475.78015511686,-7722.937178822095
cell_29240,-10297.968845563855,-2751.8723690934357
cell_112011,-9699.429586666687,4194.820602746849
cell_111456,-2397.727360016633,957.9959477314341
cell_15203,-11852.912667358105,1877.0789468996634
cell_104789,-3290.7252405557288,767.6820058503146
cell_109715,29167.592814974145,-6646.353905014232
cell_106700,-4768.862618785977,2232.9955543411807
cell_106978,-11159.997549173824,4724.597857969313
cell_109995,-7404.526504641936,4579.555230675906
cell_15800,-8163.984707518667,4239.148220976413
cell_14168,-9759.068883209457,5018.357596706771
cell_27930,-9945.30833366691,-591.5932944579991
cell_109213,-2471.801425962877,823.248464635833
cell_30443,-7404.527678647371,-2066.46761171476
cell_104382,17229.755414163435,-4448.726173236237
cell_30164,-9841.129211421225,-1812.7717531376138
cell_114515,-3163.000858539816,639.0754071905618
cell_105452,-10928.152061232064,3522.7711232923925
cell_106136,-13643.167860621877,2230.8343768279333
cell_29592,30372.739414455355,-11147.292887815769
cell_14373,-9537.340747409997,5461.063995548954
cell_106309,-11282.158846715674,4230.737961927355
cell_15115,994.3836817499515,-560.4487161806139
cell_108227,-1768.0250270365616,2255.4204989786144
cell_113664,-5622.91452510208,838.2936228016267
cell_29061,-8375.406380789751,-1730.4882946919813
cell_113640,-11384.184035006867,1590.4522184747505
cell_104618,-2300.381048347605,367.5281122307738
cell_28193,-482.0699330322504,2637.4211550914115
cell_110339,-10990.545036148817,2173.1114303627423
cell_28239,3871.148940635396,-2414.7184118562514
cell_105681,-12134.107525650941,1713.9254619916808
cell_113019,-9489.782921256585,4397.335817085804
cell_114205,-13315.865323143385,2051.427194721299
cell_15096,-5867.355230201408,2955.026140938269
cell_107665,26945.9703808083,-6204.841991657145
cell_113634,-9978.168654300878,1356.1353451083148
cell_15293,23547.803896282127,-7181.172150251843
cell_106281,15944.151314438213,-5382.436304155732
cell_29130,-3661.086695126992,-2240.1666984297512
cell_113364,-12755.5709902539,2741.4314096996877
cell_29334,24301.494793289294,-7572.65855833915
cell_109886,-4441.305394739894,-296.2297202047496
cell_28348,-11515.010168023142,-997.1496202558967
cell_107820,-6784.269502201156,1058.4819324275404
cell_106790,-214.10623312197714,-662.6765857640042
cell_110547,32451.576279874742,-4653.704786004594
cell_14386,21164.66360787053,-7114.9926668407115
cell_104975,-12001.075911612777,2178.0582465816096
cell_15925,-10485.910030926578,2149.7607664695474
cell_108390,-2540.4866807969224,57.78109780134318
cell_109754,-9639.323198979733,1926.4543399409777
cell_30108,16494.539128913264,-4846.396652496205
cell_29775,-10969.234175135782,-2953.855366486242
cell_30147,-5719.086885232624,-1913.1550836012386
cell_111157,10466.11246847297,-3177.5960806073895
cell_105895,-2780.685422618502,246.3605966943716
cell_113218,-12200.769046384505,4478.999351722601
cell_109542,-7986.105065431641,1429.6398493905747
cell_106926,-3031.1298413434297,-88.48930297926724
cell_106639,-2689.4961578976126,2137.441518992319
cell_110437,12431.447384909085,-3762.4912952417485
cell_104119,-10981.690272677622,4860.3555109792305
cell_28990,13486.612589800785,-5005.306891251855
cell_30537,-11091.817105143473,-2535.3071674830303
cell_16172,14834.852252304368,-5444.93526734434
cell_107830,18406.796364888865,-5715.634619767075
cell_105904,-10832.31543858813,3308.4600642333726
cell_111374,-12743.015770587615,2355.6056548666525
cell_14353,16842.439302720606,-4602.901324934556
cell_29919,8048.630227301851,-3274.6776140625607
cell_29213,-6649.722123319539,-2904.145364810916
cell_109897,-12719.19592184461,2025.455229818122
cell_29857,37896.83894046857,587.8475225915222
cell_110381,-685.3065069719461,-138.97940749343562
cell_16011,524.4757396149778,-353.4844530924565
cell_106929,-11900.449326600912,2314.735687378479
cell_13986,18302.976490422072,-4698.052445401431
cell_109058,-12045.133496118715,2262.9186942797296
cell_111991,-1439.6986617490038,9.443108988233556
cell_27821,-11118.15821317684,-188.92583791288476
cell_109291,3041.8429753485666,-314.144143189681
cell_109089,-8499.777842542002,1090.2767772669793
cell_108022,-10543.464362630468,1619.8286210514168
cell_28642,-9264.204808119628,-271.2074502507732
cell_112959,-2554.262466708728,1604.9505657713912
cell_14584,-9121.174253025207,2996.256983165019
cell_29037,-8931.844978498137,-897.3988521042297
cell_14096,-423.33061112186675,1232.1395150800222
cell_104468,611.7943121409671,-686.8626136788582
cell_111052,-4523.267142827835,2025.4029503270747
cell_29827,1243.5814255418006,-1982.9063178222443
cell_111318,-11547.164339104507,4184.298848575984
cell_107345,-3892.513263470455,784.6565693011266
cell_108798,-11417.153454708952,2192.4616805145183
cell_14053,1302.6831669793041,-430.90705056967107
cell_111010,3055.304414441881,-2141.6869452068495
cell_114131,-5352.552122833661,2623.829205694526
cell_14414,2115.342474695897,-346.55334335616885
cell_113459,-3613.203698495193,696.9210103638552
cell_15733,16841.860075972156,-4664.478059490121
cell_111276,-11430.712965298513,2976.087369376999
cell_29449,-8279.281688747285,-2774.1132288870167
cell_108356,1743.0791934731171,-588.539503157468
cell_106828,19071.160738524686,-5149.974631535286
cell_30219,-5339.275721534935,-1538.6811100428836
cell_104711,-12734.28909238422,1507.128397743622
cell_113114,3514.004259062154,-627.8920405935575
cell_110120,-11385.008814685345,3204.9278111761278
cell_16093,-1117.1400114245548,791.0678463624644
cell_110072,-10936.885877408798,3745.7444153055917
cell_107926,-8344.174368150503,1140.4577185740206
cell_114004,19076.237844078136,-5627.482685733037
cell_114494,23600.798990950596,-7089.952710923131
cell_112361,-5173.429836378735,1791.0327858551964
cell_104467,-9726.308366941625,939.406285122525
cell_109611,28125.32132671602,-6038.815203208184
cell_111019,-2423.6539013446068,1289.4370852872828
cell_105661,-13394.200817584966,2797.938902048537
cell_14954,-4129.275888013007,1764.2062670141036
cell_106393,19739.8081926735,-5173.067866855462
cell_29373,-10918.662755767362,-2322.888663240901
cell_105051,-7825.761454319276,3354.389286111566
cell_29286,-3302.5011952221707,-1244.1714928965332
cell_111115,-14022.994756621596,2020.3464919149822
cell_110245,-10693.967238803787,2712.936745411621
cell_107097,-7205.760959812056,1493.4641776654362
cell_110660,-6239.367205383182,1750.1332337748495
cell_109780,-9943.440609498819,1490.9992609292228
cell_113298,-13440.642271656276,2393.0736954472836
cell_113884,27767.10753884011,-6103.919750791819
cell_110145,20290.12350885774,-5418.909482228466
cell_111757,13599.759608080065,-3682.261327113184
cell_112057,-12031.232983107635,2644.861435171143
cell_112125,-3134.981458556529,418.0939943709809
cell_111034,-13188.624885893041,2024.7434846171222
cell_107824,4528.860914419869,-1827.941469958324
cell_15459,-2657.335269439825,1162.7621779462268
cell_105102,5652.607755420508,-1245.5036566074193
cell_103347,-11365.473022676091,2152.433475016936
cell_27870,23928.67385021798,-7860.017671708278
cell_106710,-5488.890701737396,1890.3327013885726
cell_14152,21619.75717869694,-6027.210538752312
cell_111950,-12090.688131837163,2313.1951435262754
cell_14863,-8409.914974723546,4380.814265944667
cell_108523,-10014.31683314449,828.9037535401623
cell_110175,6119.225020824399,-2892.3463577094717
cell_14004,-12060.467949465852,1446.1117441375306
cell_112921,-12781.121240485349,1833.5501203292056
cell_108201,35286.314008630194,-3126.7200656003943
cell_14401,-6490.454062092979,2424.7285068929377
cell_14777,-2873.8120277641196,154.53632469674952
cell_110287,-4900.384968370812,1816.1318874008764
cell_28816,-10723.55705298975,-2225.8572746914783
cell_104363,-1978.0415858297815,-400.3721416907515
cell_29670,-10982.321992656505,-1198.1937451428041
cell_104293,-5181.909511182307,1144.3520375007492
cell_27773,-10792.782004754092,-3324.0849201751043
cell_109743,-4216.744529550724,565.7745861000338
cell_110147,17875.057878289375,-5223.499382773671
cell_111038,19.326277243570015,777.2218510609814
cell_109351,-4371.720214176112,1030.2093928223676
cell_29676,-227.2795398746174,-1961.3684370988128
cell_105498,-9368.669167006143,1618.8145414889243
cell_112480,-882.3410154714658,1276.6277416793826
cell_104865,-2408.7088211310365,510.3322486505403
cell_103983,-1536.8589841229898,2353.641554037446
cell_15805,-10063.879293282795,3412.2920110843984
cell_109210,-5110.154384886173,1460.524210150732
cell_27730,-3101.2263669553467,-1509.6201562896813
cell_103315,-9906.480581976974,5477.437992054831
cell_108713,-10183.978686151799,1698.6748506238564
cell_107813,-10327.78061093422,1376.999317756415
cell_106394,24587.72495001897,-6931.963955322262
cell_108690,-9288.949219649641,2669.477174451641
cell_105158,5811.804997176232,-2472.6070164813564
cell_111073,-10721.596579438077,3212.0495911745493
cell_15721,-9591.196745048932,2444.7618827374463
cell_104877,-1587.5496155217531,-248.52756707896106
cell_29885,-1326.6435873962419,-582.891421645173
cell_29093,-8749.659179442535,-2911.460681982914
cell_106461,18649.930541397196,-5637.723520171618
cell_30387,-1674.1224390700504,-2015.1105202692731
cell_104794,-11323.026936108861,2970.717296607442
cell_104156,-10478.606963775039,2736.3332165690554
cell_104233,-10808.03745239246,2894.963354974677
cell_114481,-9876.866424366228,2596.4969742118374
cell_113450,-12558.992601735345,3011.4154376456586
cell_15407,-9303.02859398372,5260.713186686358
cell_30327,-3204.534629338026,-1452.657889263989
cell_109263,-6962.8369843315,1938.5234421169655
cell_112186,-7972.638001827734,1888.2945810408032
cell_16107,-7365.606042870836,2276.6264765732517
cell_112170,-779.7995823706766,-254.94819210019324
cell_107232,30699.054756406855,-5323.219545140461
cell_108015,-8244.873543068428,1755.1502709463587
cell_108309,707.8835767845003,-640.3230101919305
cell_30042,-10172.285734141264,-3391.5065329390873
cell_112330,-5541.884682491986,1245.5335964901822
cell_15843,15016.941535927672,-4519.935954351173
cell_111354,-8240.312560668184,2318.966325285396
cell_113300,-8139.111936844969,1200.5287594976837
cell_28945,-9082.572898623479,-2309.033249875997
cell_30041,-767.6728570117799,-1346.0550164784793
cell_113788,-11346.957010798274,2038.1736842093953
cell_113107,13432.630641222393,-3838.5468965991495
cell_107216,-11735.355782970773,2582.0447008356336
cell_28051,37559.92617876817,50.02194779056856
cell_104659,-6518.933122880779,1443.2539665664356
cell_109523,-11038.214341924073,2438.749620759423
cell_109541,-10960.894107611086,1582.0777100289986
cell_106907,-9575.954152444165,3271.320268261237
cell_110385,-2126.4771216018653,2734.3749885348384
cell_14974,-10937.946316971234,4446.6574393526225
cell_107576,-5739.2653662105495,490.99795400988904
cell_105616,-4528.8350566192485,1483.3606720517482
cell_109999,2443.6706922226335,-1539.19454257621
cell_30336,-6275.564442335294,-2181.407193859896
cell_104675,12934.365896792599,-4322.587410789182
cell_111041,-1514.8431191260613,2050.516605355809
cell_106956,13193.600612572855,-3619.602861074364
cell_108093,-9006.790499021337,2823.9615733736437
cell_114348,-11834.128613185865,3397.976560083515
cell_105917,23652.51187922811,-7224.658622322477
cell_111776,-7151.66631356256,2375.903516960323
cell_114285,-10876.319976537308,2985.513137315812
cell_111714,1265.0125129805645,-610.8772240662882
cell_103939,-12593.102178851555,2121.439640376425
cell_27893,-1165.5510880617558,-1088.5498616586221
cell_112633,-10701.6209795045,2053.3753862469785
cell_110983,-12165.421373415387,2333.9132958806235
cell_110302,-1357.340610070712,66.27193240916915
cell_110820,-5413.154788998015,1428.6749408032374
cell_107442,15280.5691485105,-4332.618729200952
cell_28451,-9082.713993957756,-2803.979156087897
cell_114370,-11726.811201375927,3212.0652621121994
cell_109682,-13673.637045490968,1566.7156033395718
cell_27780,-5799.777819784025,-547.5565226553524
cell_103769,-2038.270834426556,-329.03611898985685
cell_105899,-11663.308017894113,2873.803939579807
cell_105656,-12909.894281102923,2190.1444365303782
cell_111827,-9667.996627256549,2639.9727321227992
cell_28094,25446.105054199208,-7935.468324395698
cell_15326,-5267.632982290355,3409.1631762290153
cell_108882,-12944.202426838068,1859.4950486884313
cell_107105,-376.5779855610798,3905.44133237594
cell_29723,17567.80783482935,-3787.810598854589
cell_104325,-10443.952751839299,3134.441382008823
cell_113291,-1485.5161773473799,2233.3404106101484
cell_14161,-579.6903170247745,352.1050917326254
cell_113264,-7733.140020332831,1323.7087434448106
cell_107975,-10903.203720946225,2623.379415958025
cell_111333,-5169.5322299590825,98.17278595140067
cell_106022,-11261.660188074975,3086.978045582966
cell_104490,-10305.232244771069,2466.586323182965
cell_113659,4466.558940315708,-893.0420338619654
cell_16103,-2640.009331901427,1272.8094060021558
cell_113475,-11455.231571782699,2181.179736430815
cell_106286,952.7028343434439,1318.510384943222
cell_28304,-10720.964553591866,-3440.183525585243
cell_104732,-6099.7047086923185,1644.7233463567475
cell_111859,-4560.163636505741,1152.9966608700565
cell_106751,20716.25054529589,-5621.156095429098
cell_28986,-3256.781802250734,1070.9042495429608
cell_107150,-3009.5141562067847,823.55777767767
cell_28248,38514.74744144869,1223.8351638647237
cell_108179,-10769.920853507161,1318.3969436676468
cell_29425,-10104.148260096545,-2430.7636043181033
cell_109003,23355.240304629584,-6395.02319597211
cell_106355,-9264.44126967759,626.2695505190065
cell_28649,-10022.514258814901,-3142.056784824101
cell_30576,-11117.83990342997,-3082.779945987834
cell_105499,-6941.051666290092,1312.689713903321
cell_111725,-2450.513611613868,-97.39933738818395
cell_107551,25946.382512280234,-8499.702209112857
cell_107235,12214.503649918515,-4302.549386791345
cell_103366,24467.92864794265,-7379.88854219393
cell_113836,-12185.426055911708,1971.132665514097
cell_103351,-11763.343776767877,3129.0402645968375
cell_29621,-7546.172372418969,-2540.827456232425
cell_106474,1497.4083473405983,-993.154967984837
cell_27818,-5177.506303104054,-1375.5167250145398
cell_112043,-12832.236781594407,2126.8312924565234
cell_103539,16932.754296600393,-6054.5360063375365
cell_106029,-243.97794305681686,-918.5749204649068
cell_110540,13860.484803887057,-3763.0808683587697
cell_14731,-8289.893623243066,4567.429413051411
cell_15548,-9200.981025510948,5678.0290220208235
cell_105813,-9086.721363322129,1262.2041501934582
cell_14803,1578.657195552995,-619.71640874979
cell_112926,-12722.868181410007,1862.6099374730175
cell_109378,-8353.367996780562,1924.2321363983185
cell_30482,-9433.181344896886,-3173.6474199490845
cell_15490,-11686.849881190332,2089.636680430463
cell_109806,23517.100307063207,-7411.054397665524
cell_15592,-9056.72300770833,3437.809148468908
cell_110244,-10292.283459502112,3499.1978986249687
cell_106747,32866.643956118416,-4202.823051717441
cell_110216,15514.042307945843,-4904.362640112196
cell_111429,-5255.080005423569,392.54080703263713
cell_29154,-10194.524072800665,-2543.1715206645495
cell_114291,-6507.465787428976,688.8390464711131
cell_29039,19918.71684551875,-6324.951514344672
cell_103834,-10524.769751021417,4446.110316172089
cell_28742,-6702.615174196709,-2084.0221505510967
cell_111161,-12800.377707864445,1501.2224055037843
cell_30163,-9924.928294198702,-3182.39992401413
cell_103746,-10629.022307051722,3644.0209484966576
cell_107456,13422.18983937927,-3687.1131607227526
cell_28420,4575.6291340285725,-2334.2727178462756
cell_29794,-12011.305657960722,-1337.4886735787793
cell_114114,20552.559510419225,-7457.776362096713
cell_108378,-10846.05215546946,2947.906936935776
cell_16208,18428.56631963147,-5066.429934358211
cell_15835,19197.74505950215,-5497.098388252643
cell_110467,21422.907518129083,-7217.826368219746
cell_30448,-6520.1520790393,-2480.3267785344938
cell_112164,12555.194504914347,-3702.608207972717
cell_107122,-12417.225670195772,2191.705481213341
cell_108639,-8430.284169894043,2460.919656880057
cell_30394,-5123.724885403332,-2302.0497701662666
cell_15025,1034.5200855903481,1206.3346880012411
cell_104154,-502.4140998137574,391.5123190404568
cell_29886,17694.18491620363,-3721.9024582387974
cell_109143,-12262.464904637181,2400.4372732640554
cell_108556,3941.3239741080865,-717.2305758677502
cell_103447,-4068.511733588253,631.5580108797393
cell_29788,-4234.368927060392,498.3938195895594
cell_28087,-6957.7999758676615,-1033.6417879047074
cell_107750,-12725.176256135637,1970.578681186907
cell_113354,20588.603984726524,-5463.322969893927
cell_28754,-10669.748115584145,-3444.080486870544
cell_106165,10838.833217672693,-4182.66910903298
cell_108427,19744.657385503197,-6477.742747446442
cell_114429,-9559.8713449442,4110.038029717456
cell_114446,-11625.592749703426,2790.3051719578193
cell_104802,198.15027601606937,1043.4943915274353
cell_112020,-12652.305175984266,1983.0867625988278
cell_106459,-10270.442237619096,3235.569128730433
cell_111481,-1317.4202387538703,603.5150889723734
cell_29279,-6900.960820637856,-1862.3019915071443
cell_29743,-11236.83622187122,-2104.184365847244
cell_108258,-13198.508335576475,2524.071417924043
cell_110013,-12628.4276479785,1678.4881190317985
cell_111937,-9954.286508746512,2431.2903233168736
cell_107372,10023.661933768288,-3051.3825620179678
cell_108590,-5232.159403602747,300.9587811064324
cell_28537,28012.840378528163,-5967.9547928701995
cell_109832,727.1252065702679,-1280.4576056003004
cell_113541,-9166.664888220701,1466.9905160870553
cell_114126,16337.178287555867,-5553.221781451078
cell_16244,-9453.683844391839,2953.384299491753
cell_110894,-11579.544718218449,2327.0368177735395
cell_108246,-4268.373949774454,626.306798536089
cell_106798,-11106.897573616576,871.0967410740659
cell_29767,462.6017874167764,-2131.7103283853853
cell_27760,-9718.996431259113,-1584.725888051715
cell_28346,-5538.605489199268,-2354.0116431138704
cell_29805,-11135.371822462874,-3150.668221576781
cell_30385,-3442.6403913585004,-2232.035650190892
cell_14037,-1093.514597859394,1116.0277316979707
cell_109425,-12029.565771270993,2376.2947616728884
cell_110965,6681.224372484926,-2183.1551520930648
cell_104362,7558.385598827709,-2503.251431280279
cell_113383,-12169.77474889952,1750.4361403370644
cell_114524,-2785.5093955119637,688.1881181111215
cell_30377,-5065.57233078264,-1113.1174786465656
cell_114128,-1221.4759100229542,2289.3957356361707
cell_28073,-10472.56070088872,-2051.3612723584565
cell_108762,-13065.876086888533,4122.430018369703
cell_105826,-13812.61722678075,1483.2537001370063
cell_30157,-7899.252310943457,-1219.1563767449531
cell_103618,-10121.262940050256,3461.666886805216
cell_29421,-8479.279276237858,-2333.565627975077
cell_113948,8065.210805109921,-2707.605094291835
cell_113942,-10930.921997099018,2608.9549025553592
cell_111322,-1554.3546913714458,1149.3934548112722
cell_14827,-7950.780103684296,2895.925818357989
cell_111516,29895.737607236395,-5774.593217829609
cell_29046,-7708.489690990021,-2203.3484580311915
cell_29947,-6198.4266431941805,-2362.682999108105
cell_105836,-4784.283208264486,1618.5031996237149
cell_14579,4159.242856759136,-1106.6594216032065
cell_107399,3108.057867396455,-1830.7656035007137
cell_113914,-3384.5264814349093,856.6285802127744
cell_107430,29444.49330519464,-5896.257352294425
cell_114152,16877.531550422107,-4903.394209107735
cell_106620,20593.15852465181,-5765.273349821655
cell_107945,20463.259540075487,-7421.135627032768
cell_110128,16198.548279213926,-4332.408069997661
cell_107023,-2903.525209146511,-148.5612827280437
cell_110920,-10465.068925546535,3722.0672380985397
cell_105192,-9065.805986062109,1836.408919557987
cell_29040,-6019.277599416397,-2294.370063424388
cell_29106,-7080.644059733971,-2472.8420020207936
cell_104845,20880.223375192505,-7352.589717624652
cell_114123,3225.047400459083,-886.8938753377261
cell_106571,-4027.2296017724284,672.871952396337
cell_107314,1772.409025710427,-947.4870981211078
cell_104319,-7424.440537455655,1544.7921594932518
cell_14410,-9526.677512280106,5360.975122284746
cell_16192,-11763.416783419003,182.5362026815086
cell_112217,23419.29799550827,-7603.665968036616
cell_111700,30816.226738751877,-5462.141550493891
cell_113650,1838.8537276085285,-1625.5426108978234
cell_107984,-10856.192504708273,2743.781723664958
cell_105171,-13453.12968985779,1971.4845571608384
cell_106460,-704.3955152309379,485.0862328152758
cell_29404,-8664.056994961324,-2595.2513173003845
cell_108105,-11365.439472450682,2195.5348752886835
cell_112042,28879.029263297427,-6028.576318822602
cell_104577,-11901.81950899862,3163.538278773191
cell_15139,-10052.957193859687,5762.569947151323
cell_107073,-10685.4620975726,3038.593280737332
cell_113197,-3849.4946863036594,771.8229064728582
cell_113941,27548.839777252364,-7372.776900074978
cell_14774,-138.93070087522705,862.0193605225592
cell_111611,-9848.801488032776,3076.012198329325
cell_111983,-12113.361355363491,2596.488771935368
cell_14606,-8547.684404703694,3826.520454564446
cell_103672,-11935.173143250197,1358.785043062127
cell_103944,-9391.788845712601,2829.695812501558
cell_109568,-5438.374469468423,1568.8536528354211
cell_29596,-10641.34789975468,-2838.660286428012
cell_29752,-8063.03516012569,-2169.5662351837987
cell_105946,12182.660015651256,-4071.927954642627
cell_27859,-9829.323726173454,-2276.4312645929267
cell_106523,-12494.84889941916,2181.149702610402
cell_113302,23865.160847530846,-7092.665671882662
cell_104734,-11453.281595488657,2686.2328142630276
cell_109582,-12350.84216019716,3044.776596807053
cell_14484,21191.315866965026,-6124.347932704533
cell_16173,-2010.97821272612,2266.3658303433735
cell_104977,-10650.884246630816,2538.3206517589138
cell_29245,543.8185672220859,-1724.0813155506028
cell_104812,33246.58738354242,-4636.019374032323
cell_107553,-12260.754150044573,2614.788888051272
cell_110238,-13562.94920146314,2092.9404306232846
cell_27881,-10692.93065396308,-2384.0677101658703
cell_106502,17088.400986574994,-5414.295387472738
cell_14602,13820.009501144259,-3956.3036557034284
cell_112128,-3652.3327495758654,771.6469979991643
cell_110613,510.89207487444503,-853.980810188098
cell_28509,-9596.994218366763,-2979.4787881295433
cell_109437,-4279.552512512133,1544.3405101751118
cell_107128,-13915.891915261936,2056.505833580061
cell_109557,18387.191230916094,-5091.873306391988
cell_107033,1346.4128458007583,-1371.2974605227203
cell_113883,-1259.3315558848828,1103.599707516999
cell_111731,15541.688924518254,-5235.8555692710015
cell_109265,-12046.880042381152,2064.5152013169863
cell_104898,-2447.6268802016293,-193.0076739335452
cell_30228,-4091.012719083876,-1035.6319286651792
cell_113524,-9309.421114203493,2536.5231449614703
cell_15706,-6470.955989971505,4060.7295278464676
cell_106729,-11790.530306137913,2914.9386248466344
cell_109456,-10488.778835410889,1918.5130117646063
cell_15045,-12052.506106819546,4000.0027472604424
cell_104584,-9435.95941346266,2598.984382390421
cell_111233,-3682.890689822521,1014.7028085490532
cell_109360,14525.526556964078,-3729.617148613457
cell_111816,-3403.6971323167118,504.62080702899493
cell_105186,-10568.133832211122,3001.587129454947
cell_107040,636.8600304303034,-155.07591853070238
cell_113661,24428.570618167687,-7600.261784276499
cell_106087,-5836.193333935456,591.8745187242035
cell_105042,32554.72576615955,-4914.264489115655
cell_104300,2851.284395933585,-1807.794812299107
cell_113629,21742.358775298668,-7173.795981905756
cell_16281,-9479.220080398161,2634.83186676328
cell_29047,19321.44922634736,-4303.047515813278
cell_112784,-10829.772542453198,3433.8412939215445
cell_109123,-13341.202610299342,1340.3969042843921
cell_106392,220.95540455222593,427.6279565153667
cell_113305,-1564.1384634173792,314.4825477755523
cell_111696,8230.425012259737,-2926.73912825545
cell_104241,4005.2601327702127,-2232.2907284163985
cell_112097,-1265.4290267307483,2303.681041941613
cell_109145,-11156.250301000166,1523.4629551523092
cell_27742,-9830.725381677628,-2466.0552035240353
cell_15893,-817.6311392611332,1047.330048958278
cell_112660,-12823.70270230574,2585.609124972713
cell_30471,18461.735408431552,-5052.854082719859
cell_106494,-12574.02714450324,2594.55112072786
cell_104212,13860.602875074524,-4266.264941699065
cell_108489,30711.248892699074,-5462.222744294666
cell_107143,-1307.919804057119,64.8584983011664
cell_110091,-6356.8734541085005,1167.3337154487165
cell_111451,-815.0788977759348,-157.98044510489325
cell_13975,-10526.971005219455,3512.1224759775923
cell_30418,-9760.981879208804,-3358.084630544687
cell_30355,-9087.897041723518,-3111.61041976266
cell_104440,-12556.052012540884,1830.0622685036417
cell_106215,-10685.217187375609,3733.616218897985
cell_110924,1747.34947537943,-766.6467972145383
cell_15652,-6703.054691110888,2374.9012927078265
cell_15939,-11209.21809068869,5213.992984442219
cell_106992,19758.688706085297,-6510.023385078743
cell_105172,-2959.845228166211,1775.0216191724737
cell_113670,-13744.858593807145,2165.4033522030063
cell_103458,-1166.637793586464,1278.6174468271279
cell_104782,-12838.43260282243,3122.70698210831
cell_108325,-1051.4018441256178,-455.89714342336396
cell_113437,-13715.314802545425,2038.2316847353113
cell_113609,-6638.488119942165,1347.5156714398133
cell_109553,-12440.855933934688,2488.339365740587
cell_110415,2687.8373023313297,-2066.312804597063
cell_15477,-9755.479553905132,5281.096893467614
cell_103574,-8625.196008637096,1525.314944031143
cell_111758,169.67923079489427,62.015472690834855
cell_109332,-11215.690415205858,2786.537722296666
cell_28461,-10472.458509208916,-3032.8987235455043
cell_104288,-5258.18611883451,1345.7878254211112
cell_112413,-11943.928910054563,2148.175599771052
cell_109139,-9974.277614325358,2601.8588800851676
cell_110433,8811.881150363653,-2863.263931064253
cell_110116,-12654.132830720557,2087.280703780071
cell_29163,37376.92591746522,-895.687956851047
cell_106493,-2962.6894318634477,510.34603653872165
cell_28768,-9641.224443688903,-2977.2015827755386
cell_113058,20085.864592847876,-5904.897700036314
cell_110846,19186.504467912393,-6136.463190886004
cell_14313,-9983.477095879442,5349.683910739332
cell_108962,-3989.6742945670694,775.9938285320358
cell_107174,-10799.320705964596,1930.642235573997
cell_103984,20141.028122112806,-5365.032228367493
cell_15416,-7842.662894618955,3158.840196373343
cell_112056,18750.161608101957,-4309.727051431082
cell_30334,-9092.207730193875,-2988.3888823768452
cell_30103,10422.731369609239,-3520.361564887981
cell_14623,16484.974456430118,-4685.039579083593
cell_111396,-13409.934032061985,1643.0382633668205
cell_113222,-8790.731833176676,2209.225228953925
cell_111412,31596.579549913597,-5186.002448654734
cell_113292,-8774.02130401144,2608.1642924383173
cell_103468,-7899.103087358863,2403.231010249898
cell_107043,19014.49231575149,-4773.889808636188
cell_15333,-8972.801976223955,5128.369904244139
cell_106292,-10970.918482589197,3501.2177961404495
cell_27799,-9485.170199958677,-1697.1157245765162
cell_113215,7318.3077065258485,-2898.398728203354
cell_29962,-4278.46765784914,-2013.4202102812355
cell_113611,-10479.997541644334,3392.988910360216
cell_14430,-2020.466262744455,1412.5398901932865
cell_28100,-9350.09038922399,-2123.8365623683967
cell_108097,18120.24360953501,-5650.126154535774
cell_15175,-11595.35190244241,4308.215050385847
cell_14655,-4026.2765600402677,2386.8661972036275
cell_14241,2709.1830898710864,-579.6375202796005
cell_112807,-9775.1060251876,948.706070541495
cell_27887,19238.087428644176,-5051.683774531758
cell_14719,-11094.49447442887,4895.860647440389
cell_109295,-6749.440307061565,1050.9757263003041
cell_28111,10849.822678624218,-3756.008760732052
cell_15313,-10112.07167561046,5191.0245693460465
cell_104574,18645.929643422496,-4513.201112020227
cell_15619,-3773.980547632953,1836.3199032669836
cell_108099,-11003.12554690246,3224.821108131531
cell_15065,-8958.118559914808,3260.1904679013305
cell_14044,-6318.857594453188,2850.7358561846013
cell_29337,-8903.947641821873,-1666.7488561536313
cell_105442,-10566.807636016938,3241.6017255731363
cell_113526,-10719.209182274972,2528.618687206532
cell_110127,17016.611608805386,-5265.138888441586
cell_108539,-11002.29125994422,5263.921826121028
cell_110084,-11788.263757746512,2559.902608847985
cell_14014,-10315.620531367475,5182.670957816697
cell_106606,-1584.0444397822362,69.95465390953342
cell_107109,-11106.563272651052,1270.8391600702512
cell_103434,-5487.368702337753,550.7322461018946
cell_105303,-3881.5010090415158,1199.4865475419024
cell_107213,-12648.775209102854,3098.1538609060335
cell_113896,-12734.364150377492,2552.898140302195
cell_111390,20434.703665081775,-6430.397370423494
cell_108324,-2569.4900962020406,259.84953266933525
cell_108120,13468.601840211953,-3767.556370321413
cell_114255,-13397.1685411142,1372.3081622346813
cell_104466,-4117.210367335342,1424.1078944607584
cell_114353,-4180.505152529971,177.15214512262315
cell_110443,22218.886424000517,-6481.520765899061
cell_110676,34632.50104780827,-3739.9250343519875
cell_111327,-12573.99180858637,1174.2740270715835
cell_105390,-1406.051699595117,296.4871986375691
cell_112506,-12382.501449711288,3085.1442997816184
cell_107841,-10471.60119270783,2321.031686822807
cell_28418,-11286.344362367488,-1580.0674853006158
cell_111831,-10754.904542650533,2312.309248036082
cell_110579,-6845.739974653074,334.65161104657375
cell_106241,-13198.61112204599,3592.3108030875123
cell_107217,-12208.693536016695,1831.4761189858116
cell_105317,18062.52678049693,-5448.2842641199895
cell_29963,-11338.160101164092,-2106.8486107689114
cell_113671,-10762.8389351582,2869.231047671382
cell_14149,-1660.2873955906807,2181.716692481901
cell_104524,-4473.957410740818,1137.6029849021127
cell_112520,13395.671985103829,-3622.517309668285
cell_107991,-442.5121137854667,-896.5936766827792
cell_105924,-3858.2340385055027,256.6616099199111
cell_105566,22347.74194875917,-7230.824926598666
cell_111304,-8742.883332652353,1784.1838175066118
cell_114555,10666.386300537164,-3068.7555514298992
cell_113834,-11568.11780392125,3163.001218846005
cell_29835,14437.725094358957,-3543.09518050034
cell_111848,-3878.4016824104137,658.690068370498
cell_113196,-7154.264230813066,2332.2924835706735
cell_106223,-13652.404811764976,2487.030611819583
cell_14940,3858.8538211872424,-1157.9007120276665
cell_14164,-9893.706429718688,3285.6353253588127
cell_108167,10259.630733506692,-3020.238665291452
cell_106467,-11919.080112619711,2084.2447868181675
cell_110951,-13083.760019857426,1621.3451173066344
cell_104172,18591.703278965175,-4762.115040678857
cell_113725,-6153.608532307396,1823.961331692027
cell_113878,-11110.182282253016,2324.9810487921045
cell_14608,-11990.36699347889,4163.860122497275
cell_28339,7803.814317155822,-3096.9944710498016
cell_109954,-10453.386790074588,3044.105054015687
cell_103839,-5460.326656034568,829.3084532747002
cell_28364,-6560.287825782987,-987.0080677730007
cell_112825,-4263.0682536874065,2368.7568496567683
cell_109618,32026.48502477299,-5053.093415535338
cell_28691,30398.11988097561,-11019.064632694015
cell_105863,-10391.112708549614,1152.1767517664439
cell_106764,-11575.792774474734,2712.3628701564085
cell_109839,-6484.963239306078,1278.8419502181853
cell_109791,-13671.066140734803,1781.3399351910623
cell_14395,1402.0723495533518,316.17058593299856
cell_14290,19863.64858803192,-6506.792688857426
cell_109238,-8893.795311412727,2548.035237493407
cell_107796,-9917.68727958047,2358.042958065873
cell_111958,-9662.574333661858,3089.6713903629106
cell_110024,-10118.493604109832,4110.705172741208
cell_30421,-4534.378935105137,-1980.3472540444682
cell_107814,3392.3815140203087,-704.9678290066798
cell_105612,-7625.743695159283,2695.6049996056086
cell_114146,-12692.229591118981,2572.8651606344743
cell_30633,-11304.20914603202,-2152.104365159823
cell_106275,-10788.41530216022,4372.187039431899
cell_111227,-10421.800584454317,1369.352546787562
cell_30255,-9496.155803306245,-3508.3611570712533
cell_108285,-4338.836546700323,595.9651416183957
cell_104708,19970.30610843605,-5086.710085364473
cell_27839,-10142.617588437532,-2505.067780675863
cell_104555,2944.277392594825,-189.83731350315443
cell_104511,19509.222865151045,-6375.453297426626
cell_28710,11780.455183338494,-3649.8724258326015
cell_114321,21468.28199490212,-6638.075892305273
cell_107238,10634.930591917551,-4021.4361317800726
cell_104814,-3122.7053008139433,231.4541634727744
cell_110653,-10477.307894402646,2696.4147323192396
cell_114560,-1483.9347830624306,641.0593287641973
cell_112354,-10139.602769593623,2920.896163622032
cell_112630,-10372.905994575298,3484.1111052333704
cell_14088,13521.39049211617,-3588.135436912774
cell_108806,7745.726968162334,-2455.037014292533
cell_103334,8561.665014824277,-2648.0131023123367
cell_113119,-4235.7582791675495,735.9133949394344
cell_108117,-12768.163826734863,1668.4956096688493
cell_114435,-11129.162069382503,1626.5575289341825
cell_107032,-10626.937872943712,2486.9613790972735
cell_106719,-10441.102473887115,3878.0769766922704
cell_108206,4644.156237225038,-917.840899738596
cell_114512,-8147.45339220117,1902.2273131557208
cell_29101,-10785.104106151433,-1178.5689233708626
cell_29840,-10068.914534876312,-2031.5900441357921
cell_15463,15357.460346741731,-5194.344213935618
cell_103391,-3515.702873578768,850.8249560486589
cell_109302,-11110.217200272586,2432.315430164712
cell_14906,-10047.029101743596,2850.5138473487705
cell_112108,-1672.257774965415,202.4118781417912
cell_29687,-8974.008969977458,-2242.1055452419228
cell_109018,17629.700429466364,-4493.061747596757
cell_109229,7434.724350325212,-2416.0174229875374
cell_29302,-9377.20646348007,-1383.4962961125855
cell_28174,-7604.920918753147,-1976.9662661624354
cell_107483,-1259.923030724778,-273.32707997282046
cell_107735,-181.66866902191427,-973.3479423975855
cell_103511,-3196.481311778281,30.666481518960595
cell_111594,-12736.917221394353,2947.572812880063
cell_111686,-6130.085694901542,1810.1755856152683
cell_29226,7724.434525670582,-2055.8882852046163
cell_29121,-3825.4275538448283,-2081.362863611349
cell_109536,-10625.590617204674,2105.5965327422587
cell_109735,-10373.35207606505,2632.329810342565
cell_29949,-7302.265102160687,-2212.5724140871826
cell_103812,-11168.039595352868,2146.554733217544
cell_107575,-5388.401634672179,1049.051020688408
cell_104452,-3105.9298581542107,308.7032799702407
cell_111607,-9581.65452907977,2128.429842186761
cell_108789,13129.088055220434,-3742.098679770521
cell_15667,-2186.199507679907,769.4617567943604
cell_105290,-11706.136123329055,2417.3114634522985
cell_107833,-4719.757095846702,1947.2783290663685
cell_110254,-4606.979672048387,1719.761103962473
cell_29830,-5098.476372281168,-1890.8803950583979
cell_110814,-8820.93918927494,2257.5033713596395
cell_30548,-11101.030076379782,-2048.3074753350775
cell_111347,-11365.33068769482,2600.9859137569842
cell_111998,-7145.512146254014,1862.519168315698
cell_112010,-7501.891583372922,1116.689404681725
cell_111644,20241.67835928254,-7150.418354384256
cell_104850,18476.995565308483,-5819.466498721975
cell_113426,18160.006346221133,-4884.261139030668
cell_112034,150.18732376131334,-777.0320851391181
cell_15870,-11158.216655444961,5096.141232610501
cell_111784,-12216.274968807089,2956.124651959397
cell_104844,-13473.982289018519,968.2673754807251
cell_107759,-13116.476332005617,2632.5188879149573
cell_110086,-10994.197073794037,3383.4946111478066
cell_106914,-13327.419473146403,1397.0424269030843
cell_30413,-7115.69246083084,-2131.844826021244
cell_104364,16297.645644056238,-4192.935107037625
cell_110121,-11899.046216187915,1524.6314921952826
cell_104532,24994.541111617018,-7484.958957932871
cell_113713,20168.654755576175,-6414.111923970095
cell_15081,-5419.4487997009755,3000.980383786081
cell_30497,18052.322441592936,-4303.560060793708
cell_104935,-10677.755073600427,4263.396802842823
cell_105173,-9988.948705054087,3524.6052084550097
cell_106616,-9759.08075703832,1377.8650569152526
cell_110016,34672.057082946216,-3720.670424128352
cell_109972,-6603.8979448873115,1173.4466818154056
cell_104089,-4019.104744024881,1239.927256731641
cell_29105,3575.3865362855227,-2474.0358975176396
cell_107289,-12753.222236014597,1729.725848561838
cell_111177,-6776.491761701791,1457.9405741553956
cell_15764,-10845.285653981115,4751.649474117734
cell_29275,-10234.1759088987,-2568.2297144071485
cell_106383,21657.70730638282,-6918.803873565187
cell_105629,-10128.540326290102,4227.880618442057
cell_16283,2478.1149936385896,-324.6265829529578
cell_108757,-11896.011357238667,1429.3809413789402
cell_105675,33749.814893534174,-4181.787755816221
cell_114475,-13840.461928596216,1846.661221412844
cell_106823,-12857.441298639009,1820.3870728260433
cell_104302,-2759.953429084505,71.9284647739549
cell_109022,18457.775001243735,-4754.005182924277
cell_109967,-13189.259725239965,2095.689527857216
cell_30307,-9954.573929376267,-1950.2157547029392
cell_103619,-13888.802344064658,1983.638933848034
cell_27855,-10294.119231061199,-3332.281629884808
cell_109330,-6367.358572631659,1756.4571706578383
cell_104824,-12100.099052984613,2805.263111971232
cell_105664,-9096.888723375378,2886.5005378874425
cell_110837,-7373.425128957377,1067.4070085341814
cell_110404,6500.1791759418375,-2058.042311739121
cell_112740,-5159.746316135576,986.3624308523697
cell_28902,18339.59935406969,-5271.700133866711
cell_112759,-10279.964563395808,3475.1251506687818
cell_112694,-13688.263112833094,2476.524283418195
cell_113975,-8623.566485330839,3616.2776961837803
cell_108035,-11674.049360942408,4362.59654575479
cell_110940,-2957.7199216731533,35.7428397991562
cell_15274,-8765.940101229473,5218.709599651209
cell_106691,31104.246253725167,-5372.524215715038
cell_109482,-3801.6098307501366,286.53988629026236
cell_111675,-10370.035263199501,2239.8144225152837
cell_16112,-1268.0848357568439,1683.275975682533
cell_112389,24269.267702174137,-7249.27710902468
cell_28996,37772.539976944405,339.83475633053354
cell_14526,-11982.607508236884,2918.2239961451096
cell_107108,-8779.042505701233,1346.3743635789583
cell_104342,-11379.21173727339,2652.407581182727
cell_112457,-13269.83956261809,1633.3289458641027
cell_28577,-2886.5815264628995,-1483.9098254854844
cell_112855,-13705.03170742042,2156.8874645802716
cell_107003,-3021.252355359089,335.4074412673013
cell_104684,-7195.044834227214,1799.4713964493246
cell_105725,-10572.310179185613,2970.1570178301126
cell_111097,-4987.716121016173,1650.5647966660267
cell_14110,-11533.98997518031,3833.693152961609
cell_109496,-8904.534368361705,3492.387206004472
cell_30100,-1687.6129119137147,-2304.8557669601178
cell_15100,-11828.519104501827,3443.4589957498297
cell_111555,-2158.1529040085143,851.216959673322
cell_107296,19495.18760989679,-4747.036045657038
cell_29774,-8651.045030351783,-1284.7359894785345
cell_113277,20061.15232587584,-6556.647914219298
cell_28653,-10919.001546669562,-2054.1930730762606
cell_29845,-11047.967050327068,-787.6182593988474
cell_105048,18769.152915451003,-5617.5863194946505
cell_15441,-11805.950777619495,3667.8066242448813
cell_103670,-6673.0321088691835,1761.2130250739058
cell_112731,-13837.541396163671,2522.2090709399276
cell_107160,-13127.330163538893,919.4015139095872
cell_111486,1631.6293263342213,-667.4826951405627
cell_109527,20069.166074105848,-5235.624865147854
cell_14270,16980.811501635882,-4483.549145555303
cell_30472,-10549.176490573296,-1309.5055473486975
cell_105847,16462.71647887279,-5139.392171292724
cell_103719,-13216.73273365898,1189.27445048552
cell_103806,-10139.371789236735,2003.9561014963158
cell_106547,-8251.992544985767,555.2630195231601
cell_106098,7786.799352152413,-2196.6686666591827
cell_111317,6234.765005333484,-1905.3712597954973
cell_114372,21823.672240738648,-6253.381594765175
cell_104029,-4983.127643936727,606.4739130563755
cell_14869,1050.288804271557,1143.4559462593297
cell_112431,33308.994311355906,-4420.822236787847
cell_108605,34582.3308753649,-3740.156854127236
cell_14910,-8107.955904567705,2511.1729530998496
cell_111689,-10022.435721018215,3195.858045547066
cell_108724,-7455.154353081633,1223.8210415393316
cell_15244,-4017.6471248582175,2007.0604207997908
cell_29094,38578.73177639381,1290.409352786975
cell_112165,-12723.483435559894,2767.760748298579
cell_27907,-6781.092189950463,-1592.8303574900467
cell_27911,-11140.3973616952,-2754.06176518495
cell_103681,-3763.0699988323204,489.65427154022456
cell_15144,-8416.186211598275,2420.008038132813
cell_108393,11.117937140448742,-960.9577239238401
cell_30591,-10537.216184410825,-3396.8118507229124
cell_111339,-9478.367532213493,1393.1505942715885
cell_106031,-9105.112020637896,1219.3783396683805
cell_108006,-5834.463682114613,1763.7289379437648
cell_15272,-9539.570935136842,3434.6157205904165
cell_113327,6233.467318704423,-2280.450850555963
cell_113959,-7837.547239156677,1462.8185584498915
cell_14434,-12113.072811079059,3240.453297813934
cell_28108,-8759.51078780187,-2837.630747346075
cell_104699,-13928.547926863566,1674.5717294248302
cell_107022,-7824.98946129792,2026.5633383941392
cell_111668,17683.08609849989,-6023.380600525934
cell_108688,-8422.82265469759,1372.754620119444
cell_112383,-11346.205631498455,3082.7389510185194
cell_109064,-2424.992537391783,158.2071446131738
cell_106083,-10032.538139448212,4425.715442964827
cell_111910,-12560.245349148296,2084.0518567805466
cell_108592,-3854.658213004572,194.2289418856393
cell_29529,32642.843652325388,-4355.35204722405
cell_111556,-8018.466413549436,4411.365915726321
cell_109550,-706.2739660526161,-612.2155209038541
cell_109487,-9203.000286056555,2748.028711757418
cell_111894,-10180.048714265036,4122.144549075556
cell_109770,-4277.479094852495,519.9915456747747
cell_109621,-13728.3651899383,1741.2790280443826
cell_29228,-10220.440475472584,-3308.807444331414
cell_110431,-1605.3522041468098,361.72696463089625
cell_104385,16253.565341978152,-4320.475793117296
cell_112552,23442.131757116043,-7251.874541940896
cell_106656,24631.41585688691,-7961.9988884282275
cell_105392,-10642.997805113322,3881.357664652127
cell_112964,7122.2816589106815,-2317.0669055907724
cell_104709,20365.931425970408,-6582.530296997805
cell_108521,-9751.411440926828,2743.903564767194
cell_113431,-2511.896592049756,772.0127559283786
cell_109660,-11924.014994403879,2425.06478116354
cell_30444,-10425.343574870438,-2630.2191170054425
cell_113147,1664.1375245772736,-278.90514261667295
cell_105100,-11623.53208702454,2067.737431795514
cell_108282,-11706.688403409915,1801.539728730355
cell_113084,-3421.331974934502,1144.6492033518498
cell_15263,-1062.9225288928321,1737.8485630226328
cell_30060,-9827.486806902043,-2528.8190631699326
cell_29737,-10081.77474669989,-2096.525274399036
cell_103501,-10069.11485775811,3280.0992962348846
cell_113270,17980.45989974718,-5276.872153630872
cell_104321,1032.986166064045,-1246.592020918807
cell_114162,-7351.259995214068,3548.4817752422878
cell_111042,-9604.670121653404,1507.5010037498125
cell_15844,-9616.60326111855,3939.9011217011493
cell_108087,-10671.83549742217,2600.824923369886
cell_113580,-11757.118639083059,4122.432457242621
cell_107396,-1803.3502178279657,-267.59945933856926
cell_110311,-12179.17795739876,1682.6155874626288
cell_106601,-5594.565142092989,1467.3279019328747
cell_28016,-9909.064316626791,-3699.4851572687357
cell_105537,-11976.657478446927,2636.140733602272
cell_103398,-1507.9671342032238,-348.78251648584745
cell_14098,-11859.596338520329,4212.711566634279
cell_30205,-9096.411858257221,-1734.6787772446332
cell_108479,-7793.61707375037,1231.4209289171722
cell_103792,-12401.989061603766,2483.9471998247113
cell_111770,-10547.158645616058,2994.6663333377373
cell_30335,-8056.45085544825,-2461.1902529640383
cell_113468,-10714.831336533269,3130.65690835529
cell_105300,-4372.084326261675,877.3414957550788
cell_14727,-11819.877225711625,4646.304280259137
cell_30592,-8032.091385184752,-1353.647025373885
cell_109279,-4772.100755475668,1192.7851988223906
cell_106735,-9768.600934628774,1225.8418823745328
cell_105773,-8522.25699325108,1944.2545552449053
cell_113527,-12477.84538014719,4958.0610635720905
cell_109790,-11989.300968189908,2707.2888319395497
cell_104731,-9064.686206057844,2114.784162479584
cell_29666,-9279.416489994328,-2240.972104935938
cell_28097,-1688.0299836599327,2500.5542027046863
cell_109534,-2913.9679821731675,210.16896277487115
cell_14126,758.8234242430136,1078.2412894700642
cell_110460,-10496.05744954695,1736.5470857455325
cell_109287,-905.2445202563653,659.7761666771104
cell_112137,-8870.470863655157,1995.7356845475406
cell_106820,-12836.059685767064,1949.7641110369875
cell_111985,15929.544629503218,-4361.380885771912
cell_15544,-11149.47949578048,4424.741659196022
cell_28043,-10373.128242749757,-3433.2567811640183
cell_107656,-6790.410422337673,1316.4775161803072
cell_114531,17522.52840449415,-4322.84399387997
cell_109571,797.9515850767307,-192.84532945823025
cell_111301,2293.4443167418294,-1074.81917633901
cell_108643,28761.960773254694,-6032.9568429536475
cell_111724,-13833.647202895803,2244.1224772545847
cell_28930,-8165.6259410375915,-2384.1096126738707
cell_112859,-6315.694139828781,1127.4286204818993
cell_30240,-8941.35157389157,-3245.688200638646
cell_103842,16709.889227108833,-4708.246387764846
cell_106829,33642.40247150497,-3945.440404692843
cell_110891,-3348.901072448645,-124.38248516285606
cell_104581,-9697.38652021692,1296.728394097473
cell_110185,-2976.981493343105,1799.9288029058848
cell_104494,-9086.844779075087,1567.3755883168076
cell_15746,-5106.2833202554475,3065.3082633518784
cell_105243,16937.372959257144,-4299.265170448453
cell_30426,-8828.914905628973,-2845.527437275427
cell_30629,-9627.606480334398,-339.96188898969456
cell_112270,19582.007488404557,-6267.95211007082
cell_112627,2196.367474953979,-1522.8678798129567
cell_29155,-9338.067626015101,-2379.9082492786297
cell_103871,-10571.931704060757,3202.632250943932
cell_112435,32772.67165456088,-4791.540537209779
cell_108508,368.44087386916107,-561.784505788393
cell_114281,-5039.709795404916,2726.336562914356
cell_29967,38073.961779355704,73.01376207510505
cell_111576,2020.8960114274846,-1470.8530400387529
cell_108651,-12345.801443220498,2755.38502811121
cell_108598,-11089.595586123043,2679.1641194873214
cell_29342,17928.175490369038,-5258.332412244509
cell_113469,-13018.23802231638,2058.909207409113
cell_109648,-7490.630558586892,2623.822245442185
cell_109574,-3556.5673069194095,554.6913130663968
cell_28210,-6000.310701302885,-1731.7369599970154
cell_113402,-9715.676448006137,4073.6544473795684
cell_15381,-10126.955136025785,5237.2692973723
cell_114378,19695.96694915543,-4040.402039710773
cell_27975,-11408.457195352332,-1577.8054342123771
cell_14967,-9182.413491556394,5517.874874520572
cell_104549,11454.406196658856,-3574.712601960738
cell_110349,408.45694817515346,-658.4795685235297
cell_27973,-9603.187092081858,-2640.5771574502137
cell_14948,-10161.920895447252,4815.720203408995
cell_28485,26581.25448454263,-6636.103311181002
cell_106117,-6968.511875904334,1456.5295230049437
cell_29519,-9479.219333440273,-1595.3201835941136
cell_30170,-8362.140772897186,-1392.5594935062684
cell_114023,-10381.776748839868,3183.1512439621238
cell_111660,-6705.900330897355,1287.9151604522049
cell_110207,18938.37729500026,-6353.453869042721
cell_16177,-11643.607871279313,4431.59588927373
cell_28621,9638.466748414556,-3278.8119341440306
cell_29859,-10264.813689843993,-2731.723205920051
cell_103467,-13317.217717715077,1229.3725062033984
cell_111981,28989.28084079514,-6250.836620158053
cell_113563,869.996242384958,5397.5718223872145
cell_106239,2823.011718057709,-1010.8317059305358
cell_29760,-7549.291449559654,-2473.4325904571306
cell_15147,2085.2558412981602,333.05004572138404
cell_15820,-7259.422782266522,2399.6346021771647
cell_29351,1560.1783118276517,-2283.7169557631396
cell_103738,20916.74647216915,-6107.0263668385205
cell_110949,20566.013296132234,-5757.522074234234
cell_110864,-1583.7809369882214,173.06323416488775
cell_15026,-10053.906607163604,2432.335055603343
cell_28137,-8075.9599590131465,-2692.4912175325926
cell_28860,-8076.359278770869,-2063.051090101492
cell_30507,-11328.75652547815,-2583.869646245825
cell_15694,-9214.627733737443,3395.184586217993
cell_28713,16784.24660332237,-4727.350099425046
cell_108679,19810.672944005233,-6017.046304124741
cell_105194,24730.244850110335,-7821.920698500501
cell_112273,-10811.16921819962,3090.164822693686
cell_108072,-5454.553312337599,1256.4200736853245
cell_29974,-9749.701662166579,-1406.884967704539
cell_108575,-10355.528483182507,2738.840851123192
cell_109253,16887.80465569318,-5043.676292040605
cell_113536,-8291.722885247777,1085.7525086025844
cell_111259,18906.96467801339,-5881.0098589293175
cell_112400,-7195.416583536316,1282.0290381951659
cell_111618,-10079.983453077013,3556.374252367569
cell_107847,957.0687143887019,-312.5539226789885
cell_112766,13755.915354371622,-4192.150486808652
cell_16056,-12143.180206076786,4657.678503481363
cell_28871,-9788.595679232578,-3225.3745160947433
cell_112838,-13967.654027637931,1959.898802189511
cell_16320,19216.32958723832,-6285.080152513562
cell_109506,-1236.164479738879,-127.01320163887532
cell_107435,-11738.249312550513,1824.2807041396336
cell_29839,-2685.047832095093,-1748.0517672834737
cell_110550,8811.245035623366,-3369.8759665714433
cell_104545,-13233.617360984286,1592.6948094608088
cell_107355,-12833.158989208338,4027.121468192796
cell_28617,19666.972617158895,-6129.714362056701
cell_107895,-12613.715330155987,2174.1620489609368
cell_110190,-8898.58671825614,3147.313651210339
cell_29138,23516.78936776377,-7011.42957580062
cell_104713,-6878.490926432869,1772.5146317209699
cell_110618,17814.917701842925,-5490.420048003137
cell_105323,-478.57854592134987,766.2755836543907
cell_113886,-1563.761654881327,-205.97840112476229
cell_14398,-8842.947895603756,5518.357864402231
cell_105741,20730.90329669459,-7344.321967401581
cell_105342,11258.52334459735,-3288.9232024725043
cell_106310,-12310.61787661238,2273.5882250523455
cell_103430,-13580.894495649134,1798.1162591253278
cell_105384,-2211.1643627912995,-226.29695503159908
cell_108493,-2255.5578447153052,609.3460489103305
cell_104454,-12936.53626009121,1632.3614083925115
cell_15707,-9464.732241635533,5632.433754045246
cell_106182,7776.099743950783,-2630.469553937593
cell_107262,-1562.7800976964004,585.8525491082015
cell_14851,11943.289744338417,-3432.777665839847
cell_111441,13782.29555007735,-4529.671097040619
cell_109927,21754.655266987935,-7041.627129779523
cell_28221,-647.0691639464658,-1592.1992466457073
cell_112278,-11490.42254302275,2824.5676238964106
cell_29142,-10229.594213868024,-3433.320163632304
cell_109880,-7821.963841116465,3214.862522167555
cell_14629,-7702.493488408784,3482.252754400313
cell_108999,32079.204521846183,-4975.539462955356
cell_30432,-8222.489579399182,-1501.6202174547357
cell_107506,-3260.652842673625,183.44889117784498
cell_114064,-11401.930793756193,2627.4363359459567
cell_109071,-982.9686879104436,85.23172968788192
cell_113811,-11260.183290400506,2681.475999089662
cell_107340,7584.65443667377,-2411.1736826220335
cell_30297,-9361.117664245576,-2454.0040664931585
cell_16267,-12520.758643060835,4342.561560214379
cell_105457,-1329.2885691664442,406.8447279409122
cell_114001,-10060.12766707062,1709.9175060411937
cell_108103,24607.166021695935,-7199.15130488206
cell_28857,-10984.664522913445,-846.307669367322
cell_103532,-5247.718301259177,993.2281422407242
cell_113946,-902.2786708958015,2928.6564267365875
cell_112618,19307.310565576485,-6459.749159312262
cell_107005,19592.78197131393,-5167.470082840354
cell_29504,-9294.369803120278,-2446.7464532575696
cell_29401,39085.1034377744,2214.6902804311662
cell_109940,-6542.898053831708,1159.8530840676956
cell_28464,18366.096604353286,-4935.009866355727
cell_113586,-10395.448096646584,2892.1140952429555
cell_105236,1179.5951463282925,-1277.4623065537453
cell_113940,-6198.553309490492,1861.8877217822637
cell_29730,-11424.240950212068,-1499.4010901826393
cell_14671,-1508.4928916561441,1077.2075024974627
cell_27804,18267.772015166225,-4431.391114882667
cell_108096,-10982.097611427122,1062.4147712561237
cell_114521,15902.857555980787,-4235.581508501507
cell_113646,-12590.86189263561,2427.330059603875
cell_30210,-6133.683711723089,-2434.9154203322328
cell_104864,-8954.417378346203,1899.8244947078847
cell_29375,-10459.948083807982,-1633.227753925361
cell_15222,13858.428637260604,-4367.868159081308
cell_110493,-12962.377874282582,763.1781264203067
cell_104645,-11945.46957868231,2194.5189888447626
cell_110805,-10823.152159906502,2185.958574645229
cell_14665,-8815.516754284543,4741.643002615202
cell_110723,-12501.287595238216,2238.38757029729
cell_109946,-1697.432966215138,1614.421690498553
cell_111153,-14030.536218845213,1647.0137572050455
cell_28070,-9976.34265621723,-1188.4012771745795
cell_109607,13712.468832399709,-4007.464181951817
cell_108401,-12704.830035436134,1211.571091027626
cell_106835,-10222.36993733501,2616.8076669432826
cell_111205,-7918.0102906680695,1651.8963012113531
cell_108475,-10281.569882495689,2522.909926560909
cell_28412,-2268.49169789293,1580.9538606948083
cell_104405,-11075.16267750011,2222.5300427833945
cell_112857,33872.733783769734,-3798.1133143828824
cell_108264,-10632.382826019397,2371.5653864197952
cell_114323,-9535.680084120353,3848.612688639278
cell_16023,-1585.272244493873,1944.6128345644481
cell_107204,-9929.210319280248,810.8335551296767
cell_29140,39027.79822711283,2005.7170081158806
cell_109186,21579.52358016719,-6829.487407264478
cell_14737,-11769.409451121603,3772.0193456980714
cell_108716,4436.118030110999,-1862.5762038867915
cell_105359,-6628.822102811521,1596.6030743508861
cell_112593,-6876.021757055229,927.604323379746
cell_29986,30435.466254284016,-11052.556650656841
cell_106218,22037.848648443327,-6936.454018220701
cell_111835,2006.8487318672505,-1702.8233073088497
cell_112012,-13499.999815845364,2345.1833938359105
cell_110260,-4309.748975342576,937.5692237053082
cell_103309,-12087.465732493043,2635.674389136724
cell_14875,16968.487858751225,-4577.4498925424095
cell_111965,-7588.474586558154,1965.7824923919547
cell_109757,-10679.791159191427,2881.3062380410884
cell_113032,-8011.466956961848,1796.2805715910247
cell_105047,23077.37119405409,-6138.173859815356
cell_106378,-12040.000774927992,1913.799195429498
cell_28885,-6471.57892029663,-2025.704676582294
cell_28011,-8551.64480555327,-3225.5551166087535
cell_111074,8002.693243972573,-2498.9207435942917
cell_105477,-11242.639245562841,2493.798397361511
cell_16115,-4195.698257158567,2319.3677471915116
cell_104615,-1285.2430605688512,2704.7547361587403
cell_15207,-9423.532181294291,4463.971989244074
cell_109440,-6524.12455315671,2586.1166401636165
cell_105671,25766.47481290841,-6609.101775954031
cell_114076,-6320.126137082209,2250.834036581935
cell_107338,-8405.884333837164,1232.172304995822
cell_109234,-5070.329405577491,1347.288897029141
cell_111265,-13501.653347623593,1211.3653673858482
cell_14546,-2176.5999375378374,158.2099224640092
cell_106895,-2256.160473596787,559.2593778198287
cell_107394,20545.769991350164,-6868.283041961609
cell_110228,-8517.847593311337,992.5595569628913
cell_104951,16154.754475753509,-5678.287459134786
cell_103891,-13539.972079014166,1999.3823717565579
cell_108752,-7325.307310365439,1011.8163927187549
cell_109652,-3451.8604159047654,327.7136868008754
cell_103386,-4327.9432730283015,328.404137345991
cell_112025,-12494.020432114408,2288.614948412242
cell_113810,-11206.08886612503,3220.8383124945685
cell_112168,17224.73100554317,-4878.534869732756
cell_111740,-11194.445583658795,1635.771427540204
cell_106201,18775.668950948613,-7087.057777875456
cell_111861,-7513.384581149897,2048.545963363045
cell_109997,-11282.106764905711,2704.895047764436
cell_103658,-13568.158606476234,1425.7231948070169
cell_109113,-11801.366643092912,4403.53929847543
cell_111676,-9982.002437786778,2539.6091072893814
cell_105399,-12672.717535493292,2168.518725830013
cell_15255,-10509.967209423834,4018.566975108053
cell_103918,-10503.951414474806,1300.1109192837284
cell_104880,-10163.440903282777,4002.2620762232045
cell_29938,17624.78218311463,-4761.602184796256
cell_108478,-11793.119697283619,2355.757220179478
cell_106404,-9107.741342416246,2410.5410892360596
cell_109825,-10609.594018512216,2291.1531564271854
cell_111242,-11178.430718168094,2333.33032423611
cell_108314,-11697.373682969008,1575.1661343249546
cell_109736,-9411.701651761836,1755.853767892124
cell_106424,20383.19284323094,-5917.514354815866
cell_104478,-8185.067311718962,2812.165068275744
cell_103829,-11192.093301412924,2593.456579902247
cell_105973,-6769.923971588463,1878.5311749158818
cell_28644,-9910.412425979854,-2701.299972041252
cell_28692,37662.19626475844,-140.32722950084127
cell_108524,20234.52324885646,-5579.216561649139
cell_112881,-9796.877336157462,678.5525162826707
cell_108317,-830.7353540662662,-508.798656440329
cell_112748,23929.278848999445,-6772.256432435106
cell_111571,11169.421508396063,-3287.6354882193955
cell_28967,-9423.846829782198,-2644.683020929117
cell_113072,-4457.401341141134,633.4165488432222
cell_28672,-10044.245201820688,-2698.1561240729784
cell_113272,8613.162055779609,-2590.392554699083
cell_114369,-10852.23030859699,4666.602125614872
cell_108811,-1247.1106685628126,2244.2818673576003
cell_112172,18413.340864315665,-4302.480297995974
cell_104189,-11789.74524796028,1812.4382772959616
cell_113394,-12191.411974069988,2308.9210245621907
cell_112827,17937.44789364452,-5205.466793979491
cell_111298,20944.358413178816,-6309.382333234383
cell_107986,-1269.9678802806404,-91.97324643366427
cell_107358,-13411.633572740064,1892.0755264225033
cell_111608,2391.8484928663943,-1253.2299440117213
cell_112022,-10624.237938267222,2748.5280029656938
cell_113499,-10055.551445349474,2708.2124152589718
cell_110227,-5412.378824754809,2585.7773042235826
cell_104597,16281.616035475457,-5085.458190687784
cell_110593,-5267.261050469542,597.4251739357687
cell_28292,-8927.125106089601,-1262.6623521143035
cell_108787,-8492.563148503246,1953.0240868460833
cell_105759,-2005.3972201803883,928.896375871065
cell_15254,-1281.1118855770694,1197.9775209775473
cell_29402,-9412.737890717397,-2783.0256222950584
cell_112314,20686.29635831024,-6496.173164514838
cell_14207,-11921.298642039163,2474.0982429604337
cell_14574,-10282.876460783727,5907.50235069905
cell_104030,1211.471521949521,-744.8087951681958
cell_15415,16093.429160632182,-4603.7333956039865
cell_30600,20810.71456773099,-5245.6958786596015
cell_29324,-6950.819928843654,-1952.8248595368243
cell_113974,-7454.090371848167,1428.074400226024
cell_111988,-8841.381772367387,2585.591360479364
cell_107064,-10826.946666731226,2072.882920740426
cell_28468,19887.709496421063,-5724.686493462289
cell_113033,14044.432814684058,-3761.8673095784884
cell_105141,15666.766731219994,-5871.567546254361
cell_29639,-7918.165525358108,-2163.3316569630865
cell_105005,-2590.1991979625104,-268.49790971975835
cell_105775,-11305.230375352261,1522.8123060958528
cell_109710,-6072.341313821285,1298.3951692497083
cell_110615,-11708.681750002854,2238.160751124258
cell_28834,25293.535052522082,-8298.560211300804
cell_107894,-7150.558927590191,1025.77897350332
cell_105508,-8208.843232373745,1918.0131533774409
cell_14748,-6496.33664772629,2660.305215794671
cell_28556,-7518.029566156578,-2059.92057738462
cell_110853,-12528.460788207847,213.04783875614217
cell_15218,-4292.468069450414,3114.3734820806176
cell_108306,2109.119401184875,-544.6609129374666
cell_29936,-9954.131582469778,-2863.7570009353535
cell_15919,-7338.2159708530435,2921.7080768104133
cell_108334,-11872.450738152445,2746.723327065304
cell_30495,26220.47634032765,-6363.1632779845295
cell_14988,-3834.3305464269115,1848.2023958439538
cell_103479,-13282.924142645616,2166.5473549812714
cell_113100,-8199.36363895623,1004.8111425754599
cell_29927,25425.453720839323,-6947.876336466193
cell_110926,-12893.423685580601,1997.6602612861436
cell_108749,-6659.998141837934,1636.0437473391296
cell_15402,-10166.525933241252,4281.895161980717
cell_105083,12654.51836553552,-3694.4409845938676
cell_109407,806.99045264704,-1417.8079335709022
cell_28024,-4369.242597879539,-1453.8229311776952
cell_112145,-6920.955785475714,2167.2726216249207
cell_29977,-10077.20658477178,-2811.7286562824984
cell_29311,-7215.826160014679,-1453.805195774641
cell_104762,-10487.657379058346,1889.6916578754258
cell_107089,-8142.061389976359,1829.332977835339
cell_111971,19470.736525911318,-6002.664407815028
cell_16293,-1859.083343209533,837.4229433305596
cell_104849,725.754377910865,-196.53133542883077
cell_15314,23520.529649018834,-7379.875494451008
cell_29393,-7462.199795652418,-2317.0227920436914
cell_105087,-11834.997256967026,2072.722502665076
cell_106970,8339.079773300633,-2368.3655990216294
cell_105486,-6552.752384151457,2989.298740077832
cell_108564,694.4914923963966,-542.5011496090133
cell_108614,17506.039694740273,-5032.168227967863
cell_107856,-10601.851252214175,3155.3341256989856
cell_15445,-9914.794876072488,1786.2902025570859
cell_15027,31637.258596161297,-5085.607179786348
cell_15160,-9679.95693737058,5250.9127256358925
cell_111241,-5624.982669650895,967.4144029655718
cell_15072,-7168.225511806901,2195.632714860504
cell_112624,-10349.668327144635,4816.870948560052
cell_111400,-10647.14550029818,3785.878460350197
cell_105154,-4338.478902093627,910.4724594374934
cell_29756,-10497.895248641078,-1934.3011848983226
cell_105183,-2231.923366867875,544.1262942803289
cell_112904,11860.732779628303,-3484.4307641898063
cell_108553,-10388.635484240964,2504.9373547768605
cell_105857,-3638.235947952064,648.6084352372287
cell_108425,-244.90624705025692,-273.41657546755005
cell_15672,-222.06500362675095,2963.630451583191
cell_29075,7880.561691161721,-2865.9030252456855
cell_14319,-539.1921943987093,1346.879738341198
cell_106183,-7384.4973858530575,864.8737190938069
cell_111355,-13407.133930414551,2302.299729326807
cell_109763,-14267.633435990534,2063.381884089595
cell_109286,-13510.756499627298,1650.3316897308132
cell_107402,24960.711445542845,-7064.159246728887
cell_112158,-12803.067435090577,1996.4641942317298
cell_106931,-9866.610675724163,2441.049957096536
cell_110408,-3989.0400084604375,950.5887355082306
cell_28702,23419.450021648354,-6633.606846903406
cell_107274,-7916.139412286342,2106.1121174466043
cell_29709,-5461.118018994467,-2129.6545776816397
cell_105809,-11288.074549053586,4302.445821661786
cell_108790,-5254.290292130875,933.1332607035015
cell_105429,-11431.693414998068,1735.8255461996243
cell_14106,-5960.065998381305,2140.0177693952865
cell_103753,-8579.377173647528,1848.7949661478456
cell_114056,19983.71012149042,-6571.917259240577
cell_107861,-13047.818912728279,2014.7298279790914
cell_106050,-12268.576198379804,3413.890335780822
cell_28093,-8594.609172333014,2194.7163827492213
cell_29150,-9931.543344152004,-2799.2440556314887
cell_15079,-1074.5644056163035,1422.0924971308302
cell_103368,20052.969470944103,-6308.386667088145
cell_112268,-9774.135703392481,3637.965223260316
cell_110897,16254.73583829144,-4053.4915328521543
cell_113673,-11466.65305425664,1557.3287902947493
cell_108287,-10793.566617950459,1980.0567553225346
cell_108629,-12810.273330685548,2411.4911186132254
cell_106073,11087.407951993006,-3235.793227971037
cell_104995,-3504.4384798016467,631.3394049629759
cell_28603,-6099.855940285315,-1486.55894511641
cell_107054,-13058.266083527753,1903.6013753374912
cell_14085,-8411.181865055416,4961.693893278857
cell_28014,-10153.280212354342,-1842.627195856873
cell_112139,1484.0267635917396,1055.5243429874017
cell_113924,-4296.675871749857,1150.966687297798
cell_109033,18267.37189889341,-6152.080780712949
cell_107966,-11995.154149544569,1716.78096692551
cell_108642,-7171.176918481711,1549.3048416531665
cell_30510,-8726.407773291434,-870.2884433204214
cell_30135,-8225.944823777623,-2752.4946844330466
cell_103375,-10560.34349609299,2367.4135534900006
cell_15014,-6504.966699525591,4234.555392567456
cell_16094,-9295.912087004159,5814.929118997587
cell_106596,-8478.404828213059,868.6638463888028
cell_106582,-10562.073307158642,1543.8382887214493
cell_114318,3456.056196802467,-1391.0282263724557
cell_107970,18667.751421668854,-4649.67688629457
cell_14205,-6916.249611878055,1770.082095896874
cell_29828,-9535.573941859322,-2267.5880364593827
cell_28611,-9744.351655615239,-3307.0796974274062
cell_29628,29000.690583244457,-5693.282053952907
cell_109600,19641.968712474267,-4797.033023607762
cell_105424,-5586.878561112195,478.57155890862396
cell_110884,-13081.4823570622,1820.5772256943944
cell_109044,3821.352415383136,-1216.489922009743
cell_112986,27144.91360949778,-9122.539031936218
cell_114233,-11564.271619342082,2003.9194425628361
cell_104714,-11287.643932259612,2587.631033585084
cell_28528,22499.98918764924,-6958.583320098542
cell_110081,12143.613333962305,-3560.344374578165
cell_110461,-9218.615045730032,2465.7260584363326
cell_107034,20689.954198225398,-5698.169809523972
cell_29043,29107.866648725954,-10014.961448662098
cell_112621,9647.178332540505,-2756.291987971277
cell_27939,-10704.406071140007,463.33446487783186
cell_105325,8485.95685250146,-2639.575934882486
cell_112719,16159.838403242744,-4464.012542900944
cell_105555,-1258.9109427534327,165.9265958481349
cell_109327,14787.160967534888,-4328.8602524042335
cell_28278,35627.988581266705,-2287.636207481884
cell_108729,-12673.303842435036,1683.0594518054768
cell_112133,31670.775472911057,-4991.7661217321365
cell_14328,-7953.2786043048,4887.336659913437
cell_14846,-12314.04867574758,3432.312732626592
cell_16128,-12363.543950041736,4002.0026201603623
cell_14631,18601.100174278046,-5008.836287289606
cell_111171,-10717.09240482041,3628.306304146348
cell_28190,-9447.988506865619,-2736.216630644255
cell_108432,-11496.644279857977,1725.6651084659222
cell_107598,2259.00893721249,-820.4975824612661
cell_104260,-3410.1283285563854,819.0180063175685
cell_107453,-6599.274794849413,1500.8069036468662
cell_104266,-9699.836848177767,2264.2846334878886
cell_113566,18060.27479797417,-5336.278033587439
cell_104834,-10731.57822939184,1607.0809497221555
cell_110137,-6889.1224144424195,1971.7750136940763
cell_109874,22295.60051945611,-6535.513035454506
cell_112936,-11239.289363897411,1379.5178322592749
cell_30384,-1665.342993874414,-2271.393464951486
cell_106982,-10870.815281982594,5030.909833479198
cell_112726,-7436.170488270222,1082.0224003557432
cell_110106,-13775.659691985864,1868.3714993324766
cell_16181,-3236.063334794086,818.3156967420323
cell_106285,18878.013242468325,-4963.558510835876
cell_109716,-2749.1493830461745,309.3533204541941
cell_14333,-7761.333644484906,4538.635143003004
cell_108403,3088.1737584451953,-622.899943653351
cell_106118,-12914.395160070433,609.8637061339016
cell_107840,-8904.818319076554,1961.9938833205445
cell_112492,22523.6165266433,-6096.806240816015
cell_103700,-12118.978632154232,2539.00371126074
cell_105892,10635.80021499345,-3190.3334500166848
cell_28643,27726.966417149044,-5907.230011670762
cell_30038,-8858.490171903075,-2633.7631473422466
cell_29993,-11005.904989775643,-3408.3130769243276
cell_29844,-10275.943187767041,-3470.129964325949
cell_107733,-2391.033546900776,1019.4754529056255
cell_106997,-13707.160177633654,1684.1178436955552
cell_103343,17066.26708958561,-4870.765169269987
cell_29257,-7676.6642477705245,-1459.9507466258724
cell_30158,-4401.042766916213,126.74553996982921
cell_15233,178.0035499085534,1472.937736264992
cell_15545,-8890.152080418415,1747.4572944214558
cell_106746,-8391.618268856098,1415.7355693386646
cell_30403,-5240.1712665950545,-2387.7589098223098
cell_110393,-12369.568182728835,2676.5729460788166
cell_113657,-11902.27200485233,1458.9940660564273
cell_104602,-9529.720728097087,3150.033835457368
cell_110005,-10368.132305645517,2207.5029416475686
cell_105595,-10241.723813719986,2405.0447861463
cell_106049,-7384.185174345296,2154.7093561776383
cell_112816,33830.90371894002,-4176.586599421312
cell_15283,-12043.067549222875,4965.205146468597
cell_14429,-6750.185664093394,2456.5629293975267
cell_14570,-9420.76716982216,5372.734653192488
cell_16104,19934.25371686597,-6646.252999918782
cell_112199,-10894.666246872735,1490.4739409540814
cell_29641,-10870.169971585034,-2476.879218597744
cell_110962,825.3101350039565,-545.8880526284623
cell_110986,-4467.3770331460255,1493.8449592714467
cell_103961,-13730.570226362663,2373.3429094722774
cell_107563,-8302.863512019698,1955.3563057835274
cell_104643,-7810.087125923677,3010.186022563809
cell_106440,-9079.211548662934,975.3989830357647
cell_28760,-10276.542361646934,-2673.7216282134304
cell_107762,-11390.307827975364,2062.2368511255354
cell_104003,-12454.055318484803,2828.8759076251154
cell_105494,29766.763675255082,-5773.129577532273
cell_30192,-10413.118264634797,-3473.8072905695017
cell_104273,-13853.477699868366,1768.9212587661534
cell_109335,-2644.34705783816,-133.10549635289084
cell_106063,-13149.175337617091,1552.6463713386868
cell_15691,-4264.194278330389,1307.4593411330397
cell_14042,16979.135411774812,-4906.601489849954
cell_111201,21466.58282079459,-6921.424119027483
cell_109733,-9810.25585800451,1869.990998471861
cell_103521,24094.53614901716,-6485.278281752441
cell_30321,-5946.577252774958,-2562.9415454365135
cell_28027,19160.30458172084,-6824.829939327473
cell_15703,-2666.3140235431597,1667.8984834323483
cell_108071,16240.400516824437,-6172.839688766474
cell_106927,-12588.837718012255,1586.5440495002942
cell_104093,-10190.2055484293,1643.951346767409
cell_28863,-10523.681919205506,-2393.94726766907
cell_29199,37411.432885898,-674.3432336268991
cell_106587,-10245.055745769352,2841.670492308004
cell_29136,-6312.696961096424,-1414.5473861775142
cell_112310,34712.868416004414,-3622.1091152848508
cell_14691,-1987.6798630783637,1946.5569551402882
cell_29167,15076.836544735866,-4341.154773468486
cell_108374,-10513.1845318493,3268.125616017915
cell_29527,-10900.171852766834,-1254.3123949413932
cell_113391,14738.277179760918,-4311.2064173171975
cell_108477,-5571.908612309123,1904.0224177778964
cell_27995,-11592.61905127211,-15.335635432986013
cell_105986,-12996.606071976981,2011.2523181557183
cell_112428,-13216.325447939438,2229.65706496592
cell_110482,347.96847326235877,4761.28784908987
cell_107061,-2301.019888733147,1039.9637136033346
cell_111749,22723.229793077877,-7367.992627432593
cell_30618,-10717.696283934987,-2593.6130679023117
cell_112210,-13525.020895154124,1925.0477004902045
cell_103919,-7762.844615254087,2231.2272088168747
cell_16189,-9921.9981963467,4945.938998836691
cell_113840,-10557.372076019343,1863.8623537591302
cell_28616,-6146.470354944379,-964.4980232548103
cell_112449,-8712.778311983779,2289.5749859366692
cell_106984,31722.247164372682,-5129.548093679995
cell_15519,-10399.734650664897,3202.72502880388
cell_106515,-6236.829796457703,1717.2958768867004
cell_29386,12482.896197891081,-3918.5169111177393
cell_111498,-2990.983345910835,594.6964879813925
cell_14217,-6479.420103164485,2175.1317591384723
cell_110630,-12496.737771207469,1852.952599106547
cell_110585,-5918.9106708234785,2042.9041137036274
cell_109470,-5119.360244255971,1206.2034116415305
cell_15623,-10330.217628442897,3572.7553855464353
cell_29548,15703.104363631506,-5413.066674083265
cell_108911,-2993.8304191207058,293.06668233196774
cell_107082,-12379.93941705202,1607.9144984290874
cell_110979,-11181.77559594398,2458.688188342572
cell_108720,-13284.959538674642,1694.233395207958
cell_28061,-4266.150177225129,-2058.850770840746
cell_106692,1156.7222050583648,-1325.3604771391072
cell_106799,-5302.956382678394,1906.9899070650024
cell_27722,-9261.229434579896,-2350.4955220660822
cell_113464,380.3978719553597,4770.689996848206
cell_103965,-493.39336436354165,2430.7464820458067
cell_110561,-13041.397871576357,1996.7507215694131
cell_28303,-10947.637945038156,-1406.6910281046858
cell_29145,-8998.120864658982,-2007.2021526194385
cell_105432,-8636.556926248875,2315.8454018974267
cell_110073,3278.1470569986154,-335.38614683410117
cell_109923,-13484.638182914676,1877.8228277460257
cell_114304,-10201.173970175532,2464.183355419566
cell_109002,-11101.190588031526,3160.9396763249883
cell_109278,18414.637335114614,-5917.1792150068
cell_108773,14337.066812459745,-3896.8336775912135
cell_105932,-11414.159542967474,2527.7667948621374
cell_109060,-6516.103771362581,763.6517593360566
cell_113240,-3307.3357560785253,478.8726652747496
cell_107843,13114.67122285129,-3704.238778093281
cell_110775,-13670.453082631395,2293.0019678046483
cell_112440,-7695.051337868884,1803.518548912564
cell_113404,1863.525827155308,-1217.0798294075023
cell_105123,14102.848010026075,-4081.5542929976427
cell_16209,-413.01843863705045,374.86985092620176
cell_114098,-11141.544812128128,3223.887924557878
cell_16212,-12125.782327649838,2025.9305000554007
cell_28618,-6602.223192000478,-1667.7421239421801
cell_111561,-2817.23783347202,1089.3621896792756
cell_108086,-4356.219918046071,546.2726068589216
cell_107344,-10992.549284783201,1886.1056009466774
cell_105418,-13821.820507663935,2121.189852449235
cell_108365,-11934.61049500756,1513.9562773676757
cell_105177,18535.446055940105,-5696.553988261531
cell_14496,-9649.375087176872,4547.473831792526
cell_103722,17538.60922109588,-7012.764243911152
cell_28738,-9705.07367526194,-2741.6467309345935
cell_28401,18247.974983804444,-4711.7064188188115
cell_108202,1736.5938280921544,-1484.1406121121609
cell_29739,-9551.000745836634,-2003.7450400486168
cell_110977,-12564.03028167979,2841.162663980808
cell_110902,2998.0092282262835,-1253.6258667274233
cell_108903,-4761.980442947274,2395.7664805470336
cell_111078,-5574.519740917697,1086.6856742677041
cell_104010,-13749.112808319922,2423.9936386855366
cell_106589,-7199.501400196051,2806.4494680035104
cell_106697,-6156.993292176716,835.4328642296941
cell_112975,19691.482040632873,-5028.531270620697
cell_104798,-9006.98755830663,1416.6579163902609
cell_105779,-9918.810658871213,4025.3548722056016
cell_114502,-8566.846132151657,1934.0395736925539
cell_112476,25450.07366858854,-8104.183569858723
cell_15506,-6276.440806054024,3004.8065578265287
cell_14686,-11628.306807405257,4738.001785721055
cell_29264,-11130.201260644137,-2517.4544137996245
cell_104973,17569.672385589918,-4828.216795468784
cell_112307,-11042.441175996926,3028.944529976012
cell_28059,-10852.050050964788,-1394.0423342103718
cell_109187,20985.697805073312,-5917.08897631868
cell_29812,-9258.652862062638,-1957.5368372493772
cell_14300,-6196.139737312318,2378.0039104287707
cell_113410,-5350.764750565735,1654.9888302788756
cell_110512,-4538.039868151327,1245.2712690460962
cell_110634,12571.455577199946,-3854.4337358332
cell_15099,-7306.561258841511,4301.24419290643
cell_107939,-7790.173325117762,674.5477499061057
cell_108926,-611.3667294314255,3431.3301994513895
cell_104338,-13676.904375509941,1807.5586449058467
cell_103505,15735.901545126788,-4574.097431734282
cell_111918,12592.594737585132,-3665.229495728978
cell_111545,-5672.616526996691,2838.8285890675857
cell_113136,-10016.841516183067,2794.683823757152
cell_28546,-12581.16323151112,-568.7311813930183
cell_107027,-9655.857494512033,3440.2522659247543
cell_104290,-10282.598647129831,2914.7876466321545
cell_104694,8517.926317113106,-2781.5272487911243
cell_29354,-6447.185592076672,-2427.7531004842513
cell_106685,-4703.448021680806,1154.118162009093
cell_110793,16081.90282062222,-4748.949270995299
cell_111538,-10903.514717362525,2955.8097900282955
cell_14569,-4181.85905655728,2840.4940792068655
cell_111792,-10184.55250714514,3748.1551802987824
cell_112269,-9313.36448782373,1065.211665092968
cell_104847,-13671.895904857949,1868.7191183153786
cell_111852,-13641.017778361178,1870.8791309938877
cell_108197,-11016.183781553795,2864.7514854237097
cell_106785,-4971.093987116169,688.4570966773933
cell_113720,21698.53909843397,-6341.7352558199045
cell_108755,-7323.5486894534115,932.5689161670617
cell_114409,12721.491665272895,-3665.2431006117345
cell_106545,-12325.452335879532,1526.7999707869635
cell_108065,-9308.706766407762,2483.408724865308
cell_109374,-12314.868883726189,2340.6463906005583
cell_109549,-4085.5483478940996,484.66336683087644
cell_107838,6199.072678043759,-1670.7232825022918
cell_110829,-11719.40808004503,2139.499370175581
cell_107547,12557.15906565764,-3629.5852930377027
cell_108791,34870.77298830743,-3460.7704754720226
cell_109844,-13590.938284479742,1602.7465826441394
cell_28726,-9511.490427281817,-2877.389104798488
cell_109293,-11573.73762323699,3066.2287410674207
cell_103938,-12845.826134682713,1738.5560715772958
cell_14854,-8621.285800501697,3821.6385659997427
cell_15756,-3181.6565004733384,1927.391905141458
cell_106168,-3925.844560490078,1164.3808788136703
cell_106748,-12608.484037511733,1532.680812284453
cell_28212,-7328.987367287881,-1816.596049072323
cell_14081,-859.10881429338,920.2381213734387
cell_14367,-3515.4111992269086,1735.0475938240033
cell_27989,-6750.578703983095,-2362.920121149207
cell_106649,-10581.210261992741,2710.6304010627464
cell_111017,-12709.492051227939,2891.6247967611307
cell_108537,-7200.061772871676,2153.9435143685296
cell_104316,-3918.738398904235,862.2743970510834
cell_104171,3257.9892722524273,-1046.2951333140938
cell_104632,33039.451525808145,-4272.688313959506
cell_27954,-2798.2230549583483,-1414.9070905656677
cell_109866,-10652.509620882609,1994.3506265195724
cell_107227,314.26079845420804,-679.328234070121
cell_109062,7822.391188461496,-3372.0519187312575
cell_30024,38528.99078196433,983.2313352269059
cell_14723,-3742.388422578626,2455.021605817974
cell_28209,34416.34459479211,-3181.5633605607404
cell_104598,17825.902620011348,-5249.800337906033
cell_16182,-9142.694780026824,4894.341341730609
cell_103648,-11136.447825755875,1949.9679430615574
cell_14012,-4311.40737321591,2982.03004093733
cell_16034,-2266.2824133011377,1952.6514528120038
cell_104667,-10375.25210439981,2604.7654383016447
cell_110622,-4816.726216021224,2302.5342566433046
cell_110166,-9262.57064671134,2031.1214463234435
cell_108504,30136.491824172856,-5661.664376827498
cell_108961,-6591.241849014328,2967.8161753386653
cell_111551,12876.571345169732,-3560.032628299671
cell_30092,-9496.427449848497,-1025.4266635036279
cell_106663,-10686.553061953839,3476.384612260959
cell_14346,-11618.164218618645,5299.416645902686
cell_114180,-12591.215246889706,2549.840209692526
cell_107339,-12131.690125810725,1939.3401215941858
cell_14485,-9481.734498113938,5152.011017728461
cell_104842,-6958.206447343647,2046.2830882121973
cell_28844,-9055.560004788189,438.8806840096882
cell_30589,-9838.996778206245,-1340.7380136847098
cell_106410,-11928.53792507357,2540.6220433437875
cell_106417,-7762.410308364758,2284.934066314663
cell_109207,-11629.86565978043,1672.4182088647722
cell_109056,-4722.4001600722095,833.4045040438609
cell_15018,-499.9116031140554,715.3120502002736
cell_110064,-12311.318232774012,908.7727307231097
cell_29808,-9502.411439277741,-2557.2017062219325
cell_105270,800.1873858906989,-789.88598920887
cell_15276,-5780.592222244955,1155.0434887030701
cell_28319,-11719.5451622915,-1342.499075208281
cell_106387,-13702.443511040352,1720.3896361858071
cell_106484,-5902.974295558529,1159.8857135761973
cell_104446,-6626.25511908787,1640.1656357381917
cell_103781,-10558.613939930809,2638.2397060885314
cell_112225,-926.584320828346,506.7491374458336
cell_106966,-679.6626403463558,1556.4037165711015
cell_103442,-11062.804094056433,2354.2049371549188
cell_103564,-2909.455231459652,1236.858443252991
cell_111514,-3699.6056344398053,1063.5165217309507
cell_108895,-9615.17342143254,2699.2245605255553
cell_27969,38923.282567130234,2505.4588831643778
cell_103626,-12783.726024018362,1940.014598822957
cell_114036,-12268.114939119465,2183.4678492136354
cell_114040,-12201.201081766887,4900.803942894777
cell_103945,-194.86485193398707,4097.305340637349
cell_105694,32496.63886258594,-4857.523833762858
cell_106600,-12488.441083273685,2553.7324860550443
cell_105054,-10793.470321539644,2640.6574788412304
cell_108872,7044.355017605232,-2247.461108607091
cell_111154,29053.138988769653,-5866.064592725722
cell_28082,-11364.72129364773,-1053.7063648641058
cell_107085,1692.1780890568007,-958.7245198927129
cell_105599,18961.708068435066,-4857.196310246254
cell_113154,7210.318706893176,-2569.4346815732847
cell_16100,-5516.909638901874,2950.7544015577273
cell_30005,33292.713043549455,-4182.77424976314
cell_14669,-11768.7588868698,1367.126770591547
cell_27748,-9052.35763022599,-2543.8156344958934
cell_28194,-9709.334376299244,-2826.3892508498107
cell_15488,16357.465077840961,-4515.6366760080555
cell_109454,5750.520740194511,-1570.4852618504633
cell_114314,-5382.668832570919,977.3435287352843
cell_15784,13533.71915499645,-4127.77385461492
cell_27882,-11998.314826814838,-336.42327118290075
cell_108445,-10241.99433604553,3414.5636574966375
cell_104328,14761.390835913196,-3784.797963827987
cell_103328,-13250.910829484697,2029.7062919616349
cell_113043,-10688.24790763885,3421.1873903351457
cell_114483,-4368.770839276964,2073.7837234051126
cell_14938,-8423.678767013924,2639.8115299575993
cell_15853,15088.91797290095,-4382.268392520649
cell_106225,-10764.901654668147,1137.6618350104895
cell_28192,-413.86001059529855,-1344.803510517453
cell_106805,-2273.4388392298906,-469.12777904308786
cell_110221,-163.45567772802684,4229.712788847669
cell_107712,4336.5469368741315,-1481.4460875327097
cell_28223,-8560.40850134045,-183.2446947295262
cell_15330,857.917824069269,1631.6130063947644
cell_107363,-8798.723724027359,2567.8625482009775
cell_114480,-6058.267539443894,1374.6665245616903
cell_112737,-1309.0856277905075,-447.27675009073346
cell_113367,22207.425177220084,-7437.944163233651
cell_107646,-9887.558793956237,1633.3552107145563
cell_103887,-3239.443745601731,-362.9965306792028
cell_103528,-4097.343927144102,252.39277771719213
cell_105207,-6721.807433494094,1952.4269541383321
cell_14598,-4984.923344539563,2331.729633949533
cell_107927,360.14581496972465,1426.7917012072865
cell_28947,-3522.8986845182185,-2143.461985134982
cell_14741,-10351.528178986715,1957.1879653436868
cell_105447,-13545.674890938915,2221.714680728794
cell_113409,-13669.731151337623,1939.3514602083123
cell_14791,-5943.490589227129,3258.2561577916217
cell_30047,-10396.029340907364,-1593.5912579394937
cell_16012,21677.35740752993,-6783.559130684539
cell_111887,-6702.854371081663,1584.9535754507028
cell_109466,-12648.149739227094,2393.368103355062
cell_105320,454.08697296027674,-508.59090715405387
cell_14762,-4677.012261726069,3126.3442029472913
cell_113842,12018.93480094785,-3432.4180219817435
cell_113008,504.5446640579311,-1193.0646355632311
cell_108701,16593.71854430114,-4925.6707421292385
cell_106059,-824.6424012542741,3001.1225737857567
cell_112185,-12869.290195055959,3846.664987056977
cell_111473,-2788.2717536468813,198.73635914852676
cell_29481,-10372.118074298201,-1893.1465514483189
cell_113498,-12920.639099035028,2066.9466177309273
cell_106203,5134.012008656161,-1943.5220260821425
cell_15976,-10207.223397376416,5659.827510163043
cell_103742,-1845.0970410622087,-31.453559803981086
cell_15357,-3843.4735200333403,1930.6134680961222
cell_107674,14109.469776541097,-4020.3934465080406
cell_111282,11471.93541325157,-4486.180857256073
cell_29124,-10652.21943998363,-2772.4471700428353
cell_111146,-13816.892199765929,2360.268702975942
cell_27815,25005.21916182188,-7567.623668423606
cell_106507,-9516.383417948551,2217.875744615527
cell_15640,14807.052369478744,-4393.310077166182
cell_15460,-8807.459224492073,4463.735473831121
cell_14766,4361.007095042386,-1134.8857650939854
cell_104413,-898.2321885351979,2452.125860100202
cell_15261,-8399.008913753603,2610.0895563106674
cell_112894,-10795.448078284404,2960.523846607635
cell_111474,21078.1906083719,-6873.152239549976
cell_114394,-4572.146132101648,1603.8917198843928
cell_28103,-10728.866269776308,-3298.038159694987
cell_16286,-3672.062314436602,2766.281834778801
cell_113983,-13311.58748624856,1702.6625679040412
cell_29681,-10862.421106708529,-3408.4412107150665
cell_105282,-12751.23901493213,1885.8019313044979
cell_103327,-6334.470180738732,1086.1815087616733
cell_111020,-12957.777263865268,3119.839165824217
cell_103317,-1985.4293180556551,79.97310930852109
cell_29557,27001.50926653044,-8410.984311873992
cell_109693,-9091.189427037427,2936.6567248107276
cell_107114,-8281.965416353312,1521.953946534762
cell_108409,30391.530332845177,-5579.121138922679
cell_16211,-11644.178479257163,5370.325609796966
cell_28703,-9733.767571101334,-3003.404147250149
cell_112194,-10404.68898060109,2793.2003114712884
cell_110921,23019.314039708115,-7197.948046691577
cell_104169,-8145.101313588163,2184.759215218883
cell_28872,23155.72527479733,-6083.72987181224
cell_108711,-11832.67186082441,1790.6620606587296
cell_109275,1307.5911886507577,-974.867054549408
cell_30552,-4264.274791963207,-556.0187299437184
cell_15830,-9811.231620261406,2139.2258592829403
cell_107839,-10054.21061675297,2527.3363897573868
cell_104718,-6750.156374077393,831.5112432443512
cell_14578,-9828.623246986177,5485.684872469612
cell_113893,-3677.2565498062077,60.21361311030042
cell_14658,-309.7142764967483,1448.8201251407302
cell_28625,-10071.067909743733,-2344.468445306785
cell_105843,-6533.321940074699,1596.866712601466
cell_113283,-3518.9435656893434,1830.7922201646684
cell_106400,-4495.698364682312,853.5189463385931
cell_111878,18256.39643610296,-5454.242303848044
cell_110614,-11271.4651731104,3512.2067528568655
cell_108931,-10331.163598963036,1975.381984909153
cell_114057,-11216.267132174456,1585.8136345726139
cell_29109,-10323.260063132579,-3169.8988667197004
cell_110191,-12636.13485457297,1500.1839583455287
cell_108939,-11599.550034511985,2256.459458178842
cell_111370,5502.721981652803,-1296.7257993435417
cell_109937,-7109.169609670422,2053.382018036472
cell_28547,-10485.659200434337,-1225.2346947388075
cell_29912,-7684.114660557584,283.265684706109
cell_107817,-11551.912926301984,1267.0982018350555
cell_103683,17987.24498681946,-4620.360063582526
cell_27764,-11469.342200412924,-1581.925049958062
cell_108144,-13379.165683734924,1952.876139077367
cell_16105,-7674.108533554877,1932.5022765787232
cell_106865,28358.795749276676,-7229.142893763815
cell_106352,-10965.907731563648,2212.2858369859314
cell_104520,-2634.4011864189815,-84.39417324878897
cell_15491,17719.28324265129,-4454.026603789433
cell_110464,24070.73762064705,-7443.4617911646465
cell_108751,-13834.010021477001,1969.270006775981
cell_108355,21033.51691652849,-7151.7354051941775
cell_108959,29624.169738365228,-6354.4790882664975
cell_15286,-9997.539287869005,5639.020218531057
cell_27786,37166.24982289507,-363.8067378412889
cell_104706,-13268.970587278092,1380.5144794905175
cell_110998,17779.550553963694,-4663.18762349082
cell_113014,19275.243603083087,-6154.637063076618
cell_105613,-6731.723350548649,3380.3352132782193
cell_29305,-9183.543114269833,-2729.244868971533
cell_103814,11905.155824566817,-3437.1049195718074
cell_105152,-10159.507463705704,2991.502758279695
cell_106544,-11650.69348081835,1334.7500583126632
cell_106934,-7486.195805500298,1761.3000362360922
cell_15526,-5324.806803317646,2078.6880925201986
cell_114557,-11284.081044976743,2944.6222734975413
cell_109969,24174.03954123177,-7605.730770952786
cell_113908,-1870.5783968776122,2350.4166238914618
cell_112691,-1378.1592219257852,-64.04919278402978
cell_28905,-1316.9808087142833,-1808.9505848685928
cell_109991,18689.079594731727,-3955.8966650294096
cell_113679,-11951.117335496952,2848.4690067467886
cell_112798,-11518.027589328507,2966.6111804441625
cell_108083,19578.74821401351,-5084.3714481491825
cell_107883,-10760.863664015222,2840.476657894843
cell_104747,-3669.1895513842674,619.4154055131169
cell_111308,-10652.086527821995,1385.6683817154212
cell_112399,-13044.940218784588,2315.220063131014
cell_15146,-7710.271222886099,465.88795728897577
cell_107603,22366.02648048089,-6509.629433972573
cell_28373,-10376.891963261896,-1312.857211161699
cell_106682,-5593.54675817294,2127.825786916584
cell_109366,-3234.189448771209,-216.95824765420622
cell_112069,21063.066061320722,-7223.3348001940485
cell_103341,-13529.078926136457,2190.884830428715
cell_113259,1438.0522016740085,-417.75893576815184
cell_104985,18917.462047969766,-5619.19259670741
cell_107101,-12982.247028696096,927.7701885815142
cell_112670,-9567.054705435487,1034.994300827419
cell_105669,21976.608340874714,-7102.395105651208
cell_29555,3954.587293262776,-2382.2092373026026
cell_107254,31632.54111668106,-5155.528928335305
cell_108132,-2742.3778453769683,-149.42074396847767
cell_112527,-6333.643315339782,1299.4546470999776
cell_107686,24884.97185927499,-6611.592854602756
cell_14993,-11542.560344450898,5002.035189719926
cell_28469,-11030.226661129956,-1660.0508932857952
cell_114197,-7523.691357265751,1513.9736184323071
cell_114167,-10624.757161433252,3484.807378663482
cell_105002,-13252.104709534846,2401.8867598296924
cell_108394,-11541.28632122077,2061.7104595596675
cell_105615,14047.934432205877,-5036.436863088483
cell_106665,26889.353489078418,-8863.558091812274
cell_15513,-11811.35661430419,2941.8383828359333
cell_29508,32587.474644490863,-4695.680810307215
cell_14853,-10563.274386560544,5593.554814568901
cell_30227,34502.654358910804,-3536.389616168277
cell_30204,-9360.085842587549,-1899.7111539046914
cell_114221,18054.285884205045,-4627.356567261282
cell_110361,-6001.383220049482,1804.2720842985004
cell_104604,15039.99705769575,-5692.562331368546
cell_29861,-3858.102687522166,-1600.251495032383
cell_108873,-12594.467501055798,1447.4111643988865
cell_14413,-11262.715981356201,4084.5233608232274
cell_15368,-10271.824188829862,4328.600747022364
cell_110993,-10238.247911804057,1920.503605375619
cell_29097,16982.613664048466,-4639.590702114808
cell_112424,-10699.773638195718,2355.3671552539463
cell_30116,16132.041830638584,-5372.832429570891
cell_14047,-11824.782878967768,1606.500941601959
cell_29034,-4247.723800005645,-2359.2981530531456
cell_110371,-10137.335928587288,2782.3653298858817
cell_103428,-910.9655994474916,-463.77034523930087
cell_14287,-276.7655590053431,681.0110438789411
cell_29887,-7862.139453292731,-632.0877357005629
cell_110581,-3239.039160242589,456.6600904128028
cell_109348,-5427.950983949213,1191.8331903300957
cell_16246,-5194.216414642981,1557.872093502344
cell_108717,-6425.078223265585,1028.3809474303525
cell_113170,-4544.883357688116,861.9389119810646
cell_111060,16353.916260431412,-4217.756731419387
cell_14316,-11807.122702104494,4071.06376691006
cell_30580,28171.506236180372,-5847.424194790785
cell_29714,-10169.695004388015,-2620.7385042908923
cell_15960,-3660.1342253351986,2044.4919249998134
cell_110834,-2791.9498254112004,378.604781680326
cell_104570,-8818.933012785788,2831.040990848294
cell_114373,-4241.832835942839,580.5455534734847
cell_111610,441.7831861715659,-279.56625901715705
cell_29374,-7318.469558994042,-2757.456255942827
cell_30174,-10313.879860140496,-2122.4787655740506
cell_112916,-1895.8461056844592,118.02285227583788
cell_105733,-10536.510564899032,2494.9305839969375
cell_15966,-10341.086331714014,5162.217355991885
cell_107835,-6032.323077492042,968.741591958966
cell_14059,-8376.904807280738,2904.1506041005437
cell_105044,-783.3861094433604,36.22953025633865
cell_15295,-12200.919197720921,1080.8866493010783
cell_109705,-12259.57220391658,2849.230015197457
cell_108435,-7383.761741535896,1013.8258799771656
cell_104327,650.2860973580343,-1291.1793831742289
cell_107226,9865.521472184602,-3673.4069312176875
cell_29787,-11200.51465233794,-2644.0555308264584
cell_105082,-11497.61683866933,2018.7854239422566
cell_108658,-10622.2448505786,2514.9553875414927
cell_108404,-12528.152764094317,1006.0525398296969
cell_14610,-9601.468203426559,3256.250292282481
cell_106555,-8294.7734355446,1602.4593458559698
cell_110811,-3912.048173753684,1140.6939348868357
cell_110571,202.41863087683453,4666.136672340941
cell_113643,16251.971994221896,-4551.025825458925
cell_104399,-12276.053141359918,1846.8702546105517
cell_14035,-8792.781461565994,3688.029270954403
cell_29804,-9992.924801506388,-2883.5037836809993
cell_104533,21014.754766987742,-6290.287712153567
cell_103469,-11731.615497035773,2639.1007776030547
cell_103396,1194.1341068767706,-903.0881399078949
cell_105934,19032.426755466266,-5673.975822444676
cell_111096,-5652.466474636267,1539.4792252537788
cell_107988,13169.952068309012,-3771.2222201552236
cell_30494,-8864.995796368288,-2999.8652591863047
cell_107919,-10739.419008653163,2018.6009294545763
cell_108796,-13313.38307468403,1651.0198710863501
cell_15003,-2346.4371907933128,780.0573085217487
cell_14483,-9290.033595617013,4977.459742960522
cell_27845,-9793.097838600526,-2925.384392638262
cell_111175,-10829.139362012775,1815.3367774327621
cell_112232,-2771.7570451088236,161.45621553036594
cell_105010,32402.582349464843,-4783.357632805434
cell_15579,-10720.599872188319,4042.269772896837
cell_107940,-12251.530372337513,1997.242993934221
cell_105610,-2490.9794555169915,942.0971421442343
cell_107187,-10010.758422882518,918.6866833578719
cell_107971,-10632.566339746949,2631.422414133563
cell_109324,19838.412702674792,-5286.558368806796
cell_106713,-7081.419631668649,1266.4326529803723
cell_108519,-9496.958596612943,1781.116708151928
cell_112973,18610.570744450633,-4715.941820110169
cell_108077,22218.415632322012,-6278.380655443599
cell_107068,-9929.486344071196,1593.0384504145106
cell_109097,-906.8030214394928,-647.6186337383534
cell_111953,-9624.768188646904,1627.1588924352268
cell_107192,-10986.629204260651,1792.6969429620135
cell_108723,-10613.77173199964,2862.116265988407
cell_14102,-9244.50858417847,4970.898835664167
cell_111206,-13715.616540431654,2114.5256941022008
cell_15344,-10383.324978379445,5908.352694833722
cell_113872,-1921.3515149362413,1386.4395356653783
cell_111629,4765.676849612515,-2649.4144978436448
cell_30151,-9562.996604046195,-1576.4966122931596
cell_108925,-10312.512412470709,1670.210733231404
cell_29660,-11229.139800212452,229.78616769817148
cell_107786,-11934.066371935947,1670.447569708194
cell_109895,-5614.593457458587,1706.2986313186082
cell_105409,24236.70247671324,-7064.204387724215
cell_106542,-5648.667484524703,1031.055403580493
cell_16041,17643.850713739026,-5223.143524399835
cell_112851,3060.3307923847433,-372.01275934797223
cell_110103,-9755.948076121436,5234.663040323178
cell_103621,15051.194065013988,-5078.938114162616
cell_114280,-3221.9410233769117,580.7604685112892
cell_110298,-1536.8052616013993,2452.6010310767897
cell_104246,-13468.707159639871,1578.97691941797
cell_111672,1308.2264851228208,-664.086408189747
cell_28426,-8936.843058985574,-2332.0065622834186
cell_14738,-9732.798540719217,5074.777613769566
cell_109601,-13828.782068707236,1660.2535530875934
cell_28596,18069.246521258327,-3765.0893679297787
cell_29724,-9689.244561017973,-2543.766232981797
cell_15182,-1534.1187561001714,714.9039927296202
cell_113620,-7864.481948186531,2541.71643679353
cell_105909,-6413.991767787427,1601.3412757227652
cell_103995,-2591.270084654497,627.8670585018128
cell_104438,-4886.145495947597,845.376665193104
cell_110032,-7217.187919168596,1324.0166120745482
cell_27878,-6597.425311642807,-1171.1928475553357
cell_109830,-8003.938442862414,1578.4943781428071
cell_105088,18388.275723293053,-4507.761530812431
cell_107059,-11227.157329944968,2630.957689325096
cell_106338,-10829.179367194925,4469.416796029239
cell_111401,1100.0227608073776,-159.52220255183374
cell_108632,-2028.8720249099365,-8.847166701056643
cell_107887,-7970.054369150245,2775.382113230737
cell_103993,-13021.97626181784,3659.8721853479583
cell_111277,-12726.34310486031,1741.8467620648948
cell_29194,-5791.104690894219,-2121.3055682900076
cell_30083,20195.444158876242,-3917.0760070626857
cell_109308,-13246.977655397526,1478.4659293239276
cell_110705,-6184.012890548907,722.8447441651676
cell_109982,734.4324651289435,-1035.3091729903635
cell_16005,-8767.230643260338,2290.7506961872373
cell_107785,-2577.0719019561543,165.03475213499493
cell_15210,-5942.628422010906,3354.9988369236858
cell_103816,16546.446353241867,-4561.886621019757
cell_112728,9446.620344602896,-2800.773969208432
cell_114406,-9824.49044381179,3820.994309857511
cell_111462,11587.718632207969,-3453.3319018417483
cell_28939,-6977.7978680564975,-918.7165583887577
cell_28029,17073.114275876305,-5683.748594444067
cell_112815,188.44941476147966,-831.4360755821962
cell_111380,-10354.822993158348,2547.8645167728
cell_110357,-3136.558067233407,687.8796457011847
cell_110582,-2530.6373009207387,449.74856248839865
cell_105456,-13456.70569152973,1517.399897228524
cell_29979,-1650.603790937997,-2107.0383130387954
cell_106470,22615.451751030992,-6994.032178392142
cell_103449,-2752.429502299301,396.4665641001951
cell_114529,-6965.7118857422665,2126.441054555662
cell_107163,16218.436215377174,-5700.566608026243
cell_103912,14773.780514481283,-4387.974034629799
cell_114094,19130.23307341975,-6501.04681474159
cell_103651,-12447.698108083383,2083.0214856110065
cell_109111,-11772.208996695605,1274.767161861832
cell_112992,-11112.615861414624,2922.3736224750046
cell_110527,-1762.2644498921636,1858.5657656207372
cell_109264,-11602.47898381859,2101.6783624122254
cell_111857,-3962.2809630380475,676.9681058718774
cell_114454,-9965.691036351684,3217.335810830566
cell_112729,-10243.37925096273,1450.424801856887
cell_114016,-10352.136878553141,3003.2184890246563
cell_113770,-59.75138896396958,2127.4022867956496
cell_110556,-13230.820885186278,1895.0157653920862
cell_15923,-10294.582901886908,5255.468659643851
cell_30412,-11529.752733907746,-454.78578969130723
cell_106101,9590.471025617253,-3328.0945999514724
cell_105434,-12202.406005374649,1347.2135510020921
cell_14506,-1882.057305118576,1434.7438867935712
cell_113004,22455.06180322882,-6571.156997490082
cell_30283,-6889.046194801458,-2529.965447768327
cell_113069,-11952.774520437675,2737.1537101947456
cell_29757,-8410.20233630056,-2600.5810637874374
cell_110487,-11421.644489471095,2898.1945736682283
cell_107245,16974.795181696853,-5057.811044380904
cell_107591,18883.00920962723,-4897.7252065827615
cell_106090,32908.7144342779,-4504.941004327685
cell_29014,20349.976723646585,-3719.8699761220464
cell_107725,-5312.882538928708,-27.562397429741253
cell_112460,-10796.057862674528,1901.0479786297233
cell_109381,31489.692898936733,-5035.587137565542
cell_27801,-7317.04202072964,-1911.180511254498
cell_107522,190.23673608683924,4502.902849602399
cell_28156,-2420.796198945846,-1809.7861285912227
cell_29610,-7737.388728142062,-2355.832607922171
cell_107010,13420.642875503132,-4695.401912798284
cell_15724,-7170.473491843067,447.5079200881125
cell_113252,-11914.8579808487,2630.093545289299
cell_107873,-10584.71706403161,3548.062458565797
cell_103433,30973.11845442225,-5395.972217048451
cell_112304,-11474.794482761123,2911.210424885557
cell_14478,-10715.748534734214,2400.3153286195775
cell_14785,-480.5719883518407,947.6027245199185
cell_104439,-9563.736323395002,2601.6709845419255
cell_105630,-8755.653103410501,4035.4074945042075
cell_105204,-4074.940763828157,1079.382182261741
cell_30110,-7596.371068027763,-2520.4698745968326
cell_107934,-3094.8215654258615,485.5536363608087
cell_104531,-12631.772786781261,2578.5789759798727
cell_113135,-6379.652634216138,462.8491251151394
cell_15466,-9548.052677811691,4292.388847807536
cell_103908,-9594.348538738723,4724.532734063345
cell_16002,-415.9363244471592,1530.941446666728
cell_108490,2265.569906510804,-1130.6206341118468
cell_110059,-5271.665204938441,21.63645280050668
cell_105231,-11098.47288631721,3008.3618040296565
cell_107446,-11159.336060380845,1317.2479358838389
cell_114025,20491.264734915017,-6310.251964359603
cell_113802,-7618.486415755894,1715.4909329441055
cell_15183,10647.650211059756,-4310.3730975384415
cell_110095,26800.985588542982,-6632.3921864991125
cell_111144,-10596.13576686765,3792.303487589243
cell_112937,1514.354805972568,-150.20233750804644
cell_114256,2633.6771705783804,-1721.4173687968596
cell_27727,-8992.660141457272,-2037.4268662051438
cell_104830,-9466.90432612383,1539.5398237884501
cell_109861,-6285.673049696238,1643.835582331635
cell_29451,-10286.113424900344,-2133.3240041221397
cell_30569,-9754.837895649287,-2473.2614764281334
cell_15524,-9120.094485608994,2044.9791472989248
cell_108768,-3729.7578133902325,462.69514769330146
cell_109959,-4475.768676434378,97.09732786053969
cell_30530,-6020.781450364559,-2155.0981839060605
cell_107420,-1047.7625306290138,3771.1563528340803
cell_109615,195.79487230339248,-311.6529762660705
cell_16260,-6872.8675169667085,2622.3403285905842
cell_30270,-9889.669481247809,-2322.9239060384875
cell_105890,19284.55163527076,-5965.744187346048
cell_28240,-10737.882237451397,-481.79233740036744
cell_105234,-11401.118704386556,2216.8391218111283
cell_107125,-3671.218902067482,729.246385050456
cell_110000,-10596.851262129285,3759.355025963838
cell_16081,-10084.167324357673,6135.928481776803
cell_28574,-10902.891806462167,-2266.8976538639845
cell_108464,530.8883077849714,-1094.9886790982855
cell_112470,-13782.40666740227,1796.4164568362457
cell_104571,-11429.210248183941,1486.9186153309122
cell_105536,-9800.931366324658,2990.590849558698
cell_103339,3937.8114739166863,-1380.6027180429778
cell_28972,-10900.727064004068,-2667.6221131786183
cell_113444,-12510.906942065423,2524.5294930345085
cell_106833,-7429.219702438324,1929.5522749113727
cell_107055,29851.090430199565,-5703.444185160904
cell_114367,-10436.748773935653,2865.045820496651
cell_28019,-10415.571147926104,-908.2358862500913
cell_114464,-12261.456870469478,2637.0631833398893
cell_106688,16310.702186685727,-4566.017673590895
cell_107743,-4212.661558599588,680.6782048901094
cell_108840,23895.924509762404,-7526.285960382408
cell_113863,-10904.450780333638,1801.3374658982
cell_112046,-791.0543071096783,-346.0733090299165
cell_111927,15524.805165841506,-4652.275604958166
cell_110412,-12995.672842579334,1238.4516981960853
cell_112512,7839.065535478465,-2622.3314199120246
cell_111391,-10782.729914692312,2199.5012773772623
cell_105912,-7122.711672956222,1251.0323466391194
cell_104289,-13161.688076917402,2325.2975126640663
cell_106171,24041.44271429995,-7453.983818819795
cell_29114,-10565.859077971814,-2928.264615289109
cell_113182,-12376.837637337841,2744.8916749278674
cell_104988,-2834.079961566827,281.14367721296264
cell_103360,-12750.750728043322,2266.6534770913104
cell_106841,-10641.192147786813,3262.125215219069
cell_109176,27027.01843107922,-9062.521737901694
cell_110546,-10835.610650418665,3370.26102423939
cell_113765,33638.09628371076,-4469.933849999236
cell_110503,-6888.36717548683,223.87368853655656
cell_28257,4600.3683265784675,-2789.9517640312815
cell_29909,26365.61155420651,-6691.857914399915
cell_113508,33032.46373112916,-4681.879084726323
cell_28548,-3393.9111537244416,-2081.7331551337757
cell_30093,-5276.475158086293,-1456.969932352495
cell_107643,-11164.047090562932,2854.2476782501058
cell_107146,-5817.018526029988,1354.000958220545
cell_14432,-9234.819721348791,4918.1601618177365
cell_108335,-7698.1744483850525,1058.2026831355936
cell_30559,-9889.397334079164,-3211.7112966585987
cell_104453,-12461.107680092458,2400.748820346081
cell_110747,-11325.434222675764,3677.1119879696084
cell_30126,-5215.608851025227,-2344.300837112717
cell_15335,20045.285427190258,-6129.948066191455
cell_109892,-10571.592271014926,2744.837288842437
cell_103916,-9106.809339289763,3428.1410599251226
cell_113144,-10130.412033302742,3206.6695747100193
cell_109654,-12196.119690850222,2232.0191361964044
cell_108770,-12182.902372876753,1713.623887421365
cell_28772,-9932.019718144253,-2618.1623335630647
cell_104185,20086.267386034968,-5479.485086497892
cell_109700,-3855.331805310633,525.3005618809917
cell_103783,14869.758647384451,-4488.744416722505
cell_107739,32956.27928076025,-4758.970648885504
cell_30521,-12325.466765592588,-284.9155377883293
cell_108730,-10737.622936236454,3060.207264912057
cell_114508,-12437.281203850416,1394.6013089655917
cell_29362,-8406.245231434861,-2001.0536119717235
cell_110720,-3488.4310452895966,795.3880692894722
cell_105637,3542.5384379756556,-378.8910812198805
cell_113083,-5363.405389825634,2471.398350176116
cell_111455,-12158.692449729147,2739.534915167812
cell_107346,-7317.626828734343,1645.1536695418863
cell_29572,16904.1117254858,-6174.9652848844125
cell_14382,-10798.367957428673,4148.0730350740805
cell_110522,-13739.859648839774,2339.7503624489113
cell_29536,-11020.048367951964,70.45273722572176
cell_28386,-9551.845713883606,-2706.8986489977983
cell_105091,12894.182964403406,-3675.3270167775154
cell_113347,-0.5871267650683654,2076.4543325621476
cell_28693,1591.9133575417316,-1914.4434803555464
cell_110376,8458.60266219473,-2692.707053818847
cell_110101,-9612.372083047909,1417.4784865423833
cell_110905,-7092.255856564819,672.6267889769445
cell_29182,-111.73561760161284,-2324.496292036839
cell_106455,-3120.324596024376,621.0192925893465
cell_108818,-13562.017906643972,1936.6745202337747
cell_108207,-2816.378179368441,588.3868950476519
cell_112695,2794.2767730200267,-1851.6316689182268
cell_27875,-6459.119177138112,-1846.7038123973111
cell_114276,-12927.88700052857,3360.1159728834937
cell_104855,18.17968912626335,61.310690987207266
cell_16170,-6867.671884145547,1571.7559472340458
cell_28976,1601.8772231150247,-2136.523078021203
cell_30052,38771.524202921275,1660.5136471003248
cell_105790,-2444.5526957117886,-55.04539279667201
cell_111356,-7373.993967799332,3038.357459393566
cell_109045,15641.08940041981,-4316.746198379432
cell_109228,-2927.7545455643467,454.90162964847434
cell_108627,-11251.012903490706,2732.8907880269207
cell_114427,16811.20152226098,-4763.615735500144
cell_105659,-3904.627454066927,459.9472010164485
cell_108838,2765.753278766494,-1112.8001193211578
cell_106731,-12642.935261464112,1046.77564078884
cell_30436,-6038.306893495015,-210.81626090037236
cell_29384,-10731.674978294552,-1766.8292418537756
cell_107736,27665.24952449876,-6423.974043431172
cell_106755,-10409.436274198315,2756.9472367981175
cell_14202,2108.781808558823,-433.2838096999872
cell_104263,-10217.372807169024,4458.430186903354
cell_29123,23655.525832134368,-6921.410089277772
cell_14904,4407.3624649285,-1241.9923263315006
cell_106812,-11568.265914588334,1508.595881351118
cell_13989,-1491.271454640891,1726.9833638822126
cell_113715,1253.3383403228308,-930.2293843875783
cell_108001,-2257.5972072117897,519.6146466070564
cell_16026,-9525.060141149062,3714.626231868807
cell_27936,-6264.667163663982,-2401.2325091063462
cell_111826,-7949.768457764628,3325.9117737454985
cell_106100,-454.5006926269922,262.8474739726889
cell_113949,-12979.420338657186,1451.6919356447697
cell_29792,19510.46185311407,-3653.6252249951435
cell_112006,25361.41634163851,-7674.924973396332
cell_110752,-11836.741250300347,2851.5875131000603
cell_112928,-7931.338320147688,1799.7269618344128
cell_104649,-9781.089915677547,3676.6609232615174
cell_30089,26953.47117854464,-6421.7337874087125
cell_107312,-987.8343446137835,2960.3560426564018
cell_114430,-13509.598521911783,1844.9300237701505
cell_106482,11965.161698507633,-3263.288947039284
cell_108098,33365.757014598705,-4518.149560768988
cell_113408,-12697.583929542727,2502.3271106750294
cell_14254,4970.502687090988,-2417.836901867969
cell_14449,25196.151251717056,-6317.5713655136515
cell_112811,-10297.052046437602,1090.8317556176546
cell_107305,-2382.2304125085916,240.1961495223868
cell_113544,-707.4129340999493,830.250144339108
cell_106333,-10774.56854978965,3121.869185808805
cell_104006,-10962.81231259575,1935.346747552583
cell_113981,13326.2397946627,-3965.1795804909702
cell_111881,-8588.4268868619,2342.3699671544287
cell_114044,-10189.29347452361,2005.6802226787847
cell_112094,4393.161360542661,-1328.5741672853176
cell_107742,-2982.4639185406113,480.24983293420246
cell_113194,-1409.3294405705506,1308.539075253847
cell_106917,18760.147087584966,-4955.0700973000985
cell_30631,12973.14708505383,-4256.6805004332455
cell_107484,-417.669722723904,-1131.9064831648009
cell_105748,-11465.77777117288,1472.691347117793
cell_113393,-12658.794762751431,2724.340053008248
cell_104447,-8257.941530761502,480.414525134735
cell_14706,14838.191803186079,-4489.272373856022
cell_104224,-9777.092975632497,1754.9543613911933
cell_109963,-12974.668234909883,1604.6268954742766
cell_103477,-1295.8658817801852,-287.3964311151016
cell_29932,-9900.670175282365,-2648.240195212909
cell_15816,-6576.626895896411,1449.3015931793914
cell_14790,-8599.385434261616,4077.50694808517
cell_113775,15131.751774050028,-4559.047596283171
cell_30199,-10568.027781983383,-2725.010864699137
cell_105663,-12023.42174365875,966.4906490477405
cell_109731,-12188.611705290094,2385.07475146221
cell_111334,-2175.5840233676972,1068.9397070932937
cell_112502,-10382.522360114555,2660.21355782389
cell_111565,-4916.17437700716,2657.586237774912
cell_107836,-11853.149801489559,2323.7499403318257
cell_105590,-13280.446689159084,1171.3872983247543
cell_111515,15297.278593388963,-5564.636548043024
cell_104998,-10888.11907961938,2550.210150668514
cell_106612,-171.4707263576689,-834.6658382016816
cell_110501,-10225.316744516176,2528.622806288784
cell_14607,-2847.0670230179353,1686.702353225905
cell_106370,19183.20183839185,-6628.758697932496
cell_105061,19892.078050818294,-3692.191316889128
cell_15098,13188.957304844495,-4114.460213782385
cell_28092,18610.76186765851,-5740.844829916765
cell_111946,-3761.6457991565494,530.9134867638091
cell_114240,-9015.999418056821,1603.835877168133
cell_107388,-11238.990032841044,3402.9106571183975
cell_108512,19087.26504318187,-6051.141976319037
cell_110365,23813.55116042826,-7272.40654314275
cell_105344,-1777.1585417243284,224.4149630655734
cell_15006,13215.931401409967,-3753.074262980137
cell_112782,20150.268349287184,-5248.593107102748
cell_108545,-12053.299239517257,2588.9769288968146
cell_14923,-5208.273024132277,2434.757393840665
cell_107654,16043.036867977562,-3857.910570139672
cell_107031,-10480.357493721247,1806.2550088480798
cell_107074,-1094.0059205710966,-197.31439941677255
cell_29399,-9667.657335377364,-2179.049014743435
cell_111084,-12953.555776251824,1530.5543487052396
cell_108288,-10411.328517134561,5671.604201698604
cell_110314,-4964.272203685067,1405.4151888668296
cell_114518,20927.26658448527,-5900.590973639091
cell_15971,-7992.7167773823685,4241.290406603044
cell_110608,22889.169381137726,-6743.521191437123
cell_113343,-10884.62011679989,1976.0950181977457
cell_108076,-11717.673874599695,1958.4265084966985
cell_103713,-10317.866163826071,3692.0936297554613
cell_28022,-9806.439180597146,-2347.547966054614
cell_112898,-6848.554370165041,546.2635429252398
cell_29221,-9961.311603203305,-2688.4997360755356
cell_104777,8891.274263870835,-2818.02325387842
cell_111452,-1564.4109964949455,-166.05329999366091
cell_114100,-13395.510738454645,3262.1732859446415
cell_15225,-12236.351945471528,3942.655098870375
cell_103372,-8827.202735495126,5236.149328061034
cell_111274,2136.0216410916764,-1095.4966288216976
cell_105449,-67.95619376237408,-621.9699484357018
cell_111068,13304.579085954558,-4377.679800850153
cell_28335,-10791.82274109518,-2506.6609469216073
cell_114292,-5694.549569867941,947.8680700288238
cell_112724,9722.448411466767,-3218.9114114069944
cell_112105,-10211.139256309767,1424.7232050803968
cell_104816,-13359.697662710745,1423.8146065046833
cell_107207,-9783.637930565725,2223.1516247433365
cell_105687,-4513.326480574241,1387.8582404785736
cell_15212,-3509.102101074776,1488.184155779855
cell_29473,-9855.060031982823,-2632.215019274644
cell_105794,-13923.967422401598,1828.0732777616322
cell_113740,-13598.508468665657,2666.709879677443
cell_16029,-5238.705574178734,2813.007240519603
cell_30234,-2448.4825152051844,-335.4147190634883
cell_109250,-12224.960569691066,2508.210780984431
cell_111375,-2274.9934330641995,30.943235312420374
cell_103310,-12074.771386053833,1995.095513066934
cell_30055,18999.22699825768,-5616.372116208246
cell_29497,18355.744012881958,-5757.847521744754
cell_15604,-1132.6314457814847,1017.0915938853002
cell_111873,-217.75140494627885,1394.433297156024
cell_107831,-12974.436848251165,2377.2078911644458
cell_110189,25684.730770044403,-8384.15702309916
cell_112571,10513.943669503677,-2858.6424203698075
cell_109631,-10791.550526256086,2461.062984991317
cell_28109,-1805.3433591600606,-1351.960719189633
cell_105622,-1807.4141515529043,86.96713115939367
cell_111602,-10419.067336514407,3069.603502925003
cell_106640,-13899.611164317272,2105.377913340336
cell_106409,-6092.889973301057,1056.7396001064524
cell_107504,-5639.659602543861,1136.837064443685
cell_109879,-3315.291356911228,-270.3707898133573
cell_108750,-10516.33093372529,2221.9611699204256
cell_105179,-10273.76821929721,3899.957407432646
cell_108032,2677.5943643443716,-135.24332287955252
cell_28666,-10241.677995604941,-2152.0914497186795
cell_107579,34194.808229213355,-4167.81701608022
cell_106506,19506.447137533247,-5163.330862788677
cell_15567,-9424.990635500077,5894.678715919418
cell_114413,-12589.195332660813,2782.5602589391783
cell_105388,-8245.211963114043,1559.1626089925942
cell_109714,-5876.092065306375,545.7539175787746
cell_106097,-13142.905462027902,2399.329554032809
cell_29072,31389.51220817637,-4855.978099499276
cell_14885,22711.51859551035,-6890.683930204065
cell_107997,-9971.86461397284,1292.8802688938172
cell_111884,21537.78490726803,-6497.757743624817
cell_104340,6254.736110176159,-3108.5993998282665
cell_110290,-10423.511586658322,3181.836282374826
cell_109646,2831.970736781201,-269.06221156042426
cell_15614,-544.689891733036,695.9431227896616
cell_112802,-11358.268602782013,3614.505965216914
cell_112841,-7638.132467783806,1561.340432493292
cell_108897,34077.34499378448,-3858.2813496293293
cell_110078,-13046.057294704895,2651.4710697977366
cell_29096,-10330.53903285625,-2352.2635754954576
cell_14419,-9919.102643884813,2784.4254816323714
cell_104188,-9701.38611625156,5313.239830503975
cell_106802,14216.798692089762,-4223.748696646181
cell_106205,5722.425628653342,-1915.3376375811483
cell_106638,-13871.506364400966,2144.5274779647534
cell_105361,-10958.788053598078,2737.4411886325984
cell_14431,-1992.0676346404634,1111.6136646940708
cell_111256,-10445.809608348045,-981.5176330724577
cell_14639,-10148.149542311854,4414.843411993802
cell_16252,-9993.943744854527,3619.86633588511
cell_104624,-11079.073673351857,2623.9168521525107
cell_30608,-9885.136211197363,-1792.7379634820643
cell_27944,-2891.784119880972,-1688.2438840657608
cell_107095,-12508.32526209567,2767.6258923590694
cell_27902,-9683.407029822169,-2802.5305662775845
cell_110076,-444.5991816320061,-465.90605101697463
cell_106463,-7463.816946755879,1019.6894042829135
cell_109436,-7254.685560356037,752.7597303721037
cell_14062,1146.1547711723813,-1173.4822898182235
cell_29349,-11200.825519679946,-1101.2556646320086
cell_109076,20748.75659637113,-5817.720179623554
cell_114487,-3688.080190682279,1168.060448730048
cell_111468,28622.649524995464,-6143.927832151773
cell_29343,14048.11280929673,-4192.802262296578
cell_108327,17512.484511123203,-4487.694672588223
cell_113104,-368.36026083499166,-168.42549464893202
cell_29223,-7232.131898942989,-1345.2757705337917
cell_110299,-12124.574862916763,2124.957907611517
cell_110222,-13786.245162247933,1673.8902168615025
cell_109490,27329.621843263783,-9211.933757022127
cell_16245,-2361.6644856571097,287.7101448892949
cell_113988,-11461.537410433397,2342.409411113028
cell_16304,-9644.250048669346,2689.070008089495
cell_103530,8102.769967833768,-2510.736303351392
cell_112233,-1160.253525205095,-54.97481100573764
cell_29563,-10193.1484164066,-3423.8164730282165
cell_110133,28466.33320015201,-6083.8485721746965
cell_103340,17730.687309345598,-5731.323122735755
cell_15143,32041.79512934643,-4997.478581148281
cell_15786,30110.475795179762,-5524.471273694739
cell_113855,-9936.481990987755,3522.096567186046
cell_104182,11498.213211019764,-3459.374900663056
cell_111849,2299.6832861296393,-995.619130857903
cell_106147,-9964.371626229928,2832.0352838088234
cell_15606,-10535.200849168166,3154.891807324634
cell_109313,-8288.913148701831,1736.9328339376145
cell_16121,-11244.79414497582,4325.35955470482
cell_104451,-8043.971294110781,2118.7746473294064
cell_28187,-9666.396589871032,-1695.9812440667292
cell_107035,-6057.65820979788,2352.4140314563783
cell_106625,-10194.207151765011,3199.241673319729
cell_29501,-8510.122156177276,-1747.532032022292
cell_107688,-8317.885838392,2482.2100164781186
cell_110955,-11611.000540833114,946.7047594330802
cell_103517,-12788.332416749774,4423.9728703176215
cell_14717,17881.90438171338,-5192.07961059192
cell_112678,-3667.586188211547,-48.32084010094514
cell_110947,21164.87885356801,-5953.8978203176985
cell_113448,-4179.995590920927,1854.5968065314476
cell_28589,-10700.57088203982,-2491.870667468448
cell_103411,-10213.62809234278,3067.8879056195415
cell_30452,39196.40400189198,2469.3567143258256
cell_109518,-9202.353363975682,658.0046955028179
cell_28924,153.93380928480212,4376.833055722065
cell_113420,-13100.943854825331,3634.257487955609
cell_103966,13031.892333848156,-3816.937345832755
cell_110545,-3178.111275260331,398.65539071703694
cell_110439,-6708.117503478221,942.94458135852
cell_111810,-7134.381358971615,1639.9789405023312
cell_28898,27325.1328686629,-8755.830125241206
cell_108271,-4149.795372202303,557.8508726755699
cell_108038,-9477.69767308606,4734.591413218393
cell_28737,-10012.030644692933,-2047.3416741020258
cell_106369,-10828.659788687877,2496.5006963440683
cell_108535,20341.075158055028,-6333.389676368899
cell_111786,-10624.709931514295,3238.6265086657877
cell_113616,-8531.283085915993,2611.744695489189
cell_29247,16399.977068417575,-3612.6555109336327
cell_15557,-9949.77750316813,6475.544792844928
cell_103662,22234.362714896823,-7255.185827992226
cell_107681,-2634.1237189865888,324.89989207021966
cell_29553,17917.03707065714,-4626.504384922341
cell_112415,-11322.796120440476,1481.5038131808217
cell_112072,-4070.0329752317025,139.89691495657954
cell_112560,28665.58147661615,-6689.487992068561
cell_104578,-3079.9083793710397,534.232113141742
cell_107491,-9306.449439544951,1831.9267660386774
cell_29338,19728.601054213264,-3637.1274944446545
cell_30046,2395.4211532240083,-2251.440025366032
cell_113106,33755.7181710044,-4261.09475717241
cell_109916,-12292.799692940247,1404.3697984889109
cell_108422,-12840.087119578493,2012.509107242886
cell_29430,19338.84323558482,-5497.684025922083
cell_114007,20182.59196857663,-6798.785487002563
cell_28883,13825.689874376149,-4500.959861135234
cell_110827,20991.324763264325,-6519.557375156626
cell_110684,-12107.453514977147,2876.7672754265413
cell_111591,-4831.304391222957,562.8697247386201
cell_108073,-2836.9812760378177,99.69078031363428
cell_16200,-9424.581168821622,1950.1968521386095
cell_105633,22359.386110641688,-6219.443879783454
cell_14996,-10745.515345296613,5074.793242560791
cell_108875,-14001.49338014354,2160.6413488949083
cell_111002,-3988.5011646190724,801.0612056007703
cell_107963,-13208.116439755026,1095.9795864918165
cell_111783,-9258.529829053898,1519.559885168886
cell_108880,-54.51390660902519,-292.7306766376988
cell_29080,9376.54582974204,-3142.3603391778515
cell_112697,-10824.60620246847,3398.340425875567
cell_15839,-7695.768963901193,3706.5576336874724
cell_110413,-13580.89909818597,1826.5162855025478
cell_110996,-4850.32379505992,1422.859163389549
cell_106501,-10113.309288206154,2336.6960184133973
cell_109864,20547.1696644676,-6628.133190201854
cell_111581,-11770.486786117623,2874.750884369575
cell_106342,-4395.136200536896,612.2884925889513
cell_111549,-11130.604920703707,3502.564386300291
cell_104179,-867.1744401596736,563.7526671227727
cell_29569,9461.082354350921,-3129.1863156612744
cell_109215,-11311.815631010644,4832.513051874377
cell_28142,-9611.207579759131,-2768.6849408469798
cell_109753,-13830.091281318157,2050.5632600713307
cell_29599,13054.26658214908,-4288.070836213236
cell_108452,18820.197828485267,-6416.979115909064
cell_103361,285.62395543831747,1742.4135100798162
cell_104129,24215.517034779587,-6420.274863685171
cell_106846,13473.07281925417,-4405.2706041753245
cell_29570,23986.19389904603,-6693.054848358356
cell_14070,13745.286019401174,-3962.0938603648447
cell_112914,-6033.9117327484455,431.01024519069625
cell_28771,-7012.848670832665,-1820.9638324900134
cell_28046,-3316.6495701580047,-1675.2613380467321
cell_28207,-5255.3788001134435,-1907.367337063494
cell_29474,-10131.615339264428,-2824.41537624366
cell_103509,-10159.68844350149,708.1924558585955
cell_27787,-8432.241249920711,-292.5197997899188
cell_109420,-2889.1252364704014,543.8409283129837
cell_107410,-10184.158233756649,1894.4770168500095
cell_103462,-12651.242652476243,2252.1743184634556
cell_108745,-1456.6302021993863,119.60455615937877
cell_110156,18262.60133465787,-5507.5391406086255
cell_28655,-143.03074579075047,-1995.8620097842463
cell_27955,-10490.117058221342,-2539.953333242885
cell_111621,-12936.82688098761,2949.2114846756067
cell_28716,8099.190743779979,-2899.8799276048435
cell_105845,-11272.860930268847,2488.8106286534335
cell_114315,-12188.7886166558,1808.6695802359654
cell_30201,-11990.353003971666,-402.78831735092007
cell_111908,-10157.626395842719,1439.0601259562093
cell_112786,-9901.250431507717,2680.596712905087
cell_28510,-9982.644401009307,-1645.889168854574
cell_29833,-5179.046421935566,-1817.954215046455
cell_111523,10054.792143025434,-3169.5922487340863
cell_111260,20484.517844480106,-5671.638278214138
cell_113344,4064.0504526628115,-1431.2839559587785
cell_112637,-9758.02795163032,3737.1991526091106
cell_104243,-4224.440675047801,1080.1294656143282
cell_105533,-12506.892305546018,3539.98362898774
cell_111566,-6380.4983907995775,811.6547112132304
cell_111839,-13054.738979139021,1101.2889364098705
cell_28154,-11018.635662589366,-3474.371268058282
cell_105585,-11704.501859353593,3056.663184846166
cell_108527,19488.405526239876,-5065.259472099823
cell_112360,1793.5486584791527,-728.4920265931636
cell_15364,-9014.137959114925,6034.826142501091
cell_113373,-12607.409825164095,1249.4838716257432
cell_106957,779.7460523929459,5299.052672397176
cell_112768,-12456.521951258275,1790.5390533883467
cell_14733,-7558.329291381501,254.73537993519454
cell_107397,22838.475180977333,-7249.122101298657
cell_29209,-11552.864513687915,-1224.9879907011616
cell_103935,-13221.949723569112,3913.234518801719
cell_28500,-10314.370914836696,-3619.598600196622
cell_111344,-10112.611099307373,1786.9141244090172
cell_114513,-10579.076379700164,2662.3987295016923
cell_29935,-98.78250922735984,-1889.5032899941175
cell_109221,14551.499858840309,-4809.366816929798
cell_29824,-10211.319880828287,-1660.6069618909726
cell_108766,-1992.6484775716317,602.0871796157458
cell_112707,-11949.461356987218,5058.468261089425
cell_15626,-9325.251413749347,3807.6958452051617
cell_106485,16535.811509343912,-6103.204972793584
cell_15498,-8900.946190284289,3257.7621937582862
cell_104753,-1345.0822119661561,-487.1564673388283
cell_104515,-12432.584451717104,1350.2537101618236
cell_103436,15423.300450365608,-4117.832503759308
cell_110831,-8142.703534522438,2702.2796014862665
cell_108484,14012.428703831249,-3916.3141529866284
cell_111603,11763.777897129337,-3466.110882279854
cell_112650,-11550.810564391053,2600.9881538782947
cell_111748,-12821.250352598205,1565.9678455841442
cell_103917,-12479.122722847997,2488.1930699364902
cell_14805,-6103.554475205376,1980.686207665106
cell_15743,-9718.070146481383,4215.852534301532
cell_111050,13390.615513045375,-3924.654393128743
cell_107319,-10177.629933831595,1469.2420401762174
cell_110520,15333.180286405803,-4159.282968118201
cell_112157,-2644.398848282481,3.956537276281538
cell_105308,-13280.313554215465,1993.9668101831944
cell_112091,-13184.324587127621,1736.6390628958568
cell_30422,-3156.5778293343574,-1705.4515033007795
cell_108841,-3702.248930109297,555.1315177110445
cell_14615,-7247.602881056194,2965.680694546358
cell_105714,-2067.140070356654,623.2420859725293
cell_16050,-2949.3321654284564,1865.4345825272296
cell_105967,-11713.21419475299,2288.2239459990687
cell_111777,-3005.8183241502416,-139.85425951146055
cell_103630,-9638.909773701424,2966.33227765869
cell_112220,-13232.933781264412,2067.477369611309
cell_113251,20263.087584395904,-5789.880521580914
cell_106055,-11912.018191830632,1598.1393616324222
cell_103866,-14017.052478309839,1955.6580223196513
cell_110714,-11211.925577995893,2683.415175351596
cell_107761,-8608.404661425715,1609.5809091421067
cell_28438,-10466.757317463147,-3527.096807570447
cell_108290,-2171.9846752107146,246.73732950827736
cell_111442,-7089.814651060187,1480.529501471086
cell_28868,-8900.99072001248,108.56519372362006
cell_29259,-9960.401237740207,-3301.7752029858184
cell_28166,-7620.602060997719,-2410.4480424194
cell_108034,-9920.289811236453,2107.1544450234023
cell_29017,-10233.931955113354,518.6052138842898
cell_15597,-6854.534208804468,3066.2023669791597
cell_112544,-13424.560524693681,1700.4411921048727
cell_111263,-9646.548325341568,3162.430542016683
cell_111421,-11600.301870766301,1188.6296113782457
cell_30178,-5063.3721791449325,-2140.604129238475
cell_110889,28911.23068192715,-5998.948937700418
cell_14514,14204.712451537176,-4307.852013260639
cell_110038,6053.39763050624,-2146.4534005690266
cell_113547,27092.022998390294,-6302.466462382837
cell_28214,-8285.199232298031,-1943.1784904437252
cell_105464,33619.6749565964,-3853.9405590776278
cell_114248,-11025.538330723732,3112.781334026375
cell_110694,-2182.5735013357953,-380.77244245698984
cell_112983,-10952.110727148454,3171.775545733135
cell_113952,13169.542012680342,-3835.800707023538
cell_104130,158.12139018069857,4583.216733470822
cell_104294,-13644.789455471011,1921.6660814693535
cell_113750,-9376.603937021036,2021.201628725913
cell_30380,-7599.0991208874875,-3057.275106874204
cell_29747,-11207.39786666219,-1366.0362863118316
cell_15269,-7719.054252074798,2524.641060520506
cell_109231,28406.264589952927,-6714.762097932903
cell_14024,-4142.965732974564,2921.4338028130173
cell_27862,39020.66291124684,2520.9353140417975
cell_106207,-6168.660503931584,1178.8353367288635
cell_111383,-11094.903213932452,1781.5375777566383
cell_15177,-2440.356083695695,1988.5637572539467
cell_28605,24849.808948351434,-7110.848864023798
cell_28908,15220.629744280042,-3624.7765293029533
cell_110350,15124.145316685739,-4773.308205589235
cell_113363,-11567.032940978208,2874.892617191595
cell_14581,16371.00887442525,-4279.9481855140375
cell_29852,-10118.289850200956,-3072.08139875749
cell_14876,-10131.002983088563,3958.8938598681157
cell_29603,1697.5758009279136,-2427.0743590660823
cell_105901,-12791.734269765419,1779.3262314264566
cell_28250,2567.451783685494,-2133.786902935318
cell_16122,-1234.5974945092903,601.0888499934922
cell_106909,-7979.230065190819,1154.390439969669
cell_109364,26872.114554065458,-8915.691965553771
cell_14794,-8315.074545983283,745.373454141601
cell_111659,-8713.268823673527,2213.294274711598
cell_109799,-7654.697682731305,1294.7164448715516
cell_29586,-9742.674810260292,-1994.032959731407
cell_103970,20929.11421689853,-7479.303391591869
cell_28200,-10284.556321949522,-337.17592292409995
cell_108315,-6741.11860764746,323.55475470564755
cell_112846,-4985.704021806857,1248.2517354218658
cell_104961,-7299.014881521003,1767.687065473489
cell_110403,-10901.527466832365,2411.124888178939
cell_112288,18794.994282903106,-4858.078978170424
cell_104066,-10851.439036773229,2779.976338883238
cell_111760,-3528.552917151632,1292.5724349328596
cell_113489,-11169.925516601443,3741.7945830649214
cell_14951,-11817.753475745843,2665.174941823557
cell_106761,16670.650344761652,-4197.683785128719
cell_112064,-12918.421866329467,1482.5403624226578
cell_105579,20091.646490906034,-5716.014963815179
cell_111006,17889.607040537132,-5487.7660928033
cell_111709,491.8993850672639,-944.6016220088667
cell_104146,-13823.097025826899,1782.3492045895464
cell_27991,-10202.67803143434,-3579.362304567872
cell_28324,-4446.632853272786,495.2275304160211
cell_14054,-11994.93725142385,4028.214729587536
cell_112769,-5368.813640992918,1213.8075186388503
cell_105053,-4684.583307613438,995.9313339066114
cell_109211,-13184.177355152791,1303.099906367644
cell_105547,-12932.000811308058,1943.7656504742747
cell_109945,28421.960787999735,-6276.9214544753295
cell_15678,16957.033692024022,-4617.63828007686
cell_112345,34492.12939023353,-3963.872930057661
cell_14918,-10118.92420638547,3642.96556315617
cell_114327,-2160.2384634639025,-6.493603156161995
cell_15612,-10893.26808106615,4828.788159768437
cell_16040,-11830.75180953688,5175.366860867895
cell_104115,-10404.595514933802,2560.1351143386955
cell_29846,27472.252576410952,-9033.212129769503
cell_107263,-10688.440090803017,2564.1751435941214
cell_15982,-11972.07293999385,4284.898802048578
cell_106902,7584.350967293896,-2041.495132431211
cell_108184,-11195.216480283962,1943.7077165500486
cell_104956,-6256.392498320728,887.5302064851188
cell_113321,13785.117751808648,-4035.960003111369
cell_114048,-12242.301376480866,2382.423428341922
cell_105959,21527.84939914955,-6701.97609768353
cell_105763,30915.78635125456,-5446.764322391748
cell_16266,-9781.646520226865,4291.106680411108
cell_109413,-7458.916895338919,2515.3248084219313
cell_110643,18482.40794091092,-4997.746093512356
cell_114517,-10793.03122357131,3148.505923771227
cell_106946,20291.499306351823,-6867.104774068451
cell_114272,-497.2346915268312,-1014.8136001715807
cell_106346,-12344.255647815262,2617.811086647514
cell_107037,16791.79010380385,-4272.56178011183
cell_112575,-473.8858081364798,-221.06547716725433
cell_107214,17444.846266347726,-4600.995169096972
cell_114209,19940.92644673955,-6255.945856904256
cell_112187,21673.718542673865,-6952.928590109607
cell_107715,-4880.400733225657,251.94541299657268
cell_106615,9394.895178149689,-3897.370687614908
cell_15267,6506.505944652029,-2823.5063900674245
cell_14018,-3342.172678209319,2371.0749425227023
cell_109594,-11986.279064568818,2379.271819353416
cell_15024,-9261.629352391707,5179.641666631704
cell_28586,9601.43551317528,-3643.0708836650174
cell_103954,-5682.9159701606095,1753.0616614123785
cell_112134,-11133.941107934645,663.953008646843
cell_109055,-11371.325125380105,2477.6072627088506
cell_16125,-8410.708944988182,2822.4512278120455
cell_29631,21789.10748276642,-7173.221787395366
cell_105103,707.3464943837913,1146.8640665546345
cell_30171,-10018.873516180203,-2650.2419422345083
cell_112516,-2670.987603928582,1737.5790135816221
cell_109357,-3652.429202642538,835.6845185300878
cell_111977,-10876.74145809125,3626.0709280772944
cell_110896,-14068.458938411746,1787.823981976273
cell_110569,30961.406459347196,-5427.819021738761
cell_107960,-4283.23870562949,696.9710935474883
cell_103926,16006.237820169014,-4863.799996209995
cell_111751,-11426.101971130427,2848.891999043295
cell_106945,20762.8863643261,-6478.880438774596
cell_14010,-8518.856448986564,3336.1522718592373
cell_14592,-9694.737353607523,5761.723734648273
cell_108262,-1791.7537710029162,2197.7357028687493
cell_29713,-10061.471058309158,-2656.0748959087778
cell_113928,14174.881371840105,-4401.76533662735
cell_112450,16426.196049350383,-4027.325091369191
cell_27897,-7222.765457314028,-568.2181502481454
cell_106045,-10865.237106626888,3556.096535200213
cell_108586,-9353.940303557903,1692.734899937713
cell_14921,190.25923331585278,34.00076235406605
cell_14583,-9453.416695792133,5593.875254941463
cell_105859,-8853.395668900444,1085.868753503285
cell_30622,-9883.94752444596,-1938.3214878988936
cell_27794,-5073.291021626923,-1352.4373839837622
cell_29905,-11228.849015229434,-1786.7729027350292
cell_106716,11946.765789421004,-3496.584097655877
cell_106413,-9163.244747668608,2042.9847735783428
cell_109069,-12892.713095511126,2090.8115027202484
cell_14230,-12733.56322282045,3920.568208489919
cell_109368,-123.52945726341467,1386.674391152385
cell_108611,31054.101467957633,-5458.348876406707
cell_16046,14533.570541649726,-4387.040946412352
cell_28631,-6150.496920676329,1730.0645140791037
cell_108380,28055.721966972174,-6202.904053369519
cell_28378,-10123.329251416986,-1266.9598835332013
cell_112929,5184.153933060018,-1945.9026740433676
cell_103629,6735.222327041966,-2661.6830984558637
cell_104372,1147.8899803595207,-956.1079388192967
cell_109502,-183.50732256999666,-523.9404015647198
cell_112763,-314.3414620459404,-437.82958469143483
cell_106629,-10474.138786648593,2072.947303528376
cell_104741,-2692.6234280292992,1901.010447104633
cell_29966,-10628.623041385585,-1598.3586383376762
cell_109047,19638.41459976761,-5970.539557298367
cell_111465,20648.8329826597,-5734.21971321989
cell_29084,20449.45613304037,-3499.2809612963697
cell_110645,-12702.23670334109,2292.8973395903586
cell_14946,-11149.564747910712,5444.716202040998
cell_105645,-11342.977443049931,4961.01508893394
cell_29388,-10367.553633419415,-3500.5804932502715
cell_113372,-7233.669183303948,1825.611215266498
cell_28758,-6018.888442163671,-1850.517686665422
cell_111811,-2809.3221676129524,-254.42411443810929
cell_109639,-2925.9553959500504,605.5198944622842
cell_104499,-12024.136095595084,2091.4900461473558
cell_103735,-10652.494261350872,1468.3546429329099
cell_103356,-6315.34451614567,1921.076653809603
cell_15910,-1042.5425891606817,970.0149347682658
cell_30142,-8741.575475015656,-3358.7870064193808
cell_105075,-10513.790821125462,1500.9914467497524
cell_15367,-9243.189083854028,1642.5237862094205
cell_106372,-10991.75249803323,2409.953163749813
cell_106591,-5490.082103387911,1088.7058042665976
cell_30218,-8287.478964169395,-1772.4833472912198
cell_114046,-7615.351406352289,2101.0115252149785
cell_14565,-7541.8075676026865,4241.115989172433
cell_30534,-9739.026025510733,-3124.397521358798
cell_110370,-11822.033130155722,2279.0097386003426
cell_29260,-7346.598837625143,-2609.157594523656
cell_109742,-11763.220724975783,1714.3140832792878
cell_28231,-5605.491165511309,-2400.543600479372
cell_28804,-8275.716330531443,-2237.5916019123642
cell_111703,-13698.481193728598,1201.0235419449732
cell_28832,-9475.202057514773,-1965.4956643404928
cell_29157,-7744.106790640289,-2917.3638906795477
cell_106650,-10419.287576511677,2682.446787770435
cell_106668,10439.396637903219,-3069.719578119434
cell_110297,-10644.468750739776,3005.058829794377
cell_108692,-8933.37404356241,1848.5425348940162
cell_109004,19671.621686052917,-6199.774236935914
cell_104048,-2001.613433833677,527.317916636861
cell_111384,-13288.5180494462,1787.3467148076472
cell_112994,-2856.737336254828,856.180206750635
cell_110248,-10488.408280098378,2671.14450030621
cell_107277,13147.851274500372,-3920.200632913474
cell_106660,20782.119778869874,-5747.516679134132
cell_106787,-12493.153082633744,2440.782420369751
cell_108230,-9545.729052562383,4336.028504330265
cell_113441,-3897.634034805339,506.2145018606316
cell_109248,316.1473585987424,682.7686502694996
cell_111984,-527.7749705977158,642.1669724512316
cell_108667,-9455.758858378325,525.5222854378387
cell_113397,-10828.177793548033,2288.342617205082
cell_106781,-7261.067679373617,1463.0404921193958
cell_106756,14154.466641741092,-3944.504491834904
cell_103976,33352.02210955304,-4390.362682434206
cell_105823,-11080.306752534667,5210.83242080399
cell_104889,-1143.5828474669029,195.38991374872734
cell_108151,-13621.164022719617,1547.9701166467523
cell_112452,-13977.665163051139,1597.3756713186567
cell_14236,-11676.193384648648,5156.875912854674
cell_106247,-9203.215144788213,1885.0942303321024
cell_114541,-12413.96655819242,2794.5263847263554
cell_113178,-11960.826077777903,3664.4138030875224
cell_112676,-13580.725359205182,2128.3878344192226
cell_110809,207.49901803639293,-1260.9385985227289
cell_107063,3413.4224570279675,-787.4619101684904
cell_110873,-3238.0788026126834,146.62135067853913
cell_107053,-4439.359850562297,549.8303393594131
cell_106450,-3710.3294156587663,276.3800533733848
cell_104809,-10428.828974262304,1190.3894107162428
cell_105157,-2086.574429594653,324.87749719024544
cell_104854,-8078.954210027665,565.8964631830203
cell_114540,-9003.939856422712,1237.7445210973951
cell_106069,-9751.719869798553,2872.252436259817
cell_108727,12878.125010057192,-4377.613151556475
cell_14002,14470.432539498432,-3846.93172763243
cell_28400,-10154.348643692581,-2588.339045017994
cell_107619,-11773.923595422579,3904.443535476349
cell_109948,-11515.15867864623,2613.1020483671036
cell_28540,-4049.7602461705787,-1583.587716501159
cell_112190,-3079.3827543925104,217.78214744396047
cell_106654,17295.937222757708,-4243.736933257119
cell_111819,19962.905683464396,-6227.016884442265
cell_30172,-10559.394328118457,-3123.396371666246
cell_105473,-9121.41561772204,1869.029969882739
cell_103804,18870.952750322194,-5728.468871573023
cell_109415,-12842.223259291142,1298.845059182002
cell_104755,17434.072545311225,-4472.856116860105
cell_111189,-8322.186539261125,2151.3730096804534
cell_113509,2274.895777298801,-1032.3110161515465
cell_109061,-10493.60082473552,2641.3620804922484
cell_30105,18173.960308919246,-5785.882411670228
cell_104519,-7277.34176581063,2293.8119183242607
cell_103570,-11371.408804211787,2348.2244534846413
cell_105817,-13142.136953247365,1857.8408368930059
cell_113619,-1186.1799947447557,-187.24421188188558
cell_110591,18630.042376711455,-5488.636907174146
cell_111188,20215.6663294376,-5365.202071188319
cell_15021,-9996.785286877843,3922.726951237096
cell_30050,-3089.899346423089,-1869.0954259776074
cell_29344,-10306.064126463983,-3692.6732847502667
cell_105827,26232.971296645414,-6774.329528332792
cell_103799,-11546.542535117356,3445.9676557250878
cell_103624,21262.48254246119,-5752.382431850896
cell_13982,-7056.322781092825,4058.646415099322
cell_28230,-9651.955017513417,-2223.0416103425614
cell_15518,10957.38130261075,-4396.608308579524
cell_111364,-12441.873420616306,1066.4072055135666
cell_28921,-10411.401260672079,-1747.674640266211
cell_110992,-11326.04363896003,1402.925166607901
cell_111190,-7056.318056029046,3454.3435420336964
cell_108596,31471.945085069263,-5271.7383422067205
cell_15291,-8744.224737192924,3319.9401771599505
cell_110970,34178.02589938299,-4037.4185048983336
cell_113333,-10779.7800365772,1702.7766057535841
cell_108344,17143.74865721767,-4915.987185664104
cell_110186,-10481.28687953349,3890.947065461881
cell_14321,-9924.72497880366,2022.0602679771687
cell_15434,1502.3473518466187,166.2026713722081
cell_30221,-9640.714094749153,-2024.087817947447
cell_111417,17730.586077103435,-7212.65022310985
cell_14949,17333.057870203706,-4825.813386261801
cell_109155,-10439.92283537156,2572.962398746931
cell_29067,-9482.720475271955,-2171.7064674041826
cell_108263,-13697.222582008426,2306.0987383723605
cell_113708,-13644.455670026817,1814.4499564823918
cell_112086,-9188.480310233575,2104.7861684986183
cell_29146,-9346.864691898527,-696.8150609968258
cell_112248,-2603.634553448446,-135.7727853475114
cell_111951,17358.343592820707,-4735.572454400123
cell_14284,-10207.373921365866,5322.3589220063905
cell_110178,32207.84079068494,-4960.634378643754
cell_109090,-2376.5058068603566,349.2783241249944
cell_104727,-732.7380919336687,1828.1321215022244
cell_111229,20576.58198382104,-5500.212080101153
cell_15308,-6451.521743452479,3709.7443463011623
cell_110474,-12476.860348424767,1566.909824039116
cell_15176,-8936.607712580864,2232.9439738383826
cell_104435,-13424.061221945933,2663.804262637764
cell_109826,-13199.285927462124,1946.5564823730808
cell_104025,285.23485140348686,-339.6561096464706
cell_28678,-10968.380128491175,-2517.4994137515105
cell_109676,20012.09807994817,-6411.5124462460935
cell_112692,9616.334635596073,-2951.8151136038714
cell_15471,-2853.6529762595424,1858.7533809123759
cell_110961,-9648.406405193047,1761.642355416223
cell_110712,-2282.994289662288,662.3346836764248
cell_104548,2117.2504739097526,-790.5104684503309
cell_108515,-13275.602670323791,1942.7020539137275
cell_113348,-10007.352594314576,2946.788911254139
cell_107701,-1580.0829804624168,1505.4889252024095
cell_14638,-8901.31273066021,4273.991922449264
cell_113916,-11967.207329347999,2588.3404730343495
cell_106646,15307.982186416206,-4688.871443962462
cell_29149,33198.54427723661,-4081.1129266596195
cell_105318,11469.444355565414,-3391.7372922641675
cell_28091,-10840.44533506631,-683.8985503238017
cell_114463,-8164.213942110158,2491.3799149413026
cell_109883,-13821.396698629167,1413.9926785788552
cell_113797,32247.84561127556,-4858.447758723839
cell_29290,-10804.57166947344,-2136.909265589045
cell_109144,-1613.9841331257148,98.50595080954498
cell_113751,-11855.79058745044,3150.3184580328075
cell_103801,-6373.777466154823,660.487389259677
cell_112550,15260.048289266348,-5369.27395130949
cell_15609,-9126.658795558553,3199.306901687997
cell_112346,-8350.398180091712,3550.369164698243
cell_110572,29547.025516842128,-5794.499220557101
cell_112787,-279.28195024218866,-578.459227494569
cell_114164,-10392.880214419014,1932.4826906837031
cell_14754,-8675.46145896508,4653.08659891399
cell_103900,-10867.683752998995,3726.7028089199894
cell_104539,20332.81813322358,-5267.665005472564
cell_107342,-4188.368581595143,1547.9334710811397
cell_15866,13949.152239628596,-4298.228117768997
cell_29565,-4971.940780007448,-912.5441766477373
cell_114174,-385.84312456766304,830.9701679557122
cell_28297,-8959.680662282735,-1437.2327908886693
cell_105903,-3840.219751298429,1260.580924345188
cell_29056,-10411.430962259297,-1925.012592560185
cell_107404,-13721.550763106308,1890.2916281442033
cell_104009,-13708.637190031752,1999.4352801815417
cell_107066,-987.6080435763121,-169.06952056932266
cell_108793,-822.4971329033671,328.0464524404063
cell_14005,-138.02567393113637,435.66674721022724
cell_15424,-9865.250938266718,2554.1039194328696
cell_112923,1613.0364748046563,-935.511700632791
cell_107290,-10322.059743422482,2504.487299171478
cell_112178,16308.23598098682,-5970.587207429226
cell_107669,269.2934196750744,-663.3428463098022
cell_15719,-10823.397676780223,4949.0876133733755
cell_110217,-10978.594306052832,2937.116249749969
cell_107745,-11970.440251147633,2504.0863852894086
cell_108974,-12415.140550704049,1635.0053243105049
cell_110154,1015.3432973043138,-980.2373782831099
cell_29815,-10044.396739223665,-3027.7542296158613
cell_109643,-11653.56465728377,2277.747537673477
cell_28482,-8537.683410612193,-2234.939582709146
cell_112252,23261.172452167702,-6801.507335793162
cell_15862,-10057.692913356992,632.5563958096125
cell_108171,-11979.518625831817,1785.0542142730833
cell_28235,33454.73159639654,-3972.6633701993783
cell_104034,-13086.170516447697,1468.1246706368865
cell_28627,-870.2039842219717,-1012.1739826968311
cell_108777,-10595.185429219036,3023.942684775411
cell_15418,-9307.243426981779,6105.785513610247
cell_111459,-9559.398502661019,1275.5206344208448
cell_104141,-10359.148472727722,1519.9139314584188
cell_30480,-9915.617062897145,-3074.9008881628315
cell_15774,-11393.081905608655,4283.071907597322
cell_105379,-2491.469022070317,1123.124020681545
cell_109280,-10177.629206086225,1203.8342133377405
cell_14673,-6307.463056168431,1400.5963171231922
cell_111303,-13295.36434719666,2538.8890916095793
cell_109900,-2711.120039210718,-113.59644793619539
cell_106585,-11791.553442697463,2496.595837147564
cell_103874,-13210.456984869514,2323.191876716438
cell_106071,-11396.377904091676,2928.282403767684
cell_28583,-10625.24709591128,-1705.7185434953028
cell_105025,24155.112725669536,-7324.271910644578
cell_112392,-3370.1126330210263,446.4604533769654
cell_110597,-83.94977308035105,-968.4279237156858
cell_15497,-6314.317180442601,1780.973052947444
cell_103677,-10732.071081432494,2110.7771965977317
cell_107391,-11260.083533389246,1488.4305604023043
cell_105000,-4286.05167082192,469.1481027575748
cell_111372,-12320.172025354417,2462.9327294323184
cell_28478,-6878.694649611597,-2065.3234797465893
cell_113246,23808.29858041736,-7310.163199886956
cell_105784,-10758.489742506794,1665.9906737536721
cell_107390,12128.693671396773,-3905.8717903698735
cell_14050,19848.055984171933,-6482.195996452657
cell_110631,-9152.951534288031,3210.247771575479
cell_113380,16914.79500408731,-4255.147080171226
cell_106874,-6803.761855693251,1923.2207439044296
cell_27810,-10104.701707058686,-2700.2343644238135
cell_103429,-10660.11640193485,3306.4871661416187
cell_109224,-6350.824040836114,1434.9634745456356
cell_104061,-1872.08913446326,1160.8024589613008
cell_104982,18571.722508989074,-5937.154536749742
cell_30611,19389.33306421817,-6097.987901125871
cell_104209,-9807.217620367279,5331.962267178927
cell_15137,-3626.7351488437725,566.78782239863
cell_27900,-9539.257586041247,-2898.1328520316215
cell_113583,-9061.836132498336,1638.454425063939
cell_16028,-11901.457617738844,4108.0092316217215
cell_30078,-10489.627292875211,-1541.516868725477
cell_104255,-6249.646325847339,1414.2297060091603
cell_108995,-12485.583326472391,2989.517579414504
cell_105515,14475.049707349464,-4121.10415021322
cell_29758,-8848.601388381046,-2248.875928109014
cell_15529,-11942.975453562949,3315.0487654603226
cell_15310,-4977.088118037831,3388.0993841403765
cell_107124,-10231.058659864755,3335.8179149386524
cell_104856,-13202.579159412411,2377.908298087093
cell_105198,16288.254195543703,-4631.051144586805
cell_28739,-9569.50833139884,-2387.135986560492
cell_28037,20835.539301379806,-5489.056473637871
cell_109428,-12833.19528031591,1405.2147493954876
cell_110257,8192.240708393314,-2896.911315957186
cell_14458,-7145.546127479822,4207.440749958327
cell_103560,-2138.834493881635,2124.226335531645
cell_107683,-10503.373977291873,3228.725326046715
cell_29309,-10730.934364788805,-3501.1609768995672
cell_27879,-2003.2413848739102,-1538.609421148753
cell_27725,-4219.103522447589,-2087.4524409693104
cell_16033,-11837.688424117843,2353.7755379066443
cell_104808,12406.489188968184,-3528.5504113492334
cell_15849,-8567.889500749458,4507.8449840868825
cell_103465,-1956.2824460005197,703.9569324920392
cell_109824,-10747.07445327511,2727.588277857217
cell_106266,-7682.523098966946,1415.4418128799884
cell_111234,-11775.698022747332,3179.0362249324116
cell_110394,25899.96113674828,-6292.2540564448445
cell_30152,38654.54056971108,1667.7243387346207
cell_28035,33189.238193685,-4031.5356692791456
cell_108180,-675.9008428806058,415.50034661836384
cell_113395,-12149.2486714753,3175.070371554724
cell_15722,1953.6311729644074,510.033419486648
cell_110489,-12538.114477585272,1870.9802322766243
cell_27732,-11029.985868941587,-2291.1558615689237
cell_15850,16897.268240232388,-4564.203499144371
cell_106804,-13075.868009678143,2146.258410025087
cell_110312,-10415.393660125254,2945.7602061579355
cell_107901,20055.777121977324,-3753.6643862040755
cell_111979,12574.852525998565,-3537.7394112919446
cell_113766,-2304.1795335818633,706.2039492765011
cell_114222,-11318.578355846397,3414.4138879180173
cell_112510,-6340.894594962649,984.0427156508706
cell_29776,-11146.772003338641,-757.5763469879374
cell_113478,-13777.04516867281,2495.5454721264423
cell_107026,-4252.584042769995,447.2683441148581
cell_106068,-10922.252611229835,2840.5622204667493
cell_103764,-7949.463341370552,2084.3015071916666
cell_29988,-11086.699357483922,-2294.0999261659504
cell_103860,-10271.027989323875,2489.0254203500394
cell_113899,-13925.033685153645,1878.9120706721121
cell_28067,-2600.5911070777215,-1526.0570114842924
cell_28780,-10661.683100334947,-2961.7567121858247
cell_107323,-11024.202892026588,1829.4647775790672
cell_104457,-5368.664196553525,1355.84070275752
cell_114198,-8011.226285304898,2345.276726437
cell_14820,-9700.593156297058,3566.298144410476
cell_113390,-606.899878445781,539.0446796989123
cell_103565,-9124.357290696764,1784.751214682216
cell_106797,-11056.279571005902,2308.9866250725654
cell_106813,21887.413264543247,-7288.879388027068
cell_104051,-6558.963941540741,2142.89651081044
cell_29045,-10353.720162599022,-2639.196706886261
cell_30298,-6184.772078494748,1079.3291806090558
cell_112142,7796.5375804308005,-2417.5374952380616
cell_15905,-10099.311721746219,5946.350310118286
cell_28582,-10192.131499619609,-3492.077412984814
cell_14349,-3630.73144003676,1126.2826189636576
cell_110454,-13344.777057644882,1567.518638060274
cell_104238,2192.827295414825,-1799.7498874800883
cell_29210,-1482.9511057367122,2520.28296614252
cell_15029,-9321.170133962782,731.7633013928472
cell_29133,17009.534558776286,-4758.790394081015
cell_104303,-7055.3344400857595,1951.672823003863
cell_110499,-13326.822908429172,1535.762713850082
cell_106977,20692.996580671497,-7053.058490268431
cell_28351,-9684.44548210268,-2580.2114979604444
cell_110764,-10398.95857054329,2325.039674773655
cell_14956,-11892.618800549477,3901.3775983649216
cell_30397,-11157.622902479603,-2350.03446816194
cell_103921,-13515.056039611272,1454.0553178314685
cell_113208,16918.699874990973,-4339.097325943124
cell_104369,-13714.505269401066,1827.5078261118658
cell_106642,-1978.282600016363,2111.170483287448
cell_30504,-7750.032167738832,426.8273928968467
cell_104464,-8035.856527211942,2251.872502171972
cell_108650,-12064.956222290202,3291.1432215600607
cell_109865,1973.9839152102807,-415.05617199586516
cell_14813,-1963.327008198815,856.9778673410664
cell_112462,-7652.5770493383725,1465.3546012443296
cell_106082,-2710.4311341421453,223.32499496992102
cell_103737,-5547.900259805445,190.31701887798647
cell_114047,-10502.664858726586,3049.2363658793442
cell_108661,-12070.153004223366,1274.896730016209
cell_107909,16827.809234214572,-5039.0498212373805
cell_103303,-10875.626983400258,3502.802748696705
cell_27970,149.38338035530532,-1440.6762114896494
cell_110026,-743.5732206903782,2961.183649806116
cell_29952,-5578.804444047925,-2135.062698753595
cell_30424,14799.892748854414,-3621.8503931889745
cell_16315,-9264.439986752972,5038.900711086773
cell_103906,-13634.199999912384,2046.2530322172872
cell_108503,-12177.032882271937,1480.628977027138
cell_105705,-9995.6711919081,1834.7605080613273
cell_29593,-10866.351285463068,-2524.186484174164
cell_103600,24661.91486979998,-7564.2511703533755
cell_104701,-8108.348351369079,3432.731587264687
cell_28651,-10872.691694698135,-2798.1555267280114
cell_29222,34034.37090059905,-3803.7428396052787
cell_28936,-9936.803332906446,-2427.52419207935
cell_106817,-13421.218354251496,2544.0995513328394
cell_113784,-3446.6146123458884,490.65647823300816
cell_103988,34255.18691348864,-4128.875550235896
cell_28403,-5060.170475652145,-1226.8417662517595
cell_27756,-5651.88431841888,-1698.3745039394491
cell_105888,6172.912325778283,-1828.024269267898
cell_106906,25256.952790077503,-8255.891775264643
cell_110097,10952.516306833983,-4181.771458874518
cell_28774,24059.157091182627,-6995.84094577453
cell_107690,34027.25969250939,-4076.173815427552
cell_109114,24509.158788846555,-7733.175213575962
cell_30075,-11398.985511368623,-797.3417445725456
cell_105334,20518.924646862575,-5968.4478284879615
cell_29698,19378.486755372585,-6201.9999726069445
cell_112315,-13807.391509594734,2602.133346902797
cell_108689,-2122.5911238550934,186.38608607990528
cell_30447,-9908.309213435583,-2944.198906289271
cell_28943,-8391.015148057922,-1568.9309415834148
cell_14446,3592.614731847226,-1959.0639911148587
cell_111952,25394.247087242627,-6376.810115811463
cell_111313,19558.98145663619,-7060.580475433702
cell_105819,-11016.817194873585,2564.9391752605993
cell_112810,-12826.756778509447,1881.794208352058
cell_113006,-13046.15464854172,1645.7606430471963
cell_15300,16121.13533837142,-5303.784436847681
cell_107350,-10180.425181944282,3408.4517616492853
cell_28901,-10132.383184392367,-2148.358356467637
cell_105824,-13538.799672978845,1974.6773124806218
cell_112837,-11919.097879909594,2392.7061764533987
cell_106896,-12766.814148340136,2443.395038096948
cell_28277,19312.33413895837,-3736.3065492861874
cell_105586,-12078.60628231247,2720.9423828909976
cell_104487,-4044.964664435277,981.9635655564639
cell_27798,-9327.787677836926,-2852.4856403814874
cell_106088,-11469.196807486675,1863.9409024996294
cell_111651,15305.97077307572,-5090.973269308869
cell_106522,-11748.927963891903,3762.6152214611575
cell_29340,33130.02462281209,-4139.755698687311
cell_104133,-9556.30059269641,2710.515556092289
cell_110395,-6167.275667933414,1354.1951465544319
cell_111824,-4391.998129342235,2983.5490120485683
cell_106627,-9904.629383956519,2223.9428582567793
cell_15450,-8601.54643277771,2407.367067070372
cell_28846,-6155.792816218348,-818.8396144392605
cell_16190,-4703.762857713133,2597.7773029478526
cell_14499,-10111.534132047787,4161.541959809517
cell_111893,-7614.900650584385,1845.5220131602923
cell_105999,11821.31337569203,-3333.325647779768
cell_114456,-3754.119196018085,872.3594756545469
cell_113548,-4617.350140517819,1348.1972791500093
cell_109102,-7897.683128038191,1313.6883548794074
cell_110693,-2354.318177808495,671.1000997732696
cell_28891,-10944.909719827949,-2416.360341908893
cell_111285,20919.87653074935,-6623.948850933812
cell_113034,-7554.533040258267,2350.1939990605742
cell_103697,-12032.08571332132,1784.8491467837343
cell_112699,-677.5220151588501,171.22122638060432
cell_114533,-379.6722870115462,1400.2052547507092
cell_107801,-2883.074924203932,104.89798114960858
cell_105050,24580.15872242616,-6349.876951328965
cell_112584,-11165.929411295145,2021.3420710928006
cell_103800,19463.725097094728,-4383.075795619248
cell_108662,-11452.144601996273,3515.9043711615973
cell_106462,19332.34259105103,-5636.713832328331
cell_107164,-10882.078159691695,3743.0230055195802
cell_29139,-12258.21861369965,-909.5469813709705
cell_108462,-8691.112132988905,2577.3925512878654
cell_107379,17510.719592627902,-5149.083035906564
cell_106935,7251.668409352574,-2354.3697366700076
cell_104502,-7417.979048772031,1241.683967185639
cell_104904,106.27451706733406,59.439613926788454
cell_113528,11146.107931241906,-3316.4553702150306
cell_113297,-4418.568866108549,1430.354569288888
cell_29115,-2432.6329173210647,-449.63380159955716
cell_30292,13663.913823594723,-4493.3320064050495
cell_28450,-10805.596924425325,-1880.6730038329044
cell_105520,-11919.110677684932,2876.4923561666646
cell_112249,-4619.579916767979,1605.6706699636854
cell_108024,-10627.630250529955,4342.682100740876
cell_106177,16764.94943749687,-4553.081426698342
cell_105165,-10788.582755652336,3052.8061226122963
cell_112917,-11153.224013899513,3009.6510346163354
cell_112873,-13838.125068044415,1943.154163154613
cell_109528,-10648.905786113364,2957.399264823895
cell_111236,-5142.094658823853,1291.4386714627558
cell_110200,-1880.7292945257648,64.97761616940728
cell_109112,16720.756532571246,-6024.834973819897
cell_104120,-13174.09008215471,2129.395009895561
cell_104916,32323.509770358618,-4784.257913449361
cell_104122,-10664.450867576936,3168.335849157063
cell_108474,-12699.69997858036,938.0312432298809
cell_28628,-9725.637930075955,-3081.532426552268
cell_29204,-9831.128978515531,-3368.1254038750544
cell_110070,5084.139076549664,-1359.9750153180285
cell_107905,-13322.03854588787,2140.865634849604
cell_15395,-10377.954996507115,6008.340894073318
cell_113937,-12931.115749710567,3769.3157836542487
cell_29151,30237.27489980188,-11035.385690624855
cell_14821,-11050.856738556487,3614.5425564180314
cell_111129,-10572.369476832073,3440.5081708460075
cell_111151,-6786.387280160745,2992.569962364054
cell_28941,-7495.543242069215,-2817.5647057264187
cell_28089,-8446.385565880211,-2640.8852685191823
cell_104565,-11063.113384502072,3110.5247839234266
cell_103377,18740.37201565552,-4562.799776550138
cell_107560,-4206.097495601203,3143.400613989509
cell_110757,-13111.353439481178,1688.0727663325295
cell_103788,6814.109677882518,-1944.2716117193147
cell_107787,-10091.386861659665,1950.3976736764357
cell_29383,-7151.276830285964,-2622.331625374225
cell_110020,-12026.473142744768,2861.5103871640613
cell_103691,1999.3083960818637,-729.0020260787522
cell_114484,-6999.537624466448,1288.086026987562
cell_109706,3132.802530869799,-1352.046583700948
cell_106779,26862.498657368906,-6201.821282566051
cell_110950,-10530.173318444307,3947.9594329882293
cell_104773,-13527.459430709605,1543.0414326112402
cell_108400,-12028.246013594116,1520.5992081948957
cell_108733,-11555.068282997112,1954.9799892096207
cell_104283,-7502.556402132228,2703.193369433537
cell_112654,4000.170156993348,-1600.9106890626304
cell_28960,-10271.761115644966,-3561.472412188559
cell_112809,-13211.055510553879,1543.985562453574
cell_109318,-12737.83614304872,2690.672760472268
cell_109887,-10056.367835571089,3485.5085348134526
cell_113778,290.03018841646065,4723.991711755936
cell_14735,-10011.582552861948,2365.227429240516
cell_113917,-12661.914412829994,2491.1544591248226
cell_111007,18244.640876664198,-5851.983159518791
cell_108736,-10511.79692842198,2892.0791233629916
cell_15956,-9607.591667021861,5093.45473721687
cell_108333,16767.232402042075,-4248.794285879965
cell_104672,-5541.598474735348,855.4692476403848
cell_106084,-10313.549359708237,4466.124534744629
cell_112495,-10754.569336485425,3577.869235608473
cell_113660,-12537.903156236807,2188.6441533790016
cell_112499,-10520.133387808986,3423.5687151709676
cell_28920,-10730.843768939396,-2698.507749975259
cell_113484,18971.449252305905,-6466.428908421279
cell_103555,-13348.393295575064,2012.2096283698756
cell_14245,17981.767960492554,-4854.714967077266
cell_107335,-12928.965882256112,1266.0074225711257
cell_16256,-5138.225622408632,2857.8150208459297
cell_104102,8273.123116511288,-2580.824034969575
cell_110476,-11720.26411393219,2475.8409806010354
cell_29365,-9021.904651215982,-1953.9747098878813
cell_109891,-13324.122495763151,1995.8932478407467
cell_110315,14692.394518453626,-4234.516954061267
cell_106184,-12479.823337872987,1827.968904826396
cell_109952,17163.2928628049,-4410.158599356327
cell_105294,-4776.827083207584,1061.0441391125585
cell_107961,24726.354913066214,-7921.55404822091
cell_107466,-4167.687666456849,699.3272197994909
cell_110264,-10443.903264226694,2611.3059725822286
cell_105404,-9074.071968179866,1935.8793665254727
cell_106106,-9563.789756677883,2291.563405848873
cell_104970,-4979.854139418625,1731.0929859717053
cell_107625,14880.892624003403,-5125.5842073281065
cell_110259,-12353.738493567416,1984.2748415376154
cell_114469,243.98303483850833,1894.0868445655703
cell_107117,-10447.680748275121,2733.047284700925
cell_112287,-8118.075284229436,1456.7740198823278
cell_105575,-3858.0170947313977,585.5897797945639
cell_14030,-10038.071820325562,3735.015890900604
cell_29083,-9906.023836314662,-3005.831241980512
cell_103943,-4059.097385731643,787.1259175167187
cell_28458,14273.57883875756,-4029.2157420444387
cell_28609,-9880.038791154204,-1457.0449720712193
cell_109312,-4241.951600598286,-406.4451840707193
cell_111311,-10615.941412784634,3395.09099930786
cell_111099,-11908.600427813757,2763.898539161159
cell_111018,-13482.506271432894,1983.012649422004
cell_30512,-9945.903295605134,-1568.0114781404072
cell_107017,-8630.077130861258,2968.546671169765
cell_105970,1964.3071697665234,-1058.5822536459398
cell_30237,-10450.422951764178,-2698.789335423328
cell_107621,-10550.857136799134,4525.955625060635
cell_106709,-1262.1673433683309,126.44922929830479
cell_111876,-997.0805789996559,2588.0460260575405
cell_109512,-6950.990508752151,1016.7957547992787
cell_113915,-13890.160723787778,1787.9694049587167
cell_114019,-11421.536326692587,3617.239804183516
cell_105933,-12882.4690200666,3519.005830436668
cell_29225,-11072.619367893663,-949.606931031868
cell_14535,-9603.437634965892,2621.306478205728
cell_106269,-3996.340282524455,3149.3821285995923
cell_113207,19688.737051281696,-5198.974656217396
cell_110916,-10722.782160699953,1787.4105251950075
cell_14214,-11809.494074688568,4996.659933042782
cell_107570,18377.480575717775,-4639.511721859774
cell_105225,-10861.966717179675,2812.631880296792
cell_106773,-10867.569010114825,3813.640699478983
cell_107182,-13231.065500409237,1319.1939409437964
cell_114390,-10924.397572945722,3364.699745595148
cell_109403,-10662.40198447718,3652.941580624466
cell_15817,-10373.430399749337,5503.64076660103
cell_16020,-10036.288563419066,5069.1003840811445
cell_14528,-10983.425521421274,4490.993361520306
cell_104076,-5314.492611330746,768.1755987880907
cell_111628,10583.987824215345,-3555.7262675026222
cell_108644,-198.50116492148575,1765.7529287427033
cell_111425,-10945.392265565628,2022.3274966802812
cell_104071,-11119.272493890508,2871.6073470172287
cell_107210,-11364.203327273943,3225.7251296344352
cell_14491,20294.277337421154,-6395.920339167443
cell_108776,-10424.672566110232,2830.992086938696
cell_28155,-10649.863169236221,-2443.91926244611
cell_112990,-12424.754213376076,1925.5762729818794
cell_109284,-11234.599034151837,1850.6226475958988
cell_110383,-6126.460172480987,798.6909089641508
cell_105241,-12793.601476771919,1123.036557446835
cell_15704,-12191.074957750905,3983.7931858015663
cell_110885,-8486.240112823923,2646.0096299946995
cell_29613,5825.402186181659,-2574.9594955495586
cell_113227,-9264.226453934722,2554.8415088440474
cell_15439,-10304.449056421974,4079.513044614799
cell_106854,-5472.884690651449,2591.93817227624
cell_110209,-12629.399420695987,1951.589468118158
cell_111501,-3611.2380045049554,1430.2392468591424
cell_28357,-9815.06308984561,647.8366328010509
cell_108681,-8972.058939003222,2970.177560879886
cell_29380,-8955.004168104899,-1039.281793010502
cell_103556,-6292.678747692771,2095.198913883043
cell_29289,-10832.113986010214,-2560.7231086235342
cell_15538,-7635.509757846042,2371.968361040396
cell_112883,-10436.871172827034,3747.1605583578717
cell_14728,-5747.347459954713,2151.138735193876
cell_104815,-10436.018641416616,2252.280083555879
cell_16008,-10140.476854208098,2536.595109468473
cell_108000,2204.4508252758965,-1243.3232117190437
cell_104989,-12251.414417238151,1432.8558441835908
cell_106332,-6583.453555176842,1779.137494204811
cell_110944,-4716.319085088065,981.0887289787919
cell_28152,-10094.920776533838,-1981.3859125040901
cell_28578,11249.060820625555,-3699.2112952879547
cell_15511,14431.555564447914,-4320.236610486809
cell_104888,4980.271905601495,-1004.0291097492017
cell_106548,-10728.712764164065,2762.102214183035
cell_15663,-8253.300380764362,5080.582396896654
cell_108731,26589.806667610228,-7936.001459470079
cell_105596,3621.7350293699196,-1211.3819657471026
cell_29203,-9820.397796679476,-1914.6140870860343
cell_30313,-9573.130266692451,-2545.5213751998986
cell_14007,-11689.423621403826,3760.241874987638
cell_29068,13720.189391512822,-4070.1932563918863
cell_113038,-7541.2674474663245,1990.5237474808096
cell_103969,-13094.54392948152,2947.9363362067697
cell_108558,-8431.077114284755,1727.1897223761946
cell_28236,-2530.008418541747,-1665.848587665852
cell_103861,-12237.937227471559,3671.4221565887046
cell_104307,13777.536222218248,-3995.2767596448098
cell_104350,23170.462821885834,-7529.90070070738
cell_111419,-13131.146600560618,1906.7166647312154
cell_108444,-8156.33904969291,2790.793355455287
cell_110057,-13647.89941673728,1486.7957119895912
cell_110748,-12146.264236462812,2274.473091599459
cell_113504,12415.310433455117,-3443.97242128899
cell_111208,9550.122924753045,-2852.4136308748075
cell_109608,-10076.231329759306,3644.282950217082
cell_106130,-737.5635849711991,216.78545972872888
cell_106669,15570.137081687602,-4561.2976259712
cell_15405,21740.416854443098,-6831.180994622197
cell_28322,18034.668353432917,-5796.140134045892
cell_109247,-11139.580196719946,2881.916369977667
cell_113417,19583.416793545908,-6300.0130103019155
cell_105175,-9100.53960652554,1774.2410461268978
cell_112572,15995.02674296958,-4023.2443769187294
cell_109474,3847.8928359796123,-1281.5923642340972
cell_112636,8546.93062394961,-2587.106190306308
cell_110576,-11674.65271444997,3297.4426550920134
cell_114407,-10864.369207890111,3195.4660641903724
cell_108063,-2102.1014341640416,141.14295736899916
cell_110198,23720.10995587643,-7062.789294363043
cell_104617,-3381.010486125906,821.2865839901688
cell_112934,-13117.65061209982,2579.786189732386
cell_105357,-9305.687874260404,2357.3275332022904
cell_110304,7228.776701359881,-2285.530058692455
cell_113945,-10294.620122748629,3053.252826051505
cell_14262,16619.92501663978,-4632.088875115814
cell_16156,-10091.197080404458,5731.098364900994
cell_106457,-7192.192167335522,1993.3867426078264
cell_27926,9951.332152126191,-3481.4255489239968
cell_105400,17235.583879827198,-5553.9358204512155
cell_111616,-10215.680539454088,4415.673684141471
cell_104430,1743.4364200832008,-893.2446659442301
cell_14861,-6429.236800326988,1479.6279220537358
cell_108715,-12687.240031823923,1933.39647631546
cell_30002,27724.581508142554,-5940.8257212394965
cell_112733,-9764.448032481358,4447.866946897777
cell_15533,2758.9249127489643,-415.5803979065318
cell_108587,-7783.236238323611,1264.2549457742036
cell_105930,14535.839627894382,-5211.015422810353
cell_28694,18550.308564007853,-5415.517076857537
cell_14929,-5607.443761073824,1584.1833173791501
cell_111862,20297.196847848147,-6588.3992695359675
cell_109671,-1222.1407968469837,-260.29514771449936
cell_28765,-8729.848611198739,-2065.4137061279293
cell_111022,1717.021809374809,-1609.7971577466058
cell_107009,-12128.25849169653,2632.95819937643
cell_109199,-11210.364558645082,1766.582395244298
cell_15647,-2649.5951515410693,2406.9876226774095
cell_108386,-12234.784710177604,1724.4340345784046
cell_108738,-10746.810869114846,2230.828388624639
cell_27819,-10599.570752865213,-2708.2887252116993
cell_107052,-2825.850768707203,762.4439493669049
cell_112712,-1165.879640437176,1790.9636831095063
cell_106453,-6777.730827730103,1493.6808867339062
cell_14107,-9494.955973961612,5788.066775801149
cell_111869,23758.12459740968,-7181.374546784075
cell_110913,-1423.5692963949978,2003.9984073973128
cell_14621,-9415.741879505596,5784.139833902437
cell_113375,-236.61722630539032,-594.7373059538214
cell_14879,-10387.911332885089,1269.2701960130219
cell_106264,-5382.985653218205,2201.1095389104817
cell_103475,-3061.389178009456,89.91804544319854
cell_29648,24538.68859387212,-7817.575549409499
cell_108226,23781.478592473613,-7600.200687449609
cell_106861,-13546.480170484041,1612.7711245982346
cell_27828,20810.222574840987,-3746.8186984185195
cell_104861,18938.15993045987,-5044.640344291124
cell_29177,-5673.952283148467,-1624.564104348501
cell_30393,-5725.129390188313,-2180.777133392771
cell_105182,310.90635605903395,-1133.345917049283
cell_14403,-3192.042045157361,1454.4022961433386
cell_104356,-12012.343099274101,1767.1119882862185
cell_109398,14523.613130402737,-3932.6891106632324
cell_105545,-6091.9676604866645,1926.139149336795
cell_109666,3449.31471672277,-2153.8779503175474
cell_110640,8671.053419167269,-2627.7356990672447
cell_103494,-5637.135258772877,1465.1173394608068
cell_111745,-12555.212493356596,1678.5490305038577
cell_105655,-12555.11456735349,1261.4363528246945
cell_29598,-7662.546756775413,-1794.73285488356
cell_104738,18073.12376508134,-5881.030933966836
cell_108347,-13175.075602602885,1894.4548087078479
cell_109820,-12107.901399574333,1567.0425949384878
cell_113405,-10139.88208486833,2485.624449356977
cell_103785,8232.529233645633,-2706.432528069203
cell_110672,2713.2623753646426,-1083.32053854514
cell_114065,21153.95010663385,-6656.820953827028
cell_106287,-1914.9549087074909,485.60130635462593
cell_106323,-8245.528533680243,1145.53628152249
cell_113567,30560.340680218324,-5475.331486995999
cell_104220,-2774.658798133455,135.192713218139
cell_112322,24049.045875319145,-7332.394270745394
cell_105989,12901.666359187127,-4435.928917573938
cell_110114,19690.880115092637,-5109.885738397966
cell_105565,18057.967485727542,-4801.355233182901
cell_28233,-10547.155640556763,-3372.4033314327744
cell_106815,-13881.074806582912,2210.4221753622173
cell_114420,19489.823550570527,-5834.908096626254
cell_28840,-12024.007207403009,1975.5100794533228
cell_29308,-9677.682553376058,-2479.998433478068
cell_15821,-536.1495462873152,1084.4874058837368
cell_112774,-10627.81647626131,3823.198638626415
cell_112179,-9991.912111384616,2741.6861552977543
cell_106898,-10310.431054683366,2027.1701351808895
cell_113921,14218.220392453904,-3817.582872199956
cell_107942,-11536.508564503678,2748.172726735176
cell_111980,22898.59152855922,-7512.771220452934
cell_29038,16931.784385966028,-4741.394190204036
cell_113565,-10653.935921649216,2826.8719260601088
cell_108853,29253.295889400186,-5993.623192295541
cell_110277,-8761.73760639697,2722.798018877087
cell_114421,22722.478146933732,-6842.013524135763
cell_109223,-1319.1070330566731,-235.18907625523445
cell_105211,14921.631108511807,-5797.958138496966
cell_14682,16367.40067193006,-4330.0652972168955
cell_107832,-11544.644039980394,2154.6052096575254
cell_113061,-10534.805291247952,1329.3622474193867
cell_14769,10371.143144489299,-3106.1517560265333
cell_14208,-8876.851174270178,4239.770870023067
cell_111619,-13572.457197010226,1757.2160409828048
cell_16129,-3604.589677548175,2523.94340878456
cell_107889,11072.584536530932,-3585.446392183598
cell_14643,-10580.834223169551,2036.5844917076354
cell_109827,-10732.025991636821,2478.040276807297
cell_108029,-2151.422496194662,693.1462689491193
cell_113873,-12059.278142404937,3697.4586273286436
cell_104049,-6606.500293092645,2086.342581617884
cell_108267,-7761.085313420828,2098.411890372115
cell_111600,35682.275385886765,-2302.9176582113514
cell_107042,-3901.1336705566123,898.4749754290091
cell_30212,-7619.931754329066,-2749.097148212581
cell_27831,-11512.061807005226,-247.5954199891371
cell_111279,-8012.506636773397,1100.844404181795
cell_108101,1014.4981452803438,955.3924815988441
cell_106530,20981.811174832015,-7038.02627967395
cell_104756,15095.42146659147,-4129.9853151069065
cell_110028,-12515.569807227772,1485.1342483401295
cell_114032,-10115.035604236253,2986.2101065772144
cell_105852,-3022.5569682970718,2620.3400962352002
cell_113972,-13902.058778275885,2443.2333229444152
cell_108483,-12011.010676964705,2938.7888269097148
cell_103730,26556.818805663843,-6992.173131949261
cell_109202,-5274.220343987687,669.5955387795017
cell_112058,-12824.380242200783,1215.1889139276725
cell_104941,18514.163056880032,-4778.14565914192
cell_28513,-6588.283826428833,-2232.116835504298
cell_108985,-12337.340911944977,1802.535066104087
cell_114206,-11947.309737100408,1569.6684714119292
cell_114297,11826.572989382103,-3275.999490867289
cell_114129,-4380.932589125652,36.725695498872604
cell_107400,-12336.339760559345,2587.6440232725085
cell_106920,-9721.430963814539,1932.881786979148
cell_29103,-9706.3589272413,-3258.214622724562
cell_113618,-3167.692861884926,510.3187698304759
cell_104344,17473.877654646643,-5276.004481055677
cell_105646,-4917.301384021321,1205.546582452572
cell_111436,-11984.660368718944,2745.7441264543245
cell_30515,-9926.891600367922,-3454.50072104272
cell_106495,-10682.845171161423,3955.8800766074523
cell_103631,-935.613098731738,22.237743685415055
cell_106782,-4010.9546958012074,498.85012234562146
cell_112102,-10096.03199963696,1285.4290418106652
cell_104421,33687.491601920796,-4217.292650786897
cell_109775,16835.113550238326,-4544.393799388924
cell_14368,3744.590110906744,-1353.3835095651264
cell_29280,-11226.58837139241,-2398.9689500314335
cell_15507,13944.483117389082,-4173.565509401463
cell_104695,-13963.194912392417,2164.482089374497
cell_106679,-10480.280453567097,1624.3453165458475
cell_114434,-11477.683981422213,2231.4154955647346
cell_108963,23253.13169710932,-7202.608313166173
cell_111040,-6436.538892277465,1728.6320537643749
cell_107872,-8112.216934925198,1376.1129648015526
cell_114005,-12315.322547031388,1855.2719172325108
cell_15842,1728.0887122677527,103.87683285492882
cell_110990,433.93893732629135,-878.4989534820202
cell_103857,-8288.157949424076,1905.8652943210227
cell_29790,-10185.97875790312,468.50518813640605
cell_113978,4618.667910553468,-1727.0562541953016
cell_109606,21265.58135829762,-6851.104385809657
cell_110027,27932.076071095664,-6196.618118686786
cell_112885,-11573.2668071226,2645.5097286750756
cell_108312,-11174.067344366444,2694.940726595021
cell_28884,-9529.559629244857,-2304.6373196748373
cell_16063,-6321.319228398881,3091.8652809540736
cell_104939,-7039.595501216722,1401.9669679729861
cell_15675,-12074.755223510201,4801.348236455983
cell_14347,-7273.835109175595,1869.3255136147334
cell_15320,-9957.26363938663,3433.0184103871266
cell_112381,-10726.288814207404,4633.433110517074
cell_113963,31795.85709914738,-5127.411486636207
cell_110449,-855.8526318464699,3542.2986259683503
cell_111183,-6938.848039266705,2263.5829239595755
cell_105798,23920.176633259438,-7210.24064186543
cell_112439,10343.569621449133,-3045.419869785362
cell_111172,3394.277801542337,-482.9175702488283
cell_108756,30822.42842963115,-5146.402776020117
cell_112600,-9655.167612447955,1494.8949910353813
cell_113905,17339.599143277574,-5942.506917156018
cell_109677,-325.57915128422985,-277.7366135282039
cell_112430,-6946.414629941778,2424.7227990384877
cell_113738,8421.455436094937,-2518.6470326722992
cell_107823,-11473.583327651359,2605.889586692198
cell_111394,-5028.143945351416,918.8290951428584
cell_14524,-2216.5096602579283,1570.0059708406338
cell_114465,34222.52392422048,-3895.6587942283136
cell_29711,-4219.310481592233,463.96466269275714
cell_15339,-9648.707473531398,4165.864979553196
cell_16031,15308.154632410251,-4874.77580659951
cell_112518,-13570.506912678491,1220.7066923743553
cell_113115,-6063.667693327886,3090.5918505610334
cell_108174,-10997.68974527132,2829.6109302630175
cell_112508,-12334.2238914047,2152.6448554678364
cell_106124,8489.061894845645,-2522.1939694869816
cell_30609,-9813.637039860965,-528.6174506481641
cell_107283,-11163.993503307433,2890.5467427835392
cell_111036,-11253.211367105994,2022.4654671061578
cell_112416,19753.991096761016,-4363.806521552498
cell_109042,-8560.472535888088,1384.21383278635
cell_103333,15325.668486251176,-4011.037392433622
cell_104117,16895.794257901514,-4944.03460857985
cell_108154,-1575.3873328456325,1081.6868097594343
cell_111458,-10274.54516407142,2698.092726609725
cell_14078,-1922.633953122868,2930.4826776153077
cell_109519,-11056.185258854215,2985.4236240179584
cell_27952,-10448.79574060559,-3586.6760067257787
cell_103314,-13135.98182270161,1103.236140895541
cell_112204,-10502.571309733356,2541.496741864854
cell_106925,-5533.23787754726,2144.2793078610766
cell_15772,-7150.103129370581,3511.560255976696
cell_108844,19630.598095012905,-5384.012476658692
cell_113623,27500.835408475512,-9310.402486592096
cell_103710,-461.0904397335942,-719.6510955024509
cell_14332,-5158.634630983351,1511.7582434385579
cell_28748,96.58406134670913,-1672.1261174974418
cell_104297,-8417.375117679621,3064.7256972791834
cell_14824,-5188.26605633826,2987.328012616784
cell_107322,24771.542409259608,-6431.9711593895745
cell_105792,-13119.30838064523,2244.7424703592833
cell_15123,-9086.163832061846,3725.8149967949203
cell_112839,-2535.0251632914046,235.4372494555214
cell_111312,-11049.746908582412,2876.6495041543085
cell_107129,-12371.25253128817,1907.6273609843024
cell_108463,-11422.698134879096,3270.1104582546564
cell_30264,-10208.784919390268,-2956.4245208847096
cell_27982,-5261.39575669436,331.0756874572961
cell_110570,26330.587378442753,-6842.046640510547
cell_106750,-2007.6204943496914,645.0156503043622
cell_110761,-12206.989987697427,2711.9697531573643
cell_108460,2046.9664057497766,64.14653950379001
cell_15343,-2436.353735614272,1443.226494607305
cell_30101,-8077.389047419639,-2871.8426044492394
cell_109208,15410.951704458183,-4404.044133655459
cell_27983,-9786.414878531332,-2042.3288111212962
cell_106584,19870.242567192116,-5594.664674766013
cell_106451,25827.18485591102,-7733.266583006736
cell_106089,11688.848653598427,-3156.198349008391
cell_112132,-9367.503482610526,1474.101724047738
cell_112742,17649.715427830863,-4782.008611049284
cell_16151,2128.736673387281,-54.87264948852418
cell_104183,-13047.782220524821,612.9627422876266
cell_113294,-5085.885039040665,1477.0045475581026
cell_30358,-9653.244017694378,-3466.4604866476648
cell_105366,-11857.834961091585,1556.1620038543613
cell_15585,28959.03488242717,-5821.032899813389
cell_29268,39032.0298617809,2036.5357714843105
cell_28098,-4707.04426613117,-2071.885264094898
cell_28712,-10429.128355117147,-1777.8679165542696
cell_105098,12174.689477283626,-3666.837048574992
cell_15391,-8867.043836348732,3626.6163172180045
cell_106941,-7856.337247950869,4080.3294696489606
cell_30141,32576.12555333899,-4649.358927101675
cell_110600,-8075.267912678443,1644.879201249197
cell_104651,-13811.198564228751,2195.4368290522816
cell_106888,14434.35168169685,-4007.1340983521386
cell_108501,-6732.008622228581,1647.4425848515662
cell_16330,-11980.449924358454,5439.753583538499
cell_114075,23924.438610140296,-7131.561642985768
cell_106086,21025.68887130005,-6140.582541842384
cell_104623,-8927.5477800704,3802.4389505647546
cell_109878,29311.332542537133,-5891.6630285354395
cell_113719,-12438.741967000573,2649.148156575847
cell_114245,-10011.722077427828,1570.6937009370988
cell_16154,-4176.663686558532,2722.1825566102452
cell_113845,-12185.647987304226,2787.067208192664
cell_28677,-10379.659177283875,-1720.1166559985047
cell_114143,20322.922689659095,-6908.44852106739
cell_108349,11887.109007604857,-4032.8341054035272
cell_106840,-9977.96541510329,2157.818619867689
cell_105908,-10359.922828870851,4436.025049355828
cell_108389,-11244.23572927367,2990.71446928701
cell_113989,-10648.159910792274,2908.326235043242
cell_15400,-7847.910851799419,4603.922819598585
cell_105487,-10385.643825634883,3101.621296916078
cell_107962,-13416.329595541421,1523.3768084175526
cell_107156,-1505.3864829565655,-288.9734165069719
cell_28515,-9711.156331065911,-1374.7771919292738
cell_106565,-5763.185663517777,1411.826193240341
cell_110434,24425.635441167517,-7480.7956031352205
cell_28685,-9278.409880151672,-833.192083654195
cell_111169,-13790.345837487921,1993.1162179705993
cell_103566,15762.088513383453,-4071.455708866173
cell_107500,-9710.049988849454,1826.835211429956
cell_107718,-13731.737943793441,1491.1928124190206
cell_27820,14766.054948025727,-4500.780955036936
cell_110146,-11070.546827530432,2510.9685999755425
cell_113497,466.33444756829124,-735.3175111095991
cell_108953,-3695.481258009056,409.05127054221094
cell_110233,-10807.118119092747,3679.956742294419
cell_113602,-7293.712099006343,1831.9112942561617
cell_112077,-10513.652303899004,2930.414087801121
cell_106560,3255.9023524676304,-1957.9769604037167
cell_112752,-7092.069752448884,2116.139614878206
cell_16273,-9781.319042370347,4068.1772348289146
cell_105797,-12383.72774704491,1575.0436086877423
cell_15645,-33.79550533733594,893.5108307630628
cell_104561,23712.61902505077,-8084.847059266319
cell_28181,-820.7787680969637,-2131.6582121656375
cell_112209,-10958.388046473721,3032.6119951593405
cell_30386,33522.61359325632,-3850.7778233518175
cell_107844,-10801.620409525316,1200.6340456642608
cell_114511,-12756.241599734885,2490.0493111598807
cell_30549,-10168.886039514888,-2503.6423247476
cell_111924,-10661.603256378039,3064.653632794976
cell_104103,-4705.53471713376,1425.3469775150381
cell_14536,-8749.918940830767,2262.0130334733917
cell_109515,-12219.540695454985,2056.7564569971996
cell_107925,8476.432843354249,-2494.384738242853
cell_108351,33330.09174146024,-4542.609406332394
cell_107728,-11672.53177783283,2186.8201539815623
cell_105968,-9329.705106358255,2192.030095286403
cell_107370,1312.9843073739119,-894.3151793695356
cell_103385,995.5107334760473,-1271.3003665311705
cell_112866,-1855.7037069473254,171.76420339528985
cell_29471,-10763.771814196636,-2232.7580350169546
cell_111535,-2150.8225895990267,414.8116793114186
cell_15173,-9752.883363838984,3159.028108005495
cell_30438,-11015.126248749148,-2641.213517809328
cell_108964,-10968.482835260565,2997.607577803431
cell_15095,-5334.254893190802,2134.019059277333
cell_107155,-3365.9348014653265,325.9888975262703
cell_105093,-9683.084031157063,1089.9354245007669
cell_104096,417.83205545183915,1479.9873649639237
cell_14978,-9129.824532727791,4706.855641930391
cell_106328,5152.499572719558,-1785.7298163184519
cell_105006,-2957.8358242163054,803.3826140830777
cell_112958,-9560.717822583501,1961.765042295441
cell_113652,-11741.038749990266,3359.024827143083
cell_15847,-9305.510178431086,5572.401080335388
cell_30256,-10947.303229283938,-2661.2729934413683
cell_109322,-6301.348326419262,928.8977232946608
cell_107673,17209.95907793509,-4608.853361364931
cell_15858,10807.24113975,-2978.039115062676
cell_111587,-3274.6995548017853,68.47158146476451
cell_14577,519.6402745076925,1747.329088490513
cell_106706,20490.82842470011,-5890.524391718317
cell_113271,276.0504096992357,4687.417113410049
cell_111107,-12587.467472684995,1695.9336791522667
cell_15227,-11852.797222709853,3818.3770704754365
cell_107716,14159.059275059748,-4019.59207432063
cell_106058,-5738.151380011167,1316.156106121794
cell_15630,12550.138553400695,-3755.7163456644234
cell_106317,1602.3272850628102,-1205.2750298489993
cell_106454,-10383.766113635673,2407.7864729208327
cell_28549,17503.534257260217,-4865.972166759113
cell_14032,7539.7884432956225,-2233.841057078541
cell_112899,1819.7309489928907,-937.9365266630347
cell_110710,-9096.580684546334,59.935525376183975
cell_112122,-12568.18523785307,1886.7165644949298
cell_30249,38872.04785465832,2313.546283821067
cell_27846,-3339.2284776291967,-2126.3613504409736
cell_108890,-12882.618131597726,2151.597405590696
cell_112631,-12163.243256722268,3020.866138365324
cell_112687,-13339.81934922491,2564.0693676272845
cell_108518,-11399.796954120837,2317.460788759096
cell_110742,-7100.276379713778,1653.683653839669
cell_114355,-9898.641461403311,3210.3208155664706
cell_105529,-10447.375528518933,3259.1610464263917
cell_28316,-6053.258043195264,-2112.524199664947
cell_109669,-7865.015930513361,1287.341996846193
cell_30279,-10479.257210990945,187.66261302019086
cell_112402,19855.74531194741,-5804.010908549225
cell_113755,1589.1339655672255,-956.136258425751
cell_105764,-11149.930040019715,4797.137546708193
cell_107837,-12399.65121516687,1442.0207493632947
cell_15051,-9146.720343639729,5807.966162355953
cell_30299,-10933.687161991547,-2168.5983186332624
cell_29584,-10330.941457436209,-3525.6210545522026
cell_107515,8464.196317881502,-3629.0098269407354
cell_103888,-13126.900949983308,2536.372088123451
cell_113768,-5195.216196946467,1303.5494601756302
cell_109850,-761.6316847789458,118.72416440091324
cell_108746,-1859.899748267646,-81.22998801095456
cell_29219,-1166.208106314848,-1656.7297019850644
cell_113651,-1751.3815025530414,1737.3926018618251
cell_14955,-8873.611971627055,3819.562272640292
cell_30175,-10137.491533436883,-3693.376247729401
cell_109314,-9300.219576668442,2067.4953522134015
cell_15951,-5043.557518171863,2044.7546673871868
cell_29671,-9857.592426193662,-1735.7149417711432
cell_113457,-9540.12063886137,3197.628494606104
cell_104422,-4816.183966175546,1078.864318191271
cell_103647,-9307.441962935729,-226.0106267091842
cell_107478,13303.17391841867,-3493.840181413794
cell_29193,-7655.356414449743,-2425.1485450174473
cell_28414,-4761.221392095213,414.27290026958593
cell_113712,-13180.847978570851,1807.21124625679
cell_106943,-10949.735158947766,2475.5011337158717
cell_107181,19611.695255383507,-3741.9014272971535
cell_14795,-6961.830322037332,2312.3768944891435
cell_29484,-9735.242281335508,-2941.6134840442387
cell_114482,-13022.770851153091,2153.156052554264
cell_28463,-5140.80697476636,-943.0896084672913
cell_107013,222.75256693886337,1551.4690252813646
cell_111295,-5426.289128827359,1717.0321359536904
cell_114068,726.3374827221339,615.9776076652424
cell_105142,-5934.8506038504265,2274.2848349624796
cell_105230,-13448.659001547796,2247.906918382292
cell_103397,20408.09591316921,-5681.549442155385
cell_30303,-10664.958716482346,-1896.90048370013
cell_104833,-11925.778618300214,2708.9736449909574
cell_15787,30740.754159014297,-5357.1946808958
cell_114569,-13721.043938102643,1554.9077976242554
cell_105686,31160.862558273362,-5319.740325333762
cell_114268,12863.858671984906,-3695.210947224378
cell_29460,-7442.289193278823,-1913.0214939796929
cell_105980,-10457.020968211658,3080.938130259162
cell_109638,-1172.239773642083,180.12064967280725
cell_108851,-1946.2918867742658,2320.7974539665256
cell_16199,-789.8491055315295,1383.7866510609506
cell_105260,-13136.372311594794,1646.5331416652718
cell_103614,-10318.56085002365,2766.886193589562
cell_15379,-6557.331748456656,3101.8358260950895
cell_30474,-10922.495861033189,-2771.3939663271817
cell_29674,-494.78581790419156,-1712.5339504158828
cell_106887,-1318.6560169894608,1.559873931740316
cell_112293,-12907.908740996663,1317.6572450592812
cell_14450,-1324.098583693803,1259.8891943963388
cell_14895,1263.9339787486415,693.7348888258899
cell_106297,-10596.341269702905,4241.794422502632
cell_30202,39162.54950205979,2326.274270697094
cell_103853,-13862.91126207013,1824.9162646624702
cell_14877,-11804.123672507667,3983.041243529504
cell_110354,-10023.021446600098,2758.1337031417074
cell_105465,-12734.162011443379,1115.1025095547604
cell_113331,-11004.82882098361,2749.897041706507
cell_112409,21063.100359090346,-6811.766778268131
cell_107874,3923.9914774756026,-1259.589533508076
cell_16123,14451.71681703085,-4171.151179779137
cell_16101,-11728.38107695209,5028.645771772279
cell_113617,14596.899793065964,-5937.396373620895
cell_111817,-12968.110018007543,2137.4131943365
cell_109148,24638.30880269829,-7326.386656736868
cell_110292,-5820.970335071325,942.4741252174231
cell_28436,-10058.817565463087,-3070.6582321166875
cell_30489,15785.013300417853,-3675.5093438618715
cell_27781,-5751.317049238713,-2537.394828450387
cell_28680,-3833.604177399061,-700.2621680511244
cell_112988,-12926.253634525001,2118.1936803108315
cell_106155,-11066.617109962932,4196.123743151835
cell_103715,-876.9902013044195,-1151.3553029914606
cell_106670,-9800.231973509493,3275.4518291474087
cell_108833,-5287.828994329658,1587.347208216841
cell_15078,-3900.318623830874,2129.0247389540064
cell_28957,-7551.184266707602,-1893.310671565176
cell_108342,-11034.435646166972,2743.7485303738176
cell_114184,20062.138692209995,-6491.936739223033
cell_112396,13839.566842192882,-3642.569641743686
cell_29989,8498.079068288416,-3200.6958155483762
cell_103968,799.186830156107,5344.838550169549
cell_105024,-13378.612953903137,2674.957331749381
cell_106331,-6954.2863612504025,927.9292197784545
cell_106569,-70.22835650695752,249.69880110710272
cell_29811,-10716.636596211329,-2316.214279154988
cell_14836,-11890.37883701949,3769.477688000627
cell_15063,-12023.933283786839,4682.288931654385
cell_114532,-11362.833686006044,5005.7583939032975
cell_28330,-10439.653773547676,-3288.5296324528426
cell_110958,-1739.4583506329266,1624.7672674809594
cell_103591,15482.152270252747,-4647.229471127952
cell_28465,-10755.939606445516,-2860.1776204714292
cell_103459,30385.08009509902,-5516.035426564186
cell_106403,-13005.3673654605,2273.2886037299
cell_110941,-11308.498966057621,2419.0235002445465
cell_104192,-887.1319527301697,29.37102660660355
cell_107717,31369.769345707726,-5248.975967598667
cell_113483,-9906.981988483316,2058.785591623463
cell_111650,23281.48724281504,-6843.575889443546
cell_15906,-6355.432524737392,3114.6014611949176
cell_110055,-11666.46439459472,1083.5933500170952
cell_109417,-13436.464835747915,2035.8966459357978
cell_28472,19689.848096282636,-5487.568098522593
cell_103535,-8296.307766423162,2903.9255902696736
cell_109975,-1818.4177281590942,1750.1849236307646
cell_104735,14413.350295503486,-4895.58333338316
cell_15401,-10446.981020105197,3696.208658588126
cell_104966,-1423.9018042815917,579.3474543379834
cell_107764,23888.786460119583,-7711.952254172856
cell_29704,-9768.01782393608,-2339.541770497884
cell_112027,-7962.244161099296,1235.2822758343616
cell_14852,-11126.71835249881,4238.333240821485
cell_28381,-8645.800185217086,-1621.3130759307255
cell_112467,-2681.401578020751,414.8807666168194
cell_112329,18190.562223681056,-4620.869749291009
cell_15107,882.7862457882114,-70.65774855411583
cell_114063,-4355.742488701017,1624.2995759877701
cell_29132,-10540.02288645119,-3164.1985452205045
cell_108052,-11440.558440764593,1252.8444240761053
cell_112461,-9809.80736960883,1307.998551760392
cell_110987,-10781.593410476182,2502.866910228251
cell_112365,-11160.211299214998,2955.4249190493993
cell_14984,-10059.47180398292,2380.7391910642054
cell_105178,-1950.383171428483,-97.69728154051175
cell_107261,-1649.3825511108766,-481.3372263883201
cell_110722,-1305.9409550068212,2809.488883207555
cell_108507,-8090.542939078465,1834.1364668790777
cell_30417,-8960.05881955008,-1943.0773058354764
cell_106949,15707.493449567915,-5166.698534470699
cell_105261,-12791.871201195398,1744.8394992820051
cell_15492,14082.697814767796,-4407.920792580391
cell_108654,-7198.842342553978,1390.9831440175954
cell_14003,-11218.51062599439,2241.959420931472
cell_29371,13065.913158637864,-4412.312864383456
cell_14690,-9538.667075949566,4599.260463673279
cell_107215,-10129.216966067508,2152.9231844437086
cell_104754,-11100.731611107898,1814.6666962214308
cell_110830,-1263.0080647996567,-32.799400035855186
cell_105119,-13056.981810050773,1722.9149546085428
cell_15172,-11130.0598620982,5077.784619892758
cell_112985,25504.466064055807,-6461.491652499931
cell_106150,19935.25900544554,-5853.631364968048
cell_108377,18723.892435931306,-6312.469756367069
cell_111973,-12114.972960329724,3459.2118141694236
cell_109027,24637.36805534077,-6758.662291085276
cell_104436,-7323.5961585434225,1894.256736202966
cell_111058,-8905.360333985835,1191.949567444532
cell_107936,14426.001838998134,-4267.340835207396
cell_109274,-12599.305122599762,1888.3376346358375
cell_28130,-4884.533966315842,1176.9263158577946
cell_28272,-10413.37521892043,-2672.421158738031
cell_106821,-5968.905354492666,2381.084334900636
cell_110566,-9012.91464453084,2101.4402783603578
cell_15668,4862.79249574274,-2433.554882252363
cell_114466,-2981.3623437856036,219.73862735549972
cell_106708,22652.5426822538,-7126.412290347312
cell_28704,-9258.911161930539,29.102294204835918
cell_111874,-11483.918906426255,3235.3796252518555
cell_30239,-2679.2916269702773,-2204.5549008945195
cell_109960,-10145.051627225219,3235.193907425961
cell_103789,-11019.385482375028,2944.1837449069494
cell_108465,-12092.175145601786,1498.3537932007264
cell_110736,-8862.728581137371,1309.7148989470807
cell_110866,-4507.5606552824775,1775.985324812952
cell_112378,-10686.234471427522,2816.0860033156405
cell_111677,-2192.784032811729,-297.36016814251434
cell_113267,-7614.141481033397,2054.794593620159
cell_27758,21174.515292060274,-6259.405390442736
cell_103403,17249.56811651467,-4795.225996118378
cell_110017,-1078.1053152737477,-499.8088579398184
cell_110082,-12862.09429332591,2426.8061084165456
cell_111192,-31.682553538476327,-345.3290750782823
cell_111734,59.82633382449254,-780.5127855878605
cell_16270,-8050.431401472488,3198.6835654285883
cell_112115,-1687.2795586929058,737.0234043811372
cell_106657,13574.996795404506,-3905.0746550820686
cell_113010,-12124.499899891205,2196.5795776231635
cell_111178,12989.088148460989,-4166.361350886768
cell_30209,30793.005743866655,-11528.297850530615
cell_112962,-3041.2794986443714,575.953935357351
cell_112651,-9698.51914558306,2491.686632442697
cell_103512,-6344.288825404739,2478.7318654770647
cell_14001,1090.303045522704,1181.2428358472575
cell_111690,-12214.812760479675,1984.3118130092219
cell_113436,-13212.552190921215,2165.1527191985
cell_109024,-13633.529028938165,1600.593397328867
cell_14355,-2424.5068370863437,618.141370522031
cell_15521,-9847.192250945278,1272.8663109072293
cell_110192,-12073.79572730768,1550.7829686114148
cell_111897,-1380.6265541596897,100.59744481585156
cell_109909,-8484.154954981215,1876.123820743574
cell_111547,-10200.949384562686,915.1364602034254
cell_107599,23910.685810515766,-6635.744288194002
cell_104221,-13095.679546478064,1946.055508032522
cell_107855,-8129.847154699068,2430.5914416804553
cell_106017,1652.0750769240017,-1629.5784179634393
cell_112796,-1828.494775262455,787.4134182435339
cell_15011,-9573.685034922031,2897.3219391185658
cell_109939,31474.757218664614,-5236.154676133276
cell_103404,-10735.24510410245,2860.7046263148945
cell_104931,-11097.72334306901,2252.759194074634
cell_104149,8645.23686658623,-2454.6382150965096
cell_108407,-11621.423532279365,2486.5625276563374
cell_110856,-9853.393009788897,1735.0840361305968
cell_28938,32839.81708246245,-4253.776098942039
cell_106988,-12212.508020980147,2672.557933539592
cell_112535,15659.104417161212,-4485.0312921899185
cell_109039,-11647.961623257801,1581.2455073094127
cell_27718,-10753.903109123268,-2593.035396409907
cell_107806,-2582.545603713921,740.966516769579
cell_103659,3082.02450356588,-1977.1621751477453
cell_106491,-10263.777088038792,4193.459411039767
cell_106255,20272.711501303584,-5325.5818285268
cell_112275,-3153.3599310317295,455.28050506985346
cell_110623,34171.049159699614,-4164.537809259797
cell_28763,25912.975664812315,-8195.710199947489
cell_114120,1022.3754591351723,-1301.089082240469
cell_113773,-11123.997030435166,4552.936683970059
cell_109812,28488.222608594268,-6176.136594240942
cell_109118,8093.731682278985,-2350.2262200359714
cell_14989,-8640.061387493886,4216.448058480127
cell_109782,12784.52540564865,-3991.1334547424235
cell_112779,-12234.873658927223,2444.037301171764
cell_113939,-10950.948410111288,2292.2935186707177
cell_107091,-10175.655030766493,3125.6144832943046
cell_109103,-10102.573333035145,1576.9436781139132
cell_113786,-10279.79730812462,3684.5985175006326
cell_108348,-9796.042574649784,3393.924505200417
cell_15666,6390.635475997913,-1768.420542716171
cell_113947,19507.70680486975,-5869.4088550333545
cell_30312,-8504.679966187501,-2084.179258127315
cell_15907,-11457.518997554926,4604.466663957116
cell_107024,-11333.414807030587,2223.9092532747227
cell_112836,-12938.101218605017,2008.9411118176497
cell_15158,-10609.62821314649,3350.1939071024226
cell_105358,-13404.457642837035,1598.2752094570753
cell_110828,-11984.369356389801,2801.310435740871
cell_113754,325.09696110929707,-493.5627980646843
cell_28944,-3983.6715864152125,-457.9273416808349
cell_111683,-4461.8531859395725,-10.214042449331279
cell_104831,-10811.541303418166,2469.5637574056427
cell_28184,-11214.795969626266,-248.53648456187327
cell_105460,-10483.420783489113,3319.8689900403233
cell_112321,-5058.885908627717,1419.2430318739082
cell_15831,-11536.566707750797,4091.232308704688
cell_29434,-10264.275539166634,-3587.2636015960775
cell_28865,-9869.294843573889,-2941.566864508404
cell_14829,-11087.712736206628,3748.138898099007
cell_109903,-7703.809772521964,1873.6076568449928
cell_29847,-3487.3386591631765,-1777.4252354500888
cell_113062,-6223.184702434529,2560.5254962964136
cell_112113,-9857.19112366676,1976.554140972256
cell_29976,-1042.45532878322,-1902.6286561893478
cell_113112,-4036.96700908904,1423.4303079515118
cell_112657,-13075.329491560295,1530.7565535726135
cell_104358,-4913.12756690032,2464.993962553045
cell_114572,-9828.363686321429,3118.1148993755746
cell_30400,-10878.57407091172,-2050.002003324074
cell_113037,3383.095643827968,-1319.2493838671537
cell_114229,1460.8948166395244,-979.5246481861107
cell_105327,1260.2124602438919,-1667.6396719561706
cell_111589,-8324.7153876725,2862.6105278352143
cell_14543,-8706.723722358867,2385.1664019646246
cell_14366,-8548.324466534956,5275.277697684824
cell_113192,-12775.664367801803,2103.699777536506
cell_30012,-10206.079075943477,-1233.6852016881378
cell_107011,10077.036432196619,-2992.7815410210405
cell_16065,-5955.207711662966,1776.7753022503232
cell_14724,-2520.4643945358903,2605.055546646596
cell_104805,-11220.715934453556,3363.7163712467727
cell_105003,-12398.077724404717,2258.1318455997225
cell_109868,-5989.070216780387,1479.3622659389948
cell_15442,-11846.790291489737,3920.8286722140447
cell_15370,14470.127507090381,-4855.5266487050685
cell_109783,2106.8213353676997,-895.6393780242097
cell_111550,-5663.7534563323225,976.9051737177685
cell_30107,-10210.89758978694,-3166.4367625946275
cell_107498,-3123.849534705169,-317.29453511964846
cell_113479,-7950.955642130189,1561.3048509734533
cell_30133,-4265.452571850568,-1698.5084778403918
cell_107903,-13765.789848216842,2040.5052839710697
cell_108517,-12708.627947982564,1532.4499503419977
cell_107675,-13373.913036794722,2125.8150212039886
cell_16310,-6027.559376311546,2556.1961279476923
cell_28293,-10877.656485595719,-2204.311130742302
cell_107300,-8595.51715973167,1484.0438745175475
cell_108338,-7493.266743726126,2007.5322436408187
cell_109010,-3297.6971136664024,718.26402253288
cell_105945,15320.590445926875,-4937.708692443224
cell_104268,-8921.088324231849,2182.331054031675
cell_107458,-5654.79500587545,1568.7221556056468
cell_14310,-9414.381460614526,5021.850461952451
cell_16229,-11898.419988592172,3732.8563180470987
cell_114179,19335.159812931615,-4721.596178472251
cell_110424,-913.2423165249896,935.8370466184925
cell_14925,7552.116366236852,-2682.1693872697724
cell_15916,-10276.413987908414,5125.631682649988
cell_106741,-739.5509896803591,-339.00064353688094
cell_16158,-11434.842835723613,4806.440094592764
cell_29129,-8785.397208044564,-2515.4798239568713
cell_14704,-8688.167549322343,2257.6692809484425
cell_110478,-2744.3922388202113,-6.420087578223024
cell_112930,-11843.310326332807,2977.424881653109
cell_27968,-9763.486296473238,-1644.3338517213451
cell_108763,16132.70942101155,-4878.520733825507
cell_113965,-2253.802095277968,1929.067923809735
cell_29860,17446.27259163947,-4866.114312955688
cell_108189,-9453.368312426757,1450.3468664851807
cell_15563,-11217.886945874912,3737.9409869949122
cell_104355,15806.034477309942,-5953.514751591267
cell_14481,-10672.792186856737,4792.67528527439
cell_27922,-10172.40313961043,-3619.112554344157
cell_28314,-5055.857580963417,-1776.7952590383593
cell_105544,13123.208072011697,-3829.603010900077
cell_105692,1831.8232370251676,-469.8838529032234
cell_112121,19988.4632671924,-5961.59121449534
cell_30389,29923.489972133408,-10693.501660832888
cell_105090,-6419.550711547255,1303.7823160305577
cell_111342,-10071.296578891039,3024.0672771526424
cell_104663,1432.6640691265118,-654.8254519892993
cell_110773,-6285.340271178629,964.0982242720992
cell_113907,-12216.743879093437,2848.7447434826126
cell_112259,-7130.292737996829,687.8484605294076
cell_111663,7912.235204054605,-2225.6036917303095
cell_105593,20131.34156363377,-6776.398964056714
cell_109617,726.7340384791077,-702.366920628562
cell_30460,-5520.5380949268265,-816.9750409201578
cell_15114,2523.740265755334,-296.22437219763447
cell_27832,-7738.7788936978295,-2459.833293158598
cell_113370,16411.18592913715,-4552.436912494107
cell_16071,-4959.59979411491,3041.465324533235
cell_103379,-7892.6784430459875,587.6550830567174
cell_110405,-13647.16989119833,1639.1508698531345
cell_112954,-10018.067310430244,1817.411170031957
cell_15135,-10457.628740421223,2927.807580427244
cell_29657,-6681.134462675029,-2595.4252944235554
cell_108007,-10987.315446024295,2325.8031936514762
cell_28660,-10378.915158929009,-1505.9883718227354
cell_29954,-10321.719995114616,-2630.024287638707
cell_112751,29364.8918853405,-5865.622560979982
cell_105059,-7000.5459980237165,1404.5904502385736
cell_104444,7754.065202743137,-2265.7399748553194
cell_105089,-12079.61747410906,4185.5062509959325
cell_15546,-1078.4841269969938,-612.9866715762574
cell_14317,-7697.332961539876,4417.608190209323
cell_106276,-2470.7101865895766,1255.6262285225464
cell_109178,12341.524392948479,-3825.6615352372755
cell_16069,-10393.898063831017,5173.042630677776
cell_109442,3824.5364643436465,-1521.7558936140426
cell_112705,-24.632002815286384,-40.29884554069899
cell_111357,-10489.381279957013,3575.146168102579
cell_106006,-10584.860158775778,1833.337277194747
cell_113639,985.0874005514609,-112.38642531457134
cell_16288,-2970.545542264637,928.9703994813764
cell_105065,-7108.137992511994,1928.0719449100882
cell_105570,21337.575776937003,-6690.681863141956
cell_104950,-10127.084396252443,3094.3768219502963
cell_107485,21730.160596347214,-6782.040689079895
cell_110015,-11078.77878815525,2401.7778221414897
cell_111596,-2419.9701947294175,301.20038258668194
cell_104784,-13498.997584777022,1599.8459164749986
cell_15798,-9485.413708090808,4907.739558302178
cell_29797,19015.93920155727,-5201.09500513502
cell_15550,-11717.493598900237,3902.375720917121
cell_113123,-1062.1231074887032,361.95308069101844
cell_114451,-6095.518699084925,2786.692434408209
cell_114356,-2466.9689429615373,1397.7481122665226
cell_28787,-6799.049532795619,-2265.943527693287
cell_106954,16356.99141745852,-4157.5963379722825
cell_107356,-10739.525059692114,3313.2919056264714
cell_14519,-11530.997690748498,5698.427594829549
cell_113473,-9546.93420772841,2660.507123853934
cell_111239,6750.747860937704,-2301.229261313516
cell_104064,11214.895766821384,-3868.4394556503353
cell_112029,10785.517657968086,-3346.0865906533613
cell_111306,-10449.751401897125,2784.9275082601393
cell_108822,-11096.914272277189,2719.349288510622
cell_112939,-13362.949161087801,1707.4574811205823
cell_16153,-10766.206887163,3685.262845149543
cell_28119,-9879.937007272943,-922.1936522486317
cell_104696,33815.520371925515,-4363.737361705541
cell_103736,30625.667787351424,-5680.59531382894
cell_30021,26184.116021180253,-6294.832943828348
cell_104482,11360.442495333917,-3631.0595587830167
cell_105345,27919.216405942396,-6113.055026119856
cell_30561,-9829.43584016076,-3562.207291564096
cell_103350,-11370.976363081594,2905.2085812206956
cell_108153,-12595.414710342357,2240.234363220218
cell_14619,-8568.569071690583,4025.375011174811
cell_111577,-10779.845477838957,3255.32437498528
cell_107980,-13310.80431229135,1862.5317890169388
cell_114568,1811.2796285913807,-1564.8398191867238
cell_107334,-9484.829907211531,1191.9584445686035
cell_15101,-11662.75684309158,2580.767823156418
cell_15662,-10807.9060463443,1732.5359453553476
cell_103495,33833.43886469496,-4113.042301401124
cell_112047,28863.30203687407,-6053.316675853259
cell_107722,-2120.834202761325,-385.9207986534091
cell_16274,-9223.077340867681,4664.116904570289
cell_104391,-12355.904819539908,1832.352932202734
cell_110541,-11019.232696043759,1727.172471126194
cell_104046,-12807.100321520125,1667.9397170993234
cell_109599,18600.64826454278,-5463.308312016113
cell_14636,-12678.01731280784,1479.1486655056847
cell_114086,-10060.542816305378,4699.751552389937
cell_106220,-12711.964273780834,1687.614877467078
cell_114217,-13167.584262593582,1969.3716598508688
cell_29064,-9980.873833492797,-1291.3884215613139
cell_111570,-12421.040814511045,3231.5510691473605
cell_109532,-9507.884095387302,3079.2155248784957
cell_15725,-5528.265996435798,1350.9212608915657
cell_15875,15052.893575282536,-4757.7833505407925
cell_107533,-6519.072753469387,1958.2639799296526
cell_16193,-3762.2010785135412,1746.2744247950545
cell_16240,-9334.539627285583,4275.595012746202
cell_109828,11873.59810313302,-3393.60549091552
cell_112703,-9333.359209084383,2986.094896922389
cell_110419,-4556.900709296582,1263.7621205288913
cell_30131,-8397.900469502263,-2528.3212625646706
cell_111781,2558.9458156355117,-1178.0519102187784
cell_104634,-10444.057914344674,4268.734373188145
cell_103594,-948.6134431444534,385.3651285993231
cell_27751,26345.09662895773,-7936.743104890554
cell_29296,-3295.7339510445418,-965.905522945571
cell_110956,9635.556878430149,-3021.3963573809524
cell_112319,-8782.43484624538,3406.0619589113726
cell_29490,-11137.813709935333,-2303.0272350731734
cell_112989,-5243.4502628386035,1195.9783557358364
cell_114330,-4519.125970508302,771.700176833756
cell_27771,19983.584060689813,-6267.548466284906
cell_107086,1091.6642487859576,-1043.2304557771192
cell_112509,16728.03752249312,-6092.663312179229
cell_112224,-10007.847078947287,1892.2182486381455
cell_105527,-7333.665006038562,1860.497373662699
cell_15711,-8366.266288417559,3328.3208669647797
cell_110881,-8852.838210332355,1912.6522791705222
cell_112262,15933.801754815826,-4519.076751950481
cell_108352,-12478.896365209423,1957.2730400861378
cell_15377,-9472.365093962304,3677.621319680027
cell_103493,9496.61513249774,-2904.6734212345423
cell_105045,-8873.04700137011,2180.5850601882516
cell_105538,16033.585661474344,-5045.916711705636
cell_29801,-10905.44155105567,-2621.9333400269097
cell_15610,-4938.258265425294,2307.1477680116186
cell_106969,-3231.4768922746593,299.52195613093534
cell_104147,13879.881092030619,-4117.838163855359
cell_105343,-10683.560020086285,3379.264888902821
cell_113881,41.11135975126424,1747.904622412359
cell_106330,15707.91521871905,-3927.3336691263576
cell_15972,-12058.51021877762,4461.419876319557
cell_104186,14499.71650495438,-4006.222603078421
cell_113216,-10827.540589098839,1293.0064859578702
cell_15444,-6197.809653800834,2001.4595228235348
cell_108002,-3942.465280719207,-93.34117958387918
cell_103311,-11200.721930314648,2076.014851391627
cell_104905,29935.807497407546,-5662.166777461356
cell_112828,-9940.562082955132,3797.6992892712196
cell_28937,4520.216014629402,-2092.7718900605473
cell_114558,-9032.18923478942,5032.811875885186
cell_112749,-8741.130844821044,2228.0777560230895
cell_109106,19961.393649600897,-5368.766889661331
cell_106694,-10131.859665081416,1899.6870794736026
cell_105513,936.0488093434377,-1168.8432507639948
cell_29065,-10027.340840998966,-2494.252254928753
cell_104780,-9990.6755289478,4901.252016771104
cell_107386,-14011.90749695626,2057.962621708396
cell_113681,1317.2749078179133,-545.8124555315655
cell_111729,-13271.930186380254,3021.7207024326012
cell_105966,-10884.030038751962,2060.1022490727837
cell_106758,-13909.257373164779,1698.0659695145628
cell_107268,-11450.942392662935,3156.5526403373733
cell_106885,-13847.334327981262,2323.157827593339
cell_107460,-9534.921061711331,2585.970168336566
cell_113936,4549.518775837327,-1137.6472990772852
cell_111673,-10844.92945788743,3137.8630369339935
cell_30568,-10799.191465039705,802.0005950215893
cell_106245,11002.113382292584,-3382.5417146537047
cell_109800,18455.567738658312,-6565.342680492104
cell_105433,20295.92120655223,-5320.909756474794
cell_106298,-11928.750697338988,1719.2532387874148
cell_107513,-7531.1897651891895,1555.4731301642648
cell_110923,-7071.3744425553205,1883.2461477243096
cell_15977,12136.767451961354,-3421.4067184373275
cell_113044,21003.96321266098,-6604.156310793845
cell_15670,-7140.369525431761,1714.0957913735956
cell_106658,-9629.590835945632,2502.56290220482
cell_112335,10377.389129099396,-4253.483067551372
cell_30487,-8824.320176147161,-1917.2717374115393
cell_114536,-11140.830997396633,2427.5519894836034
cell_28981,-1615.4622338103763,-1793.5576116689
cell_103708,-712.658938097142,3426.0156146463473
cell_27823,-4064.596708492421,-1714.2600559451162
cell_113564,-3381.403563242694,916.7336825295453
cell_30003,-11510.84089652868,482.20642824755646
cell_30570,-10145.973426680257,-2007.8819364202816
cell_109088,-10023.772794996576,3113.6939779158974
cell_30498,-12242.644908007613,81.70533516352442
cell_110025,-2789.9388702288566,58.21403481026987
cell_104109,12073.55365342759,-3920.8872491355487
cell_104091,-3799.1403008789816,926.2338110384063
cell_104011,-13884.692867300733,2545.7831658940327
cell_107354,3882.1630410753028,-1051.5428103033778
cell_109154,-11122.106432538298,3103.1712477812453
cell_30374,-10825.907949051209,-1725.488737689746
cell_104526,-2779.5561314909774,-347.1608721549464
cell_15509,5944.801333912355,-2134.671853030429
cell_104380,-4911.744495808998,1943.5015231309844
cell_107879,-11018.811182490263,2060.171135350108
cell_29559,-9949.977834102327,-3629.188750426013
cell_14622,-12026.62292361245,4184.2865566619475
cell_112543,-2427.662480139966,1548.0205298018052
cell_16235,15855.825720304521,-4769.521965437707
cell_107950,-3518.9368550929266,1440.391401229559
cell_30099,16006.272444809629,-5195.3900792872455
cell_15566,4498.433185567282,-1300.629149298183
cell_108286,-10851.410195719163,2012.3631742122284
cell_14180,1012.2924408486102,1444.4999997337752
cell_105374,2841.133553906088,-1943.1478488290427
cell_30514,-9643.602789460472,-2588.554528031875
cell_106961,4680.767711163215,-1060.4562253933393
cell_28423,-9056.466597525594,-1918.7158084549737
cell_30323,-7791.885259456529,-2417.7037593479654
cell_30216,27727.527068303018,-6979.390890623207
cell_114275,-5649.421349118788,1325.931022348599
cell_104417,-5737.026689687696,1469.5840395327632
cell_29447,26277.58505481538,-8174.943949971517
cell_27743,-9600.668099714421,-2144.2123320900205
cell_109423,-4059.7346459489386,308.28462606262684
cell_111502,-10206.639066166219,2165.3451479847677
cell_28392,-6420.34435555259,-1699.9605263048718
cell_111530,21284.30549830679,-7561.482784943424
cell_109563,-10625.001316737642,3909.581847469625
cell_113322,17927.028673068595,-4576.7079750579915
cell_14991,-6219.809085801686,4041.4112814998275
cell_111102,17948.156971950346,-5588.8103669805605
cell_14097,-11466.8454353011,3719.320515151824
cell_30125,23540.37432644721,-6876.6632227949585
cell_104492,-10712.323706914782,2946.1768726547957
cell_107189,-10574.841790778652,1668.511350264728
cell_27860,-10910.285269124352,-1881.9744231938141
cell_110402,-4418.508386978886,652.9684300908268
cell_109262,23429.934950580762,-7070.88787331071
cell_104420,-7701.239833236951,2032.5811229453118
cell_109349,-7361.212013747951,1493.1144026559293
cell_15058,14864.053938150708,-4037.906084203028
cell_112114,9107.59630107115,-2548.8686335553016
cell_110356,-11122.590945581396,2682.4094543360434
cell_112871,-6454.961553161042,1005.5245530201607
cell_105567,12631.959029711463,-3554.953831536213
cell_16291,-9462.051851782426,2500.219967535181
cell_110968,17891.58419634564,-4959.334523808923
cell_104786,-5477.717765723083,466.5305390123712
cell_14216,-11138.063539386612,4860.078497584824
cell_106438,-12075.270750660015,2075.7281336693454
cell_108095,19356.169322475318,-4892.758668895188
cell_30364,-9503.975964557056,-2129.7270385670777
cell_108172,-12365.048288942655,2537.581294137481
cell_106134,7726.257944295997,-2490.9905241625975
cell_28345,25888.001806112115,-6245.654232103278
cell_106432,-11247.630625942133,2831.361795233845
cell_30136,25027.093537846715,-6652.058933658512
cell_28566,27345.845503352026,-6090.094706762945
cell_108546,-9411.767267018547,1452.6816220577803
cell_105801,-3507.1467478036766,477.6916902701393
cell_28309,-10709.937595787598,-1275.1050788392774
cell_29030,-3507.191163602642,-1481.7040507073839
cell_113600,-13394.822121616098,1821.6540575795864
cell_107253,-995.8832153774425,657.7317285450322
cell_104424,-5723.959487240212,1584.826248560856
cell_107630,-13471.395350706402,2204.9099228728737
cell_114147,29404.874536515457,-5810.509256643991
cell_105453,-10652.348717168594,3381.7878113264346
cell_112116,312.8120940555204,-18.588447794236657
cell_112581,-12363.740584428378,1423.8107820861883
cell_107425,19031.83642928354,-6430.717211068431
cell_111620,-12147.048175835162,2469.4821724293124
cell_104128,-12421.127677468456,2007.4069239860107
cell_107792,-6653.020995652666,774.8450193099798
cell_111004,1422.613809332683,-1053.516134667545
cell_112661,19885.53997545759,-4925.304552409077
cell_110174,1905.1072629386654,-1697.9855252495554
cell_108574,-11968.457105385505,1440.9122927384506
cell_103335,-1320.1044299447178,2057.700303520363
cell_110605,-10574.868779900347,2219.8588933021015
cell_111992,-12365.875448022203,1689.0081191137222
cell_16075,-11758.195813433627,3803.993847953506
cell_107406,23487.80767641437,-7140.851697265871
cell_104652,-9329.504039074101,2903.692145730732
cell_113474,-9505.107282445955,3957.512860212976
cell_108062,-11491.601574932465,2446.9087607364104
cell_113514,15709.51323492395,-4067.346568312957
cell_108595,643.5056021536615,-940.9844954926435
cell_14580,-311.7950688030324,3079.410403810922
cell_104111,14681.950000863617,-3981.87518364877
cell_27714,-1636.2329445703258,2629.000808305302
cell_107990,-11339.5029172925,3039.8689690841898
cell_114545,26012.510328481592,-7941.295202261276
cell_29654,-1314.5620697686315,-2184.037267340592
cell_111235,-5046.677677566226,2425.279620371966
cell_114368,-9103.501398898401,2627.5943709656244
cell_109340,-10930.608672046146,2985.27112883861
cell_114118,-7758.423152920492,1462.16933799689
cell_108102,-12453.60583153332,2527.2429550748166
cell_111174,-1113.0782262112357,2973.4618647616553
cell_29216,-9792.724396656879,-1712.4717187808697
cell_108609,-10177.920954961122,2585.4666540999565
cell_105352,-3374.3888165316785,1686.712626103558
cell_110925,-10721.93734350164,3008.8084401020265
cell_16218,-7760.781738258096,4224.523178834307
cell_112106,17334.929870554373,-4536.344856090929
cell_109126,-8191.793192566275,1566.4955823214739
cell_103962,-6045.205338787957,3595.832172741772
cell_113339,19781.502426987492,-5597.46748169313
cell_108885,-12873.120958313884,2216.1871979899697
cell_14867,-9897.53371341755,4723.456811395411
cell_30348,-10651.651172201317,-2174.9442870483917
cell_104535,-12158.28944778502,2379.315410800451
cell_109803,-5802.4393479637165,1192.3529027013399
cell_15489,-9666.761736861557,4342.559213704872
cell_28434,-6903.965129440698,-438.6981327643011
cell_108904,-12007.137856008601,2331.3934227590075
cell_113396,-10106.320107082245,2750.8243690497243
cell_107878,-13020.460867103426,1893.0193873389694
cell_112639,10607.608995896566,-3268.4794579534596
cell_14021,12399.039320295109,-4426.794312530508
cell_114096,-4975.807830036869,921.8553903696101
cell_107471,181.932255583976,4525.321668452848
cell_114344,20687.582265986774,-5430.347918774263
cell_110396,-10188.053223303634,3534.74882009008
cell_105012,-6827.331311640713,1218.8383847168232
cell_15262,-4081.6127800853565,815.474320061503
cell_103727,-3951.528567346097,446.761588052556
cell_29715,-10362.611461328304,-3206.6567125809897
cell_27937,33661.625966401756,-4038.3633863544924
cell_110162,313.6144752693045,4659.221716680062
cell_104258,-6888.857299408207,1141.6711801537624
cell_108597,4601.191440518519,-1396.0667462341996
cell_28353,-7656.691231413174,-2348.4212657286685
cell_108924,15397.478024127413,-4696.657314833973
cell_28062,38914.721405297365,2238.025047936838
cell_28157,-10379.611395110249,-2762.8405284119294
cell_107640,1311.633389241569,-1572.3449516413568
cell_106890,33791.08039846244,-4349.993082020301
cell_29595,15086.75382052116,-4970.27879537283
cell_108888,23147.794815056688,-7548.341471531889
cell_107953,-10224.45401812185,3634.3542571657945
cell_103410,19433.05488443742,-3937.9487269285464
cell_113195,-12256.126464587733,2044.10202099487
cell_112317,-11092.187601806989,2296.684998422767
cell_29667,1921.3294483924258,-2141.6822857996876
cell_111055,-10592.17178850758,3100.7983165234255
cell_108645,21171.122096399835,-7457.697433277258
cell_28493,9706.26857251039,-3337.03484968695
cell_106448,-3811.116824086783,767.5738761317067
cell_111046,-8860.954137069746,1641.6110415472804
cell_114472,-11447.754235299073,2413.708284958234
cell_110888,1150.647793802177,-1470.181167554152
cell_104245,-12236.767947468137,3196.9532579313486
cell_111737,11075.193269080244,-3001.2700894272675
cell_107799,-7089.806337292854,1708.4745774615621
cell_112340,-13210.250247898215,4034.6326650124824
cell_103559,-4224.374895137141,1281.4567052289601
cell_15208,-10781.938261254036,3846.4036717160207
cell_111735,976.6097881939064,-852.171544126054
cell_109718,-13792.0841841723,1608.6275010852125
cell_111863,2897.5541735658812,-108.59144690014746
cell_108936,-9388.28049673127,1995.4207614707707
cell_15968,3564.6591381824564,-925.4675956323717
cell_108674,-10690.577988787785,1942.1129653470314
cell_29381,-10093.648666861658,-2858.2212041852913
cell_104287,-5869.072729134244,1492.953878432488
cell_112021,-312.69319680413133,-365.7730725164331
cell_112971,-2332.989496542601,1412.3324170643657
cell_29195,-9465.662643447115,-2519.0092840966668
cell_113088,-1619.3176883317544,-418.0730102275054
cell_14870,-10162.895185918685,4483.098898213104
cell_28060,-10465.45909531613,-2504.9629249222317
cell_111025,-13025.036875688753,1573.020624502391
cell_107347,19037.534509462756,-4858.81109413584
cell_112598,-10760.90569554483,1916.099063113064
cell_111846,-11528.509861617958,2642.920957278309
cell_104018,26502.655052254082,-6179.943717287422
cell_14039,30691.43073174831,-5361.307874617422
cell_114288,-9569.29355406048,3083.633753692454
cell_109513,1636.7848332016931,548.7265562918816
cell_16176,-634.1555417620954,1442.815553257525
cell_103894,20932.322359536476,-7155.253630143181
cell_111682,-12311.532550556527,1679.8483741209932
cell_108311,-3391.9727253719198,271.53290794230116
cell_105067,-9152.02119306542,2094.773420760443
cell_107565,23545.403288475038,-6420.006900518907
cell_29063,-10383.118554519435,-2218.5837060445942
cell_112478,-13560.717823442019,1537.417869465082
cell_106019,-2264.3670590577863,455.819732823785
cell_30342,39144.51309886482,2268.8886928150787
cell_28767,-10394.945870715921,-1219.376142933534
cell_105754,-11309.153510914504,4424.447417439753
cell_107642,-1173.9459902264687,836.118624408558
cell_108993,-5502.316410787413,2324.270169501688
cell_30111,-10457.157148707041,-3118.1874030934414
cell_108934,-10399.812378425444,2469.1672773868604
cell_28161,-10573.645694139368,-2498.238246595422
cell_105965,-10840.833696008747,4177.937401558604
cell_28365,16650.570915464083,-5324.508821019934
cell_109873,-11087.712872661119,2137.062387738882
cell_110255,-11383.19551382531,1948.1834566996604
cell_14322,-11316.360684483407,3493.65969428459
cell_103679,-7604.2929072785055,1753.6759990738813
cell_104226,-12029.89627580867,2671.157099776951
cell_105450,-13764.08000316809,2092.106563686715
cell_28859,38102.68402205889,520.3931228824723
cell_114101,14471.39771814948,-4237.372772673779
cell_29624,38945.3964129852,2081.075707493545
cell_109483,-2542.2016357041707,1065.2360057509031
cell_29323,-9956.546328478391,403.70850106762293
cell_112858,-9934.319618412053,1975.2090452006148
cell_105353,-11292.516730860389,2377.620490229102
cell_112084,-9510.993584603973,1322.002426553477
cell_114267,-11087.055458476423,1630.53810197709
cell_29100,-321.69547461404835,-877.0936613266445
cell_30183,-3264.3136822084716,-1412.6496177347376
cell_15164,3369.8118890498913,-837.6622147934161
cell_113813,-857.7963488835635,-553.7549104269418
cell_28904,5399.22109776141,-2541.1033312156114
cell_30169,12121.861049496432,-4219.289610605373
cell_29877,-10327.749843026579,-3758.53837068448
cell_14732,-10849.942473736077,3831.140414431293
cell_14093,3486.073810682445,-1148.3678102774254
cell_16174,-11882.129175386024,4484.8560982299105
cell_110184,-7129.089300835468,1962.975647037546
cell_105688,-11225.510042086622,3603.2951224930703
cell_112348,-9629.932678818754,4207.555785168032
cell_27938,-9952.131953634444,-2491.1700226825396
cell_108269,-11292.315393858786,679.8626949953591
cell_105295,-13189.913384903111,999.2960731914983
cell_30468,24928.26053051665,-6580.771144144467
cell_107153,-9153.028504926566,2365.623501676835
cell_103489,-5237.204142567193,1803.2773655626866
cell_106129,-1622.7629781028904,1270.0468606578816
cell_114576,-11865.891051195438,2165.0434219513854
cell_106788,-3668.6003494200972,793.2083816560653
cell_104331,-13070.01211580975,2224.5295837713134
cell_111913,17862.68041526756,-5319.291713643502
cell_109871,-641.0340374484,3545.444483411664
cell_113160,14741.999155879403,-5065.645867207663
cell_104021,-10919.64411811528,3662.6822304930283
cell_104416,-10422.586663282424,3543.1545947279437
cell_110067,33695.91044000613,-4437.640726951197
cell_107744,28717.862768406405,-6176.559692464294
cell_106282,-741.077331610475,3550.606008403735
cell_29050,14452.890210284462,-4415.076452271708
cell_110068,-11991.185084362836,1586.4892107637936
cell_14406,-2988.2393182801234,1564.62510528744
cell_114133,-390.4346843715758,-502.30656759021247
cell_29013,-3010.8645385757304,-776.4549706744904
cell_111787,-9399.609016751452,3025.687949242245
cell_109627,-13443.243806694622,1742.2456379438104
cell_105036,-5433.387587952945,1458.9448617669402
cell_27790,-6440.5449188176235,-1901.7066556485279
cell_109759,-9806.669261338368,2083.3637299719207
cell_105232,-11180.065173999172,2209.7902674750903
cell_108808,12314.986844949948,-3626.1305510016714
cell_104960,-6704.630597072367,2003.7280109949484
cell_15082,-7829.922330339903,2572.4179460227183
cell_29507,-5863.740268146092,-1234.9608721500356
cell_104081,-8156.6814973199225,1241.218355471666
cell_28008,-8249.173928366596,-1356.3983333728565
cell_30478,-4569.460357612712,-2290.5341394641455
cell_111346,-11591.74244457983,2994.116713562192
cell_15361,-3636.270680146711,2556.12248422105
cell_105574,-6668.479634837655,1969.250152526522
cell_16195,19087.869680514053,-5538.380089301333
cell_112349,-8737.456687896673,3780.2106593942294
cell_104697,27553.403304996096,-6179.432221660592
cell_15517,-4625.50693625681,3196.2822662691237
cell_113092,-283.482656327385,95.4236155495588
cell_15605,14679.485318947409,-4562.496348084833
cell_114145,-10486.976890847816,2217.9697669892553
cell_112181,-11627.478142085787,1258.2674904953685
cell_111560,-2700.677413751699,2330.3150789384035
cell_112206,-1713.4831497650155,1341.078437097431
cell_14699,20772.096564943593,-6662.162140089698
cell_105371,-11030.791152841437,2203.300907794199
cell_104456,15811.466284706736,-4692.729273000398
cell_103786,-12646.617405402474,2301.1225887361616
cell_106730,-10766.34424882536,3334.5862588957993
cell_111197,-11324.227607402914,2556.2971894654356
cell_103544,-10065.298503785836,4034.7188022241758
cell_103733,-11873.098252780159,2102.6521447803325
cell_15988,-9585.93210791612,2580.6856785541827
cell_105199,12834.041344330264,-3791.0492678495752
cell_15130,-8363.360595360105,3070.3069498876876
cell_105951,-13465.811393599843,2100.745848631852
cell_28053,-10965.573884073017,-3124.714557643811
cell_112826,-13495.080181252506,1738.2750985659811
cell_29060,-9859.221746679608,-1388.993151551945
cell_107985,15933.446802291159,-4619.352343950989
cell_108396,-10903.856508284884,3211.6973961803783
cell_109772,-11548.18550844136,2705.3773274913956
cell_16097,-624.1320551241663,310.5719149444696
cell_107239,-875.4162155898938,-501.98632771516327
cell_28998,-9515.044105074221,-2380.9929119679423
cell_14191,-11520.625377727787,2331.8712628538624
cell_107006,-6719.381828062686,3715.8902355814157
cell_111360,-3337.0737321750667,662.0910202662092
cell_106875,-10447.217650802131,3417.216196119687
cell_114105,7721.586962392285,-1977.799293116898
cell_14544,-10601.119816931145,4800.238027516921
cell_103862,-12071.452580178386,2221.8920457539
cell_114441,14641.660324047018,-4677.14897407497
cell_113198,-3247.665599662466,520.0777858639259
cell_16000,-7948.851446095423,4801.067428532139
cell_113849,24009.50056968527,-6876.343553264808
cell_113016,-8977.288427247895,5337.113783214557
cell_16142,-3102.794382274453,1616.0372612107003
cell_109034,-12541.877990607087,1357.695034085027
cell_104993,-8409.893591217104,2185.9466556534976
cell_108894,-12112.041460811583,2387.7055637920657
cell_107964,-9985.891915791703,2984.4256286711175
cell_104745,-3480.834620393733,918.6406894540874
cell_29134,-11176.050140531832,1026.8595624564937
cell_105250,-12534.327763450368,2151.8759108476547
cell_110425,27745.47065554206,-6171.760498772329
cell_107632,-5836.125977635724,858.0256919478954
cell_112357,17809.044474933726,-5343.5657044119835
cell_108250,-11380.886281431547,2243.3513873080933
cell_104047,1412.9852805209325,-79.54680821236994
cell_113856,-9869.743497416232,3366.472882567292
cell_30288,-10860.715628106793,-3468.174610426587
cell_110108,18069.14234646842,-5533.9866024617095
cell_111307,-13447.733749731735,1627.149764182144
cell_103640,-9071.16624722906,2270.30411203003
cell_105463,1175.7517263039354,-1527.3087814450348
cell_106915,-6402.889222920641,1515.1881223449866
cell_111796,-1428.7526334774154,174.7860025177674
cell_14252,-2871.539558831422,1523.9370859704352
cell_112267,-2270.3557637569843,328.5129739586429
cell_111214,17415.441130573898,-6871.001766391574
cell_105666,-13205.21364664955,1994.9350297762896
cell_112281,-12696.930755242996,1814.9169472157932
cell_29313,-7941.47538575799,-1964.619318356564
cell_14725,-10862.412001986246,3675.782009982921
cell_14517,-9857.029914444087,4240.49037562235
cell_14884,-10146.309633483985,4468.269926534849
cell_104191,19851.246151319363,-6257.9978740804
cell_107548,-11079.797883686111,1374.5152324482503
cell_14372,-10588.951695994512,3928.560816503328
cell_103847,-9366.452870113599,2371.591467605845
cell_109702,-10008.546808777379,2068.2343314896316
cell_104040,-5172.425518737944,1259.1807775110271
cell_103826,26005.774115886252,-6551.538443664736
cell_104897,-9721.546420882278,2367.110917388405
cell_114397,15524.300766223205,-4050.5077944769887
cell_109708,-10917.345217714344,2209.2937822431345
cell_111508,-13382.220770732121,2969.027145603124
cell_109810,-3685.4237508584083,1282.7617034775599
cell_29807,-8179.111637371255,-2307.2853462918556
cell_15050,-6128.110567286783,3410.5437568437346
cell_30087,-8390.26516038663,-2186.3773634488293
cell_106904,142.83093998180559,-291.5012435922994
cell_114059,-13475.320708421852,1773.8235854075326
cell_14567,-7981.549809464473,1847.6783521494183
cell_30132,-9398.580366508151,-2590.3973860428473
cell_106618,-3823.8421957682976,1168.662952609513
cell_107219,-3968.713558674601,355.18179409820124
cell_15499,-636.4153792072817,849.4340664763724
cell_111779,-13288.589672958478,1891.1879858687962
cell_104685,-6098.961124306554,517.5664949925823
cell_112313,-8328.253181426295,1689.3518105670635
cell_105483,-11567.638606409646,3994.4935170862336
cell_29274,-11979.41699574969,-115.02300982228292
cell_111248,-5529.485201209013,1980.2437415708046
cell_110586,375.227262850841,243.88256452306834
cell_103497,-10879.410628726297,2336.207655429703
cell_29116,-7209.153587921707,-2352.9213438900024
cell_106593,665.6360706172704,644.7933395774938
cell_104556,-4759.000730476657,700.7463022869086
cell_113605,-4673.239394615078,1451.0524885950251
cell_14065,-11227.103681189645,4283.988017971482
cell_104231,-10719.108505311502,1987.0083667676367
cell_27817,-1025.1792741420588,-962.1164620041102
cell_109809,16399.735579064138,-4690.31548361351
cell_109267,-12975.589948779927,1362.7604961277675
cell_108448,-1101.6328285862567,3190.9692934712466
cell_28999,-8155.582383762892,-2117.618391676621
cell_104052,25321.0413415244,-6593.237969876038
cell_108754,16350.429343103475,-4479.0436180351735
cell_29314,552.5924287002227,-1150.8069265848658
cell_108060,76.87506012649179,4674.502406197556
cell_14451,-10254.441662917348,5598.797631325733
cell_103612,-7251.228362785275,1583.548242646851
cell_104579,28715.650369604988,-6505.877341880779
cell_29236,22189.80319954088,-6613.471274615042
cell_27735,-9967.90187424381,-640.1925660558619
cell_106724,-11665.596210444848,2393.5371386386237
cell_112151,-7743.1561427049,2922.154538130382
cell_28471,-10721.907964646964,-1382.7429477258395
cell_107015,13981.84366368241,-4430.543762174466
cell_111746,-12390.158525283015,1653.9349074083382
cell_15236,-3005.6207850104324,788.5002279227416
cell_29881,-4026.8758785668592,-1014.5097376649115
cell_14058,-7771.3112018042675,914.0274101927465
cell_28791,-2077.553556882749,-513.349726177968
cell_108185,-166.58282768232425,-726.3901927047451
cell_113841,31746.711026921777,-5142.735497275448
cell_107933,-999.1437676923099,1166.4936150430406
cell_15562,-10706.745311965271,3175.302564987786
cell_110047,-9767.754301640458,2806.720099020521
cell_104219,-8486.490987917217,1492.4957775747912
cell_105216,-13452.203233784541,1701.649948576356
cell_30081,-11845.80699652799,-107.8473636087858
cell_110778,26455.195528814977,-8735.147474429701
cell_29871,-5913.643484985849,-2687.5881261701334
cell_112647,-10677.249623937261,1650.8867031111868
cell_109674,-11338.17215190208,2713.0100471782835
cell_104425,18991.87557559233,-6964.863807143948
cell_106385,-10358.811439960818,2299.9504361713475
cell_112569,-7722.310833511304,2229.5897545140797
cell_105936,13772.981404295779,-3921.022737607703
cell_110122,2720.383488127004,-1523.4709670915468
cell_106562,15377.354905367665,-4220.704248753075
cell_114262,-3375.798350545949,1017.1294150818525
cell_104159,17487.846109798622,-4367.151094715904
cell_111009,-2809.8960265331702,141.52527474928402
cell_28039,-9921.57254632186,-3351.266471217464
cell_29897,-11048.772264963662,-508.4038199851012
cell_105004,-9797.745491765323,2472.1654547832763
cell_14418,-6005.924407297342,2823.83281959613
cell_14404,-1666.8042846724875,1828.6959815258479
cell_30191,26786.470502974997,-6507.108194386529
cell_28690,-8060.271342323291,-2492.4185688975062
cell_110347,20757.735852985094,-6917.568864011082
cell_105808,-4410.094675895382,525.1326126584502
cell_14140,-8302.589723379868,4316.363470559464
cell_111104,-13043.357350045833,2060.7123142126143
cell_109041,18687.124325164623,-5683.311772856185
cell_30053,18925.801316289395,-6654.577102187616
cell_110326,-5053.614292507377,1282.613541628673
cell_28977,-7494.630935160998,-2651.1073412106593
cell_111266,-2816.085905799659,1319.0702428536765
cell_107689,-5549.475121984309,1466.5812270431802
cell_29655,-9857.615546873416,-2680.5098584727425
cell_105568,6855.1116161288755,-1932.8440296363149
cell_110681,-2063.282219155484,179.28343552122874
cell_109331,-11961.263871293022,2250.6972969386666
cell_112900,26144.848448535064,-6228.1668447423735
cell_28697,-10258.340312102266,-1925.1223829368323
cell_112351,-3276.2855052748337,542.3128202620138
cell_105736,21829.888477748114,-6896.982717022833
cell_14729,-10232.553836556614,5139.967086370321
cell_29170,-6347.372831178888,-2450.5051217131154
cell_108516,25154.00254659084,-8141.298677425896
cell_112957,-9414.98509211048,1264.5478889458866
cell_30347,-5346.973494423583,-1510.5654512824663
cell_113677,11106.420834327542,-3202.3258640107324
cell_104150,-8445.903475448631,2094.315574815356
cell_105556,-2687.602950621548,335.39151311188624
cell_28793,-11247.79231221963,-98.2271991512806
cell_113889,-12887.155085855382,2948.7348015975117
cell_105200,-10738.133556459437,3432.2640345594295
cell_114553,-13222.513898425801,1366.4766044429955
cell_29750,-10059.113710111907,-1931.5693722334472
cell_109017,-3204.644308544862,481.24837268824484
cell_112808,17702.228745977343,-4911.237130057388
cell_29111,-10049.205918661033,-2434.362413675789
cell_108011,7721.469095697245,-3236.8404213915937
cell_112801,-1669.2742297831524,490.81201930878274
cell_113406,-2011.6353448730238,315.86543386696496
cell_27999,21841.02884418269,-6805.846500814998
cell_14239,-11806.667269638008,3902.0291973757794
cell_29521,-8209.006053925912,-960.8804959862741
cell_107161,-2926.317089842073,-424.573669815156
cell_29321,-10624.743651561297,-2989.392094154731
cell_27813,37580.83088895062,-456.43946500265827
cell_27795,18413.269489459344,-4955.615018738169
cell_103558,-10445.09003424464,3521.2331592113123
cell_104841,-12360.623416630566,2351.0436842654694
cell_106643,20468.829915609676,-5696.767951602417
cell_107152,-12164.970329080921,2579.6033251142453
cell_105104,21520.97008444792,-6275.826349465372
cell_109184,-13420.741960976175,1333.9152383918763
cell_107476,-11911.28808166942,2671.584984142837
cell_103811,-11616.57337032801,2553.8832829676794
cell_78133,-961.7564396247974,640.0437347527428
cell_83740,-9954.394467521479,3876.285132888844
cell_84905,-11510.147807972282,5750.540468967814
cell_62222,-9220.901027682792,-1890.629649487652
cell_81266,-9406.673012803727,5737.455708458656
cell_78605,-9218.961381733785,3291.030046668593
cell_91002,5266.781052291699,-2299.893246407455
cell_81017,20840.328571136448,-5874.2417022606505
cell_84006,-8299.774700534448,2697.0578152767803
cell_89617,32614.731414349626,-4633.510789898576
cell_86558,-3112.6987284803645,1854.1025885232318
cell_89214,16890.011978417406,-4751.644990935423
cell_78549,-11095.798801795487,4861.39026565449
cell_79656,22774.294694225504,-6817.4676768194695
cell_81794,20747.771573937767,-5258.995382347465
cell_78212,-11377.074580569026,5102.473936487034
cell_81758,-10035.796685936086,4514.80500196469
cell_81284,836.2254570085847,-129.75485013271768
cell_80857,15927.174961101466,-4423.384674388398
cell_62601,-8175.664581755281,-2946.8498353563527
cell_62367,-6757.6401456864405,-2949.310632547676
cell_84125,23183.67108981232,-7116.386880245571
cell_86861,-5406.939901284309,3271.8961700117566
cell_89721,17773.504268128843,-5799.911604739859
cell_87736,15253.7508360467,-4342.7334410439935
cell_88405,-3707.035449255058,1797.4658857155669
cell_86330,16316.65971925934,-4311.35620747138
cell_80467,-11261.664924586184,5469.522384561535
cell_83837,-9867.8259417043,4875.337472082712
cell_63012,-6275.043274737823,-3135.2243186098885
cell_82587,826.3863424964492,5345.052392931438
cell_85833,19373.81806683729,-5724.802241383808
cell_82147,-12625.643734547395,5386.787066437545
cell_89860,-12032.04928272517,5176.052826387662
cell_62280,-7443.568100041625,-3190.9464065072366
cell_80602,-3954.1328455759995,2094.9662466953882
cell_81256,10149.37165478013,-2960.2959917476637
cell_82255,563.1431980187023,-948.2437475095214
cell_81845,12281.03180155945,-3915.666708376007
cell_80120,-11813.154122923595,4299.6838896033105
cell_79306,-6513.583607849742,4198.687078696591
cell_79206,-7912.987695915957,2499.706575359759
cell_78979,-10114.988346082651,3023.890472470038
cell_86918,16744.463704335925,-3816.1823486766793
cell_80760,17226.697078120837,-6140.756594304506
cell_78756,21411.25514331445,-6383.845534829331
cell_87901,35346.447320090214,-2620.2464122037504
cell_77733,-4209.601484006406,372.06880138423855
cell_87822,-6626.277738520926,4312.173140668823
cell_81165,33385.38851558929,-4066.4612493197124
cell_80405,-10872.92819092314,4532.172066727801
cell_79612,-1256.5019965681633,1873.1865016535662
cell_87770,-10950.831499212205,437.4913308475717
cell_83074,-8595.088417547497,5297.538783696344
cell_84654,23840.092397624936,-7532.1131963259895
cell_82096,-1799.5906741909891,1696.425933191989
cell_80203,20915.789560683752,-5989.327005694919
cell_83387,-4017.38589147108,1152.7717090375875
cell_88439,5222.034436101719,-1339.1558649105386
cell_89458,-4841.862294832268,3100.7874200041983
cell_85272,-3545.4274923092034,2363.438994801116
cell_61859,-9173.920650430497,-3363.4952503966733
cell_85256,-1170.0229425980372,2552.1797347100974
cell_84297,-10490.140602627407,6064.672613145722
cell_82990,-4319.115257072948,2529.3704186243644
cell_85743,-9481.897604757918,5113.789100295527
cell_88344,-9309.63115604766,6224.20184376411
cell_80404,18777.999869394174,-5361.886129250739
cell_82476,-10049.603780764211,5978.903960981751
cell_88010,-11397.10002014503,6249.082734082485
cell_86743,-12453.345209318964,4785.8829385068475
cell_80145,17812.333585085802,-4885.928043499471
cell_80753,-10691.17545617685,4418.083260749422
cell_62174,-10206.030305898044,-1366.3269074874495
cell_62206,-8272.549284650831,-2857.0728043881804
cell_80461,-6289.580815256696,4228.716278873779
cell_84925,-10015.408714136007,5203.508992673299
cell_86377,33430.749850417706,-4291.747383776306
cell_90045,-11645.63750421096,4616.176827080362
cell_79161,-7928.514004395199,3969.0448413149606
cell_83699,-10725.547622734513,6180.406650278531
cell_62287,16.575917967529417,-2223.9215585798497
cell_85534,-1004.753830634988,1036.4208883090312
cell_84303,22844.692542470944,-7355.273693734557
cell_90533,19787.061504767826,-5109.251776900145
cell_61971,-7790.63072926886,-3028.7858353228135
cell_89063,3691.6967947370777,-859.1673294526857
cell_90261,896.144109871138,238.60937329706599
cell_90398,-12325.755042804898,5557.4823281821555
cell_87179,9088.499118547681,-3128.990493270246
cell_87386,-1262.452028562137,1040.0210188058716
cell_77282,25791.263907926637,-6374.008452050692
cell_85397,-4289.363647328026,1696.9542768389604
cell_81952,-12635.529123412074,5249.89589748142
cell_89602,19063.873632993567,-5648.832022464982
cell_78562,-3861.955660672547,2589.454313005991
cell_83656,-11962.659700607017,4831.564226989574
cell_80711,16861.46344981824,-3864.226136066404
cell_90480,-727.6830372875271,1049.0125347403875
cell_85551,-12237.282326159777,4425.872016438366
cell_82314,-10953.180184050028,5868.488591087536
cell_89644,12219.46147178476,-3091.7393517457176
cell_87266,-6303.448594860139,4007.9885207728885
cell_80324,-11155.626986187204,2294.790301857852
cell_78776,-12221.076645710944,4232.867271187981
cell_61988,13641.714885417388,-4624.269973593851
cell_85459,17947.077044365346,-3950.404859376617
cell_77952,-9298.330063222103,2840.1035256030996
cell_80283,11957.623460555742,-3694.7583149767465
cell_83575,21388.896900460077,-6005.3930296000935
cell_62977,21785.105852367535,-6955.682750520606
cell_62628,-10338.02828783648,-3239.189458270962
cell_88620,-8504.649049060294,4025.478803683955
cell_87161,31342.965094776035,-5030.69982259922
cell_80788,29.779755185279296,4386.193697459675
cell_81973,-10269.224307546723,5324.520057096524
cell_82983,2793.0339805566914,-1725.3380753452361
cell_80789,24486.27012012279,-6628.942571494851
cell_85147,-10444.324069589755,5183.718688635977
cell_85971,16972.755777751587,-4821.384804950858
cell_82179,-11466.949881278864,5264.705008107567
cell_77655,-10868.407299835155,6213.450051003979
cell_87411,-1304.7471982236336,2514.6231055599537
cell_80199,-11738.767791517294,5219.783223783325
cell_82974,1253.9278485854318,490.29490029322744
cell_85795,-10367.626399560995,5706.39735137605
cell_81562,-9010.438121190251,3237.284964197502
cell_89071,-1226.8929638709099,1453.9836037372593
cell_86792,-9778.774156576374,5695.009519193848
cell_77223,20724.320931887767,-5710.413789911168
cell_85369,23437.71235082508,-7498.048986838468
cell_80656,-6287.026913531165,3788.5004998570416
cell_62431,-10877.1928467813,-3126.485515577357
cell_83581,16156.776704863021,-4360.43530023396
cell_85445,-9521.266055156684,6268.998206280302
cell_83572,-9418.642436729153,4790.413838236393
cell_86314,-6724.053835365808,4159.149154585073
cell_61895,13526.423561344332,-4359.732957706724
cell_84529,-6602.42755885496,3746.355694817383
cell_79020,-10050.842439114425,6092.59778047011
cell_83891,-5506.4091494096765,2441.4727795966646
cell_78214,-699.2223197465889,613.06158383894
cell_62321,13546.40519117683,-4483.707486101359
cell_62181,12426.744257244125,-4354.691121764747
cell_84802,-5693.040207001519,2830.2919368475245
cell_89668,17459.641566918803,-6327.74849698848
cell_90761,-10455.722639952395,4237.73993111748
cell_63154,-10572.419499173046,-3169.9583288209096
cell_87830,-3098.6956304549285,2914.199344654791
cell_89904,-7668.646467735362,3471.1746743915314
cell_89486,1814.849124987259,-157.3137973424682
cell_78801,-11853.226351587473,4878.504476467512
cell_89174,14344.281245739061,-3817.0920641699895
cell_89425,8000.864590088129,-2835.709339615282
cell_77730,17595.68656247343,-5238.717910810141
cell_80246,-10809.706230244545,3919.587574586492
cell_81832,5915.022988859995,-1657.8653327337229
cell_79726,21302.798029276786,-5856.840446674927
cell_62447,23994.807897826387,-7663.198782841067
cell_88080,-10330.309249585505,6318.918864364176
cell_82634,-8085.003637555095,3331.2970150583346
cell_79622,-4691.853891331632,2311.844354369323
cell_80242,-5774.4493225749075,2471.129871090607
cell_79698,20873.48104082672,-5745.480728231682
cell_86772,-976.1175282763281,3495.33639839206
cell_77448,11370.617453382274,-3197.7178832737272
cell_89900,-873.8250905656929,1028.036059237292
cell_86196,19984.0598712117,-4917.251892242904
cell_85766,-10002.015562739278,6096.628779293076
cell_81028,16228.112180873984,-4173.036807019594
cell_79174,20126.07933287354,-4312.812853638246
cell_88431,19212.740177347787,-5746.5163979105255
cell_87616,-9252.403651289447,4474.839558172236
cell_88088,-9845.014650502728,6323.70344239754
cell_78184,19001.005627023053,-5972.862022159057
cell_87637,-7862.0902636426135,3022.101403407626
cell_83574,5067.47281785717,-1828.0940592217546
cell_88498,19241.28598484559,-6124.5792630718015
cell_85737,-9703.991985223964,4878.330194893958
cell_86912,-10264.209647319207,6360.320402904088
cell_83707,-11918.938401020814,4213.475953292933
cell_84384,-4608.322431196306,2518.713310389108
cell_89973,-4486.875237760378,1700.450021486689
cell_83312,15944.265741861178,-4206.730076918642
cell_87119,22984.880102368836,-6934.196646334478
cell_78274,12736.182946834388,-3531.239557045521
cell_88148,19526.779524754114,-4936.72738073006
cell_87604,-9801.026645967791,6047.061178379287
cell_77251,-9643.005631611792,4843.604408804332
cell_80076,-11613.538496271338,3610.188164452205
cell_79183,-2625.5249551335746,1769.1962847813897
cell_82241,-11463.693577959468,5230.875206432537
cell_79949,-8557.04243344526,3946.8046845230388
cell_90690,-9550.362382083567,5796.693909465444
cell_88277,-9851.727415152842,6233.440850622235
cell_87312,878.2335413924876,5410.972692054447
cell_63123,-9680.466226969727,-2639.762745429738
cell_90621,-9697.855779179694,5968.266394231814
cell_78587,-9492.361852372182,3641.4205006877874
cell_87992,13410.014262354047,-4160.915048553952
cell_82986,-1864.5571615447554,1298.4224160769188
cell_78070,19804.68187669925,-4541.498576884406
cell_81384,-10339.464963198008,4993.163733576664
cell_86309,11290.661333511931,-2953.9901284238867
cell_85780,-7497.723904443912,2315.379090852595
cell_77378,-8268.981888663166,3795.363853230536
cell_77944,-2882.614950913101,2475.405805740824
cell_79382,-12717.527833224953,5033.267900263749
cell_79298,21372.9242890679,-6126.319816701214
cell_82682,-8651.578651434238,5268.005482984021
cell_86766,16105.23928893925,-4129.08560400836
cell_83076,-12613.677992192168,5190.449615684884
cell_80319,-11103.82226061094,4194.275036115538
cell_89548,-8753.605249149665,5915.788494592204
cell_90184,28371.692052919137,-8502.453805847508
cell_85293,-3870.7547811742024,1621.721791139143
cell_87194,-12657.660743050748,5359.719693156785
cell_81541,-11680.964199630202,3726.5240139673206
cell_87221,-11826.623876221134,5513.869263589262
cell_84963,-891.951688988284,3325.758212415377
cell_83746,830.9833370177246,-825.3277071390308
cell_85202,-10903.113014677017,5520.3222689721715
cell_87086,-2555.9120670122447,1500.3760627087988
cell_79349,-9371.814755755166,3644.608816057843
cell_83274,18214.474296931392,-4193.565608070928
cell_77265,36372.22278147803,-1688.759188644973
cell_83863,3649.878181915191,-1784.1855630244577
cell_81098,887.461478687472,-213.7285443012804
cell_85804,29312.933126501684,-5611.056979620425
cell_85257,-7838.6196584597665,4036.2818847032418
cell_62464,-10587.641408710188,-3693.7722824883313
cell_85234,13067.895729358102,-3480.4814039187677
cell_61799,-10454.037706716268,-3653.7394428557436
cell_78879,15294.175054133553,-4134.486200226928
cell_89507,-7590.807463385503,3936.352093382204
cell_83577,-9516.596809813735,4195.3234615475785
cell_77426,-12424.925877996217,5122.02483732263
cell_83594,-4791.488810601929,1918.1276774383075
cell_88430,-2932.3080187311484,660.6795121791632
cell_82353,17279.180441944885,-5414.362854809452
cell_83873,-5610.868005617565,2547.6694734916537
cell_89137,-10918.662611042466,3295.2782536628056
cell_80898,19323.35976949889,-6132.407429907451
cell_87107,-10826.376315769588,5103.435172669952
cell_79746,-8921.024644614752,5550.249895398301
cell_81210,-9432.88679226326,6204.021462002274
cell_78249,14923.536600601376,-4142.027639547483
cell_82087,-1818.1812643501007,1540.061016836367
cell_78350,-8549.516015781543,3554.675839497639
cell_79180,17509.28263701949,-5355.472494853981
cell_84350,11760.246760471884,-3297.4102257422437
cell_91029,1346.7645103069942,-345.54339275950434
cell_87171,11432.362975527778,-3367.511704204342
cell_87787,-10036.813677192362,6399.5204826403215
cell_87184,-3590.5841905387065,2609.340914833134
cell_80665,15740.706452611696,-4050.278401892667
cell_78992,-9618.688761347454,4959.102204936805
cell_89981,16307.023856863803,-4447.192833205667
cell_89697,16742.850953208297,-4287.284245320655
cell_87987,-70.96087935665683,-218.62386893485552
cell_87870,-599.3735704636945,916.6501744980285
cell_82431,-11378.71346840109,5489.774307800843
cell_81679,-11135.414408701814,3373.889845165573
cell_77568,-9782.699728335696,6623.229999660011
cell_62352,12546.695492368093,-4228.859615461263
cell_86909,-11031.183102824201,2633.5099124908675
cell_91003,15344.3900662299,-4992.246648046787
cell_89660,-10632.258870148284,5583.61164191627
cell_88364,-10865.671553277116,4328.539005947238
cell_88338,17414.571918344027,-4955.943005025253
cell_83860,-10453.993400848538,6113.757858377372
cell_90876,-11217.188639637401,3641.7666046440268
cell_62122,-6427.877573109154,-3082.7641604828004
cell_87716,-11900.244237982271,3238.8496842781474
cell_62129,-4133.241824590161,-2027.4582178412643
cell_84325,-8325.357476473895,4949.299034943057
cell_88745,-9445.667293706776,3415.2262785178996
cell_84427,495.3503142547077,4979.965430665786
cell_89474,-4480.158225621284,2971.792000354165
cell_88555,23898.358520041616,-6296.898114283549
cell_82107,-8429.321135796241,3666.615644612381
cell_77759,15793.2018150828,-5521.791689450007
cell_81194,-5528.269387803643,3378.8382193179173
cell_80202,227.9635119217722,588.9617937509943
cell_84013,-10491.13192296079,6503.865205488525
cell_77308,-10698.591720661147,5049.329814242206
cell_89021,-8768.516220199981,5071.30645848475
cell_85444,7573.148796476021,-2153.614187730895
cell_62424,-1267.5057005486394,-2049.3905045323513
cell_85975,16586.455243778266,-4071.6029276137047
cell_83850,-1727.4981465621242,967.3880386370236
cell_81310,-2713.1338867984846,1076.4551194088397
cell_78357,-11062.420296141383,3671.4934096039647
cell_87325,-3020.4567460822373,1798.738470679096
cell_78397,8574.887686301032,-2494.538196666119
cell_78721,-6581.967352925917,3294.9682434153333
cell_78517,15833.691559835213,-5208.310926173376
cell_62233,-9093.293766215662,-2919.3637681234754
cell_80091,-8656.900968564712,5858.958769139073
cell_62057,-11595.584244728718,-3178.152389253714
cell_78929,-1214.816674594922,857.7654665662193
cell_89702,-9013.723466968395,3661.6136602232277
cell_84773,-9962.485409062889,6178.870452105807
cell_86707,-11547.469475526412,5091.013657215723
cell_78471,17540.775317228254,-6016.742783777463
cell_77295,21669.043186483144,-6087.401545599708
cell_88838,-10917.477376672749,4533.574503008603
cell_80677,24386.409334816206,-6256.0381516575335
cell_77642,-3466.5112754272654,1964.1595591857028
cell_89871,3270.2488736145046,-902.0524423832428
cell_81007,-3195.501542052283,2095.6414683971275
cell_81568,-9179.812088102113,3685.367920953667
cell_78124,-10892.504042413873,4240.473811114189
cell_61866,6376.533921974412,-3004.4518631425226
cell_83992,-11299.555511042281,5242.202317221257
cell_87760,19129.42491209378,-5871.541337185178
cell_62874,-8490.585084086524,-3464.326847258564
cell_85801,-906.6668854180688,2545.544239788481
cell_77571,-3232.363844356324,2217.6691301840833
cell_85305,18187.939037676766,-4235.082650799972
cell_90913,27567.343420543843,-8624.655517796262
cell_87607,-4884.364311815803,3061.445221256746
cell_79589,15469.823649255155,-3720.4120313322037
cell_86569,-12354.593593618494,3819.003788121637
cell_80412,1093.085331867405,-458.10248102556227
cell_90818,20569.246103551122,-6466.050340030716
cell_81442,19972.879707909484,-5025.818662783389
cell_77402,-3572.4287298506315,668.5011853735937
cell_83604,16358.37865873612,-3893.9125014072433
cell_83544,-1427.3793535653044,2941.4518472996406
cell_87936,17418.620373380378,-4525.727882261823
cell_87835,18628.059212700144,-4005.648090033934
cell_88215,1133.7182150342874,-314.86608886280436
cell_77521,2552.686964044812,436.44017110696683
cell_82623,-8513.972525435169,2137.4939011935517
cell_78770,-10954.276234099836,3546.857263615643
cell_80594,-3019.9835581117745,2184.15123887983
cell_84561,-8875.98575459897,5525.076810016766
cell_79124,-11948.304656031958,3180.06553991397
cell_80098,-9761.873242039735,6213.111329122549
cell_86958,-10980.681659848884,6051.671523034162
cell_82006,18940.660057374786,-6060.925819397303
cell_85848,14820.438882810091,-4205.621268486445
cell_87397,22774.1046352121,-7449.061360665482
cell_78536,24252.37273475485,-7459.136391299735
cell_89026,-9793.002976112828,5085.98983735982
cell_84555,28377.48935513806,-9400.569858086297
cell_87381,12379.230180278368,-3487.6058049510593
cell_81600,-10494.064734043424,5691.503595427662
cell_80220,-33.174596554577384,-943.7906040381831
cell_85019,-4591.3309981286475,3725.5273935596474
cell_88755,5220.930931632927,-1500.8427203580177
cell_83485,-8766.838982811083,2059.5878581298907
cell_81192,-10172.06848100441,6290.614836328244
cell_84803,-9973.606446551692,4250.426372908364
cell_83344,-11425.965308670959,5006.7434271152615
cell_80863,-9843.79302779194,6605.182058898089
cell_90627,24750.56034224414,-6392.807165103791
cell_77636,-10307.609408267639,4389.665832304956
cell_87077,-6175.075965267894,2457.6648250587714
cell_80935,-4287.003658469522,1093.2913149552005
cell_90014,33523.30115749734,-4004.292259168658
cell_90799,18677.377965871874,-4486.60533529885
cell_87114,7826.429376651203,-2242.4288210782256
cell_89511,-9127.52395248507,3760.24045634022
cell_77964,4754.617210675836,-2136.6763563826435
cell_62968,-10457.540897105557,-3479.4469091670962
cell_87517,542.0469344433677,941.6124803471719
cell_80648,-10399.19215289846,6674.536218000098
cell_85894,-8689.276345781669,3517.4539677723837
cell_77732,-8847.233683273807,3409.6474671329597
cell_81872,-8656.843035361733,4002.00959179198
cell_81058,-8966.419112007754,3980.668567363384
cell_82373,-6446.231546237714,4122.297915713255
cell_90490,-9404.471828375366,5682.050142166811
cell_78368,33137.143498506026,-4581.297838340293
cell_86716,13942.381353925639,-4076.7897419361416
cell_87456,33269.82666831994,-4075.0702391197683
cell_80587,-3030.673916957312,1747.3136725250893
cell_62974,-5471.722930289857,-2497.175807046149
cell_62883,-10419.452325383678,-3603.483148231932
cell_89838,-12233.626018153042,3991.715309205967
cell_90354,-2505.548279047419,1722.3680361946783
cell_84338,33010.73380017571,-4139.816422689884
cell_85585,20044.73909033584,-4371.236561906311
cell_90610,-5478.956764385677,2461.0413300913733
cell_79408,31829.074330770753,-4937.012828319071
cell_80135,21249.619212278587,-5572.838190446294
cell_80061,-3906.1726208219216,1682.7127380550228
cell_90544,-6322.634435594907,2530.20723552514
cell_79617,-8219.866458337272,4571.710151048684
cell_84736,-2395.133009168638,1348.4412914549134
cell_77574,29193.498792974024,-5777.915029424004
cell_77424,1671.4705594706138,-1385.1882787576144
cell_83466,-9066.064726235616,3246.7537150899975
cell_62774,-1416.3823057214734,2555.148139045872
cell_79980,-5571.223482433739,2032.1501960204052
cell_83346,-10995.694214002648,3863.374997428967
cell_82935,-4853.671646935766,2164.1044281499208
cell_80809,-1919.3360487324599,1225.3340567032717
cell_62801,-10103.020500766424,-3204.652511718662
cell_84042,481.3701337387877,4932.965824358853
cell_79822,8544.071810009029,-2968.489510513208
cell_83823,18392.072173668104,-4269.904381732925
cell_87034,-5110.57700317925,3022.1960742211613
cell_78702,-4084.66350779961,3197.400147644759
cell_83117,-5692.891816920943,2094.0503643066254
cell_79111,-2958.66910153029,2901.282897416877
cell_78443,-4934.655736260923,2205.540943923203
cell_61827,-10742.630825326898,-3247.5480195584973
cell_82416,-7356.372347863895,2969.2590769499366
cell_83663,2743.2928645507172,-1604.6528995251188
cell_61842,-11150.327672104182,-3112.187195052159
cell_86302,16642.138712317817,-3815.557296558654
cell_82439,-8845.340409167493,4234.64886400075
cell_78479,1798.0781324665484,-274.12859166286216
cell_87636,22820.449636758076,-7128.85270292858
cell_88155,-11024.041063866973,5192.4099244851
cell_77319,-6502.542891001778,2236.3270173874766
cell_78046,-10158.886572162008,5389.502644683707
cell_89786,964.4666892124164,512.9502251274281
cell_82781,-1303.2196864090834,2946.6922155378716
cell_79987,-4306.387373859224,3711.6207506722903
cell_86878,19275.24631577692,-5114.365011373539
cell_86307,10390.840006832334,-2979.3641609047277
cell_82391,7875.434258295025,-2339.5770596772577
cell_79461,-3429.701192904395,2499.262098963028
cell_79444,15829.431223707199,-3944.702949377166
cell_82339,24554.09368540878,-6626.678943866622
cell_84485,23042.520714449507,-6617.56237476792
cell_81957,19452.984933801417,-5172.264896682309
cell_83431,18958.82548294036,-5860.869575916014
cell_82385,1949.3218963453874,-169.72638849354067
cell_77453,-9751.645370281878,6358.026036934953
cell_62372,-11680.17054573394,-1758.2273744658928
cell_89357,25428.603838716885,-7115.494923628944
cell_78400,-8327.515055135193,2043.0877823843769
cell_77407,-1141.3694227247477,532.0100879377366
cell_78511,1643.1449783918913,193.77243900049532
cell_79204,-3916.0324659843404,1553.4155258170158
cell_86387,-3752.4738215157345,1069.301385907509
cell_79480,-12052.11954196975,3674.123157118088
cell_82243,-1666.3991551332247,1176.5139656088136
cell_62905,-10442.433605124133,-2804.975726857923
cell_78901,-10355.25971091804,5806.579577031403
cell_84999,-4820.263082239061,2368.864333965103
cell_63204,-10366.150527340827,-3305.66387196415
cell_62673,-9876.634020568425,-3570.079045523627
cell_85782,738.6867324840945,410.94647456783906
cell_89043,16679.290196853024,-6564.381965114222
cell_81246,-10435.443994687312,5730.957897474319
cell_62200,-8604.793448578963,-2928.69632229784
cell_84034,34218.15394416002,-3449.0021433475695
cell_87436,-8984.640146052056,3381.4179429929372
cell_90896,4319.262413249509,-990.3943247447834
cell_82967,-10494.557467981029,3758.7946076101252
cell_78553,-4563.59399790413,2148.847955179482
cell_62732,-10307.042839270109,-3057.691752515413
cell_84348,-5533.358499160853,3261.547321818325
cell_90917,28459.878374840704,-5878.279777078057
cell_82577,18918.651913881575,-4349.96168004432
cell_78383,-6691.527004433262,4009.115534074722
cell_80638,-4507.803996158088,2538.0990688549696
cell_80305,-3473.7390636791774,1578.099988265956
cell_79416,-10239.114948098422,4691.875686214264
cell_82708,-12512.968498205337,4992.350716877864
cell_81674,-10282.221012719809,4157.370505353109
cell_80688,32551.213710102573,-4552.6392616885305
cell_62887,-7981.212181451868,-2569.300506919476
cell_85292,-4374.272307473881,2794.333026363446
cell_89111,8954.522108660549,-2721.8979283696312
cell_84018,-10561.90492558647,3829.689206839753
cell_89859,1822.7991022180352,-1490.21189158995
cell_89945,-1451.4120819255845,1802.7869373539627
cell_62103,-1548.5467024912803,-2278.7530400851633
cell_87254,19876.429414762686,-4870.04618352699
cell_77702,-10005.420354030757,4530.447663058701
cell_78016,5799.144014833164,-1478.7265060412342
cell_85094,-10219.451787969849,5127.493091044234
cell_85385,-12733.240417143255,4843.375601964918
cell_62924,-9637.904112005974,-3438.132452064665
cell_78856,-9874.429923023767,3741.3413623114407
cell_77352,-11913.729751490668,4615.434776078106
cell_83600,-9561.860225521012,5629.895287667425
cell_82764,-874.6376507551795,-67.08990616429249
cell_90834,-12272.41572410996,4986.135142836656
cell_83034,17129.740964663313,-4520.766325495954
cell_78145,-2572.364270779299,2186.5318525289467
cell_88247,-9620.856714862932,5045.01389986936
cell_84946,-5956.546066874973,2484.6143832548837
cell_85238,16527.39149610936,-6465.676474830291
cell_78915,1212.2325716898035,-683.1067205545056
cell_89198,28820.25190217019,-9797.178716617165
cell_79019,-12124.230732197186,4770.427856372117
cell_87665,-11295.798590326383,5176.339324916107
cell_62698,-10389.499304942412,-3368.8134325964506
cell_80360,-988.22094793303,3046.0462690223158
cell_62056,-10522.452583759572,-2977.360718902513
cell_84229,36180.19383052542,-2029.0312021553484
cell_81961,-11448.464831129228,4185.023384599695
cell_83939,20975.870519973167,-6700.157546275914
cell_89612,14745.622735134784,-3890.5607343479865
cell_85814,18765.067270890315,-4911.09930670971
cell_85116,3666.793468635572,-1158.5608408442856
cell_83779,22629.57206442731,-6691.712827187574
cell_62345,-11027.714352910029,-2410.5535279760284
cell_85100,-9371.235126234944,2785.229584176929
cell_89941,-11373.28940743056,4098.372624996828
cell_86276,28464.941245425747,-5847.327325963949
cell_86596,19384.797410567142,-7163.9807013441505
cell_80804,-3352.2955339506266,1654.9652425282648
cell_87885,-7748.724504674459,4392.0524767881825
cell_61934,14605.479107771716,-4690.927457999325
cell_62812,-10575.065946076824,-3429.2054602504495
cell_77701,24540.93763199628,-7137.605854507286
cell_80165,-6770.587378035801,4255.579196479371
cell_83262,-10416.378559956422,6445.920630756296
cell_79578,-5306.534444339353,1641.7828017261954
cell_90185,2069.9614613862027,-586.8098118552444
cell_62998,20857.267201366758,-6173.922758326439
cell_83137,14251.458740518647,-4144.480798400129
cell_85282,16211.954987101062,-4990.889598346165
cell_88512,19635.480142768523,-4364.626877063343
cell_82387,-6265.921418587189,2186.695029537202
cell_81068,-7166.949137396852,2845.3777821359704
cell_80617,5761.702698488612,-2311.609179038462
cell_79919,687.7383978658416,-498.70660934995374
cell_62891,-10884.632140683501,-3363.36520832468
cell_87002,32567.240296857453,-4748.485844975827
cell_89734,-6541.043196546571,2909.0440507825347
cell_85440,-9906.155064539396,5737.943746582211
cell_87224,-9228.833770674923,6094.8847446495265
cell_86482,-9147.156682485022,5117.094605837476
cell_90796,-12049.470251762254,5919.952044785413
cell_77297,-10598.120077542077,5719.173770304796
cell_82926,22663.13674840092,-7396.978690573095
cell_90017,-1099.684097224137,2314.027826014459
cell_77763,23077.028054092247,-7430.704337002915
cell_63163,-11042.732599928595,-1460.7672055918138
cell_88168,-10740.799002092672,5846.443881957753
cell_88322,-10241.092004174725,4545.368206668799
cell_81688,9178.284198342179,-3222.0573805467607
cell_80735,11685.385934400832,-3397.571157794669
cell_87723,18182.746971758337,-5263.931578127545
cell_77257,-8938.993020145404,4918.794763201313
cell_90399,-3904.5854024123037,1409.0294194316327
cell_85146,-8361.11815919907,3857.669394353726
cell_84076,-8044.145864650512,3556.70026608676
cell_86446,32053.230357214044,-4915.165643492806
cell_81359,-2563.022730667099,867.8328944998924
cell_91004,22163.539859616467,-7311.35103173557
cell_82295,20942.848223274457,-6223.702099995244
cell_82499,-10466.807332949453,5986.592080587452
cell_62776,-10647.038300137188,-3760.868571102595
cell_85638,14502.691388990139,-4278.422680207345
cell_77283,19852.976825565856,-6232.568499327146
cell_62097,-8799.550836902363,-3185.754915950507
cell_88960,-3069.96300554415,2371.871801143078
cell_86198,21068.93653647337,-6295.189534731041
cell_83202,-11624.436855561775,4948.986155550062
cell_81270,20629.118476234325,-5690.127339284909
cell_82692,-11553.59154772248,4750.82580600022
cell_61977,-8386.819052681209,-3151.919458102804
cell_87825,-9206.351546075108,3450.7740182166954
cell_80213,-11800.989794716566,4813.196381454967
cell_88701,-8577.229205536247,2284.6933391795937
cell_78079,377.3305341016493,4935.325722537425
cell_79513,-2734.20174610053,1452.9736232674309
cell_79489,-7460.835828089535,3942.585157080502
cell_62571,12806.259936273611,-4400.887681603218
cell_88541,-3341.0605980284195,1310.6750592071205
cell_85085,-8477.540235227394,3666.640829229814
cell_84908,3709.7311017708603,-1109.5245484697307
cell_82637,-9193.89525337521,1975.6016713098966
cell_90994,16042.78445427961,-5754.669015321437
cell_89476,5586.662283562917,-1552.7371956868083
cell_84741,19182.052762628417,-6982.908755258365
cell_89826,28537.755277306587,-5906.411182460116
cell_86993,-12506.89863637644,3817.2651547827986
cell_83537,-7742.434965541856,5021.163340578328
cell_90969,14132.9702662199,-4908.050313959662
cell_85025,-9652.556250590565,4595.677313913259
cell_77552,18781.354762429404,-5870.724089052465
cell_85732,29006.610467212573,-10036.623629387645
cell_87956,-11552.453169105554,4946.44382064256
cell_82575,-3347.927041895401,1768.9682849694502
cell_83926,20047.701401913164,-4477.237630944371
cell_82289,8631.221060170226,-2153.297687190146
cell_81993,33211.5076504295,-4597.161604666381
cell_79115,17154.097234259752,-4825.835559772666
cell_86132,17535.035508608093,-5304.190774852724
cell_83676,-11851.247362271975,5530.7579925309155
cell_89434,35855.91143980097,-1913.8120907072234
cell_79079,-8323.034893801037,3286.144353685013
cell_89552,33776.152216112394,-4089.5462095803805
cell_84969,-5882.180352604508,3267.5183043051816
cell_86934,6188.999992368756,-2523.5649842568682
cell_84602,-9839.67925340212,5010.873732457754
cell_90883,-12642.416559599424,4572.902736213201
cell_82881,26627.73772436085,-8604.122348702891
cell_86538,528.846285256178,588.6352754693507
cell_87790,4647.843040846461,-1214.6399728007618
cell_78030,2993.1012746466276,-794.7318016413174
cell_89309,-9590.12612909766,6033.435508575062
cell_82396,-8213.587001863954,3079.764695033229
cell_82492,-8753.702899528374,5321.957920748547
cell_84087,8673.960604928969,-2556.695957222722
cell_62498,-9674.659457333308,-3314.793699145325
cell_82315,-11421.994610575473,4459.8292531413235
cell_79147,-10727.050719395304,5249.790120131889
cell_81766,31460.928344824748,-5072.200169155131
cell_77599,-3192.3741866941214,1815.0351045337065
cell_87450,-10358.826132261265,6368.724605767886
cell_85701,-10127.483883974393,5994.476776964737
cell_86595,-10189.101093114556,3042.355365359398
cell_77985,-9806.026751621952,2417.4374859306035
cell_83783,11162.663852016229,-3127.461776806121
cell_79828,8143.61731205203,-2453.6250652721146
cell_77963,-4425.056010835989,797.3472654786542
cell_62551,14483.742931769777,-4767.500952176934
cell_85502,22133.874349300102,-6286.389393222488
cell_86246,-7255.596150856217,4134.137074016009
cell_62178,22874.019500105493,-7051.320717340666
cell_85945,32205.27927467164,-4725.864356508153
cell_89684,18721.17861470832,-4501.598102152356
cell_90117,-4836.362717955302,2645.075965925001
cell_89389,-10075.613817687012,3960.239813536751
cell_90353,-10575.030230071417,4727.062737405453
cell_61951,-11320.829377426771,-3310.030296261366
cell_90217,-5148.578849121302,3124.8498205403116
cell_62260,-11430.28773901132,-2246.9882029357414
cell_78039,-11395.522495923418,3672.9629651762943
cell_78306,-12739.191304335094,3379.543865212448
cell_81884,17173.742787477782,-4634.550472433688
cell_86986,8027.666551496729,-2269.8653400600583
cell_90934,-10456.94328504411,4614.598487363663
cell_89829,30541.47355614063,-5369.886394651983
cell_83795,-3296.6203747662316,2414.8348748742533
cell_88261,-3259.324351895792,2622.8068347674675
cell_78309,-10775.520589769807,4881.349462993537
cell_77417,-3584.3759843840076,2797.2251120430724
cell_86501,6929.698282679934,-1937.1021769138597
cell_89143,25829.09607796269,-7154.589848163606
cell_82066,31418.72495008455,-4923.261000539202
cell_78419,18842.08755227216,-4680.845437646745
cell_85606,19541.58019048072,-4284.209361254239
cell_77749,29051.659707934712,-9859.620926509651
cell_81167,-214.03836419194852,283.41638239296856
cell_87852,-11738.844723632805,4924.035357219836
cell_80372,-11960.555701302303,4203.089805450816
cell_86442,-9550.249341320807,6166.352320018704
cell_78458,-7822.879477530515,2400.2708495711277
cell_84067,-5001.359335413011,2545.1282832126067
cell_83907,16979.137241537046,-4871.514435165454
cell_88569,369.86051296679796,877.9701987470067
cell_86608,15543.648595321885,-4386.9421893611725
cell_90280,15727.633924416477,-4024.973180493038
cell_86542,22512.161615741443,-6646.018364367928
cell_78007,-12196.930314332332,4119.061065404958
cell_81255,-4117.368216058363,2214.0246507394218
cell_89763,-8993.71038330387,4999.408298139473
cell_61825,17864.256037144565,-5403.62440179243
cell_90847,15015.210144741392,-4324.346859752693
cell_85010,-1564.606209497288,1327.8031105101352
cell_88803,1179.1015936119718,-363.9173293279475
cell_89577,-3685.3273847823866,2168.0543070073472
cell_89922,-4008.0952257324016,1775.2393627432878
cell_78963,-10892.452472760859,5642.920533165408
cell_77384,-10743.756831311513,4763.711343510413
cell_85892,14682.638659429209,-4632.371832739958
cell_83326,-220.2082936690634,468.978815001648
cell_80664,-5464.781834961636,1847.366880950098
cell_89539,2133.393680010424,599.205108074629
cell_62799,-6014.238009839681,-2640.1282847156754
cell_80020,18657.98089258566,-5380.321956018697
cell_90405,33338.3928083287,-4107.755289380977
cell_80550,15264.861003666512,-3926.5730229371343
cell_88633,-9957.45237965409,6057.989936540517
cell_77429,-581.3458642247368,2731.886474423321
cell_82718,-9097.704363261792,5147.301822245554
cell_85533,16701.71613637691,-4423.654437246084
cell_86746,-11095.49369047856,5244.01176017365
cell_62950,-8315.253949986718,-3060.4203978121473
cell_79747,-10070.49959062919,5019.933007610627
cell_90891,-10302.8875146568,5875.865037286576
cell_63093,-9056.513118201201,-1813.1154383890341
cell_80785,-5930.264531189104,3138.237387699251
cell_77355,20168.48516184289,-5938.494559349294
cell_82878,17731.85022661774,-6310.403138911608
cell_61982,-56.48856985589138,-1568.0723747218753
cell_82831,-10789.229690978058,3727.0275917498107
cell_62620,-10088.789519262486,-3168.1072309620968
cell_81622,-10883.092842641103,4275.803243139901
cell_84743,-8657.318910583956,4086.2054354732923
cell_77423,17189.032183040435,-4340.373284525398
cell_82903,-9130.741408306183,4303.122065997609
cell_77637,-9993.546104176377,5600.497796263473
cell_62857,-10169.679776377066,-3343.9146991766856
cell_79719,-8098.659165498119,3944.4030417209046
cell_83673,17082.5172389757,-4096.11946353795
cell_84451,16827.361293646783,-6517.878371327478
cell_87065,-11748.264004030723,5551.943422157676
cell_81927,28392.10246369365,-5762.619093579016
cell_85692,-4062.343771529123,2174.693403005558
cell_86705,-10367.705182878217,5331.867329613257
cell_83253,22595.968874065533,-6496.359507490455
cell_84128,-10804.084246016455,5055.353881922484
cell_87390,20380.915228118396,-5734.729699339958
cell_86347,-2314.300087799263,1273.209188285039
cell_78539,-10944.847714911664,6061.22198528845
cell_82258,12462.348688955737,-3418.9505605877425
cell_83614,18818.435021447032,-4898.887019446284
cell_82497,-11029.540550621701,3440.0901267114873
cell_82558,-11111.23646004547,3784.9011296985045
cell_78980,-8605.65883515036,3517.33695778552
cell_89330,30191.737507661004,-11029.868012211773
cell_84441,-8440.916501022908,5360.500216277501
cell_62805,-5624.469178396823,-2529.6691684942816
cell_62680,-9683.919622958161,-3144.5599440144374
cell_62263,-8480.12972825943,-1948.6902439226471
cell_62919,-9690.999285776534,-3550.281086134177
cell_88210,-3942.463318308087,1733.910184607609
cell_90997,3122.2904784465495,-704.9660603119436
cell_82969,-4641.151394499789,1372.0378158460035
cell_62008,-10646.547513430334,-3865.4602756161908
cell_79839,16295.254045607797,-4101.155725882903
cell_77504,-334.8725496948517,1037.5524719207306
cell_83409,23809.25908972584,-7419.999096547407
cell_86502,-12304.00076174961,4506.843724237647
cell_88201,-4415.014409551046,2447.1933292318554
cell_62976,-9233.534282876977,-475.0304712979563
cell_81652,282.39865736460257,4620.688244051498
cell_61950,-11709.267586192933,-1581.167931670969
cell_90606,-9469.378405711806,6253.246099030516
cell_90588,13414.573307007768,-4577.419794579654
cell_81486,24043.81332328212,-7298.073345311083
cell_84445,24855.48043441077,-7880.798374711086
cell_62619,-10940.273180249207,-3506.4989342082713
cell_78601,-2240.780158365625,389.61472362226226
cell_88629,-4945.284556928871,2569.530334880563
cell_80925,-3343.8289525057626,2206.879039501313
cell_85539,2623.5263737536393,-1617.9867245192702
cell_77530,-10773.6739705047,5584.809416990642
cell_80762,9634.57154570306,-2663.8101437267746
cell_83482,1302.1117564947283,-14.334633695189156
cell_83830,18915.086206208278,-5149.857808533039
cell_86938,-10889.896330194675,6070.769010044202
cell_91079,-3518.259180522737,3357.6605768702284
cell_81111,-11768.217564981056,4051.6314939529757
cell_79209,-9654.409195794096,6369.979460164511
cell_61879,-2250.1685660668318,-2398.105445497724
cell_82600,12306.954431157215,-3180.2257639874465
cell_79879,-12227.944916065084,4687.766857189656
cell_81019,-11103.635233756786,5024.987259355152
cell_86548,28773.65935805026,-9709.309719513161
cell_81063,19861.810564222164,-5859.760690010173
cell_80991,-2532.308619839424,2761.0384601474134
cell_80865,-7501.190130729807,2272.21874026506
cell_88653,2494.446306879251,-538.4282892956332
cell_78858,-11243.981718420666,3813.8219518932096
cell_86650,-5770.779467004371,2553.247266160188
cell_63109,-9106.705936810964,-3137.232905484893
cell_62107,-7725.853040952245,-1927.105882167965
cell_77548,-12343.700826282484,3677.2898288769984
cell_81814,-8978.660491235141,4304.836694936283
cell_62477,-11178.873073395296,-2163.799347569429
cell_79257,-9243.314238200062,2174.5537471644625
cell_62494,-10716.526880674803,-3749.1587051680176
cell_81946,6984.152940063826,-2132.588798986353
cell_86386,12736.840145976212,-3592.8293518106984
cell_87091,-12446.91641176516,5106.453428444581
cell_80679,-4754.445091422816,1779.277426078305
cell_89938,-2193.3725691955005,2008.2385669860987
cell_90468,-12307.614240356694,5324.178919965628
cell_85522,-5406.477961321916,2661.842916659778
cell_82586,-1580.202454015679,3340.372595463507
cell_90123,-7178.95094101842,2746.744052970571
cell_62487,-5817.081207446335,-2995.1955933611143
cell_88732,-9937.410987446905,5632.621561122428
cell_86220,-11456.212611609231,5976.02683388247
cell_81800,-3695.1974126093696,2598.4474817245373
cell_81346,-11800.660980720955,3770.992975269008
cell_89360,-3192.518004331157,1224.5729332357469
cell_62378,-2932.6809827437837,-1676.7571248488657
cell_79631,-9560.939142573494,6502.729267134478
cell_83234,-11305.068413954836,3347.526781990105
cell_79782,4007.0111228808178,-1184.544331345359
cell_77469,-10798.68534972234,5716.172151632846
cell_82297,4353.988083377982,-1084.5742701805384
cell_80537,6853.338494775223,-1747.996299838992
cell_78140,-10213.754337971668,6376.998408724493
cell_62595,-9826.900176410974,-3465.948509058624
cell_81295,778.627375146395,715.1781932332825
cell_90450,14543.860199746932,-3881.899162718956
cell_86358,8.454549255486906,731.6499093717812
cell_89619,18580.234755040063,-5868.685477671746
cell_90948,-1555.5419897172612,2994.4293085118707
cell_78098,-12012.694486046623,3466.8428836486655
cell_87782,16387.6339369463,-6381.564646843247
cell_89554,3264.3712155148996,-533.6368290129449
cell_83383,-11691.50237794738,5806.142692359119
cell_86698,-4851.763525048614,2125.7635036415268
cell_81581,-12514.349522154249,5372.802753741901
cell_88837,-12825.131312691408,5231.05341291451
cell_89549,-3799.71760273333,2273.4106833000665
cell_84841,-1018.5699880724956,698.3930816264449
cell_62704,13333.209570684345,-4671.123537567086
cell_83815,2217.340145822508,-84.53037927168903
cell_85783,9665.19754863273,-2999.0444220055424
cell_81064,-10156.21973515213,4641.545838603334
cell_80408,7669.629969097795,-2283.768384171327
cell_85861,-9681.963442521519,4478.284483674364
cell_79613,-10282.070326807789,5205.042878702692
cell_62598,13503.238417503151,-4393.05533758042
cell_88066,-5592.136321700254,3277.0602399534637
cell_63033,-5452.905511921507,-2843.753117714983
cell_84207,-841.7654657008236,2008.3115655655754
cell_83848,6286.453648451574,-2615.6797115316967
cell_88237,24.011140317064363,815.1200857310524
cell_85887,-9845.655689659565,3743.465940042016
cell_87050,-12354.502661617651,4911.561875106943
cell_83571,-6022.034766862429,2914.531686091527
cell_87129,-9379.297537964356,3829.2935444044656
cell_62364,11454.163969279474,-4061.249183079002
cell_84642,-3405.9993518638016,2893.109200417907
cell_86284,-393.13961690881325,778.5169840614811
cell_78516,-9111.004265919131,5607.790711181709
cell_82498,18789.792351068463,-5477.257754474825
cell_85629,-12118.102042158589,5335.584190070473
cell_86860,4972.092333901565,-1409.6605132204477
cell_82458,-8977.098925393122,5817.696140853727
cell_86823,-6809.082688959741,4384.507837122653
cell_88787,-12152.442701183705,4137.556623078477
cell_90768,-12690.464829106812,3961.573866834576
cell_84862,26788.436105876815,-5626.922016097015
cell_77864,16883.740850580536,-4390.280647264838
cell_85058,19992.991237539438,-4381.31103323031
cell_91038,1392.7680648255896,737.0621017887499
cell_87945,-10463.885383403778,6298.6602535066495
cell_78750,13809.259326688738,-4289.512537238052
cell_62369,-5600.197877303847,-1431.413445399674
cell_86078,34141.04494016083,-3807.5710941048783
cell_79278,-543.2507146449366,4373.065240113258
cell_88770,19433.104728167928,-5071.067165076532
cell_79198,-11382.552556853896,5677.162463434532
cell_90670,-6795.401701204592,3253.3066789615254
cell_81749,-5249.164082367694,2633.1052322522214
cell_88243,29024.47177964458,-9983.036738117944
cell_89592,-12507.570177616384,5318.163588532355
cell_78175,-10944.767111753237,3974.2611443073074
cell_85806,24761.52648466673,-6717.86939708665
cell_88092,-11644.980858129504,4464.003728825493
cell_62928,-8376.796344076374,-3362.794310918802
cell_82968,14172.22644353725,-3915.131779588078
cell_79881,-791.7930080277666,578.844762471472
cell_62194,16128.65063730743,-5100.424114846664
cell_84483,-4523.220325184924,1565.2490396555766
cell_88725,-8168.788559817324,3849.380896579257
cell_80729,16420.038498123304,-4418.671422668434
cell_78213,-2986.941529792061,1748.9329952863773
cell_82300,21066.80818644546,-5973.774683090065
cell_83258,-9771.06404223323,3703.1924789388577
cell_79708,16271.054437686911,-3856.197129914847
cell_87579,-5490.461902388774,1989.0675397212328
cell_78695,16303.02377287583,-5301.362902928184
cell_89767,-6778.547898024314,3757.5369811798064
cell_80488,-9030.81561624646,2319.801463735156
cell_85515,-11643.12992178046,2451.6404916698007
cell_81277,-10114.063080303598,5552.803228391059
cell_83987,-8281.30994428707,5721.733561049151
cell_85428,-10238.130842896244,5905.973224184594
cell_81374,15989.416961280616,-4166.17391515812
cell_78580,5076.145231785007,-1253.853267481585
cell_83806,-905.6350962177205,846.0062208776923
cell_79343,-4985.515203598813,3076.2030885397267
cell_78235,-8726.860990702035,4665.6001298125375
cell_84163,23013.61251079547,-6854.038762047633
cell_89083,-6048.298083535326,2132.5605380370603
cell_87121,20376.409025700963,-5950.957470305493
cell_89315,-7407.815159580437,4131.102045595881
cell_80265,-5221.58759029171,2696.244080804692
cell_82318,-11228.592975530797,6004.245297221195
cell_84363,22115.099809134244,-6340.585716128304
cell_81138,-2701.9048255541816,1687.5910497322716
cell_83189,-10623.721152460394,6019.023405819292
cell_85486,-11801.772653221127,5462.23426963361
cell_80598,758.3822566150101,-449.6926467466456
cell_87976,-12071.642665022353,4273.81068914334
cell_63135,-1993.820654316087,842.8412002868554
cell_87857,-4865.039732446818,2913.692474655874
cell_89077,18399.08049651254,-6659.899904569729
cell_62519,14963.516897518479,-4756.336517040344
cell_78872,12505.306131576088,-3233.8642694813834
cell_85437,-3105.866587655075,2262.178042132105
cell_85818,-3695.3545312776223,2115.36423065807
cell_63074,-8791.340570118851,-3252.5511083848155
cell_84161,5076.542546646413,-1297.8166911162912
cell_89280,-4146.929523240374,1898.155249618596
cell_62029,-10696.870209753994,-2951.234032854522
cell_81345,-5815.03057447737,2602.13151368768
cell_85991,-9871.720919288,6362.757194180758
cell_79883,-11738.911221163862,5084.110378315126
cell_86722,12198.039431894427,-3485.8869316657083
cell_78393,-9840.659495982887,4448.159656739872
cell_83705,27003.132969199563,-6440.483455126452
cell_83444,-7192.716300681988,2625.755365618627
cell_88868,14305.379435857005,-4016.629859991461
cell_85020,-3439.1150402188923,1690.7821796138273
cell_79501,-5316.79015474763,2262.0770352205614
cell_81769,-9750.283980859394,3217.8526080711235
cell_91073,-6720.83581749906,3835.3288110426433
cell_77617,10895.762739179863,-3103.0288540124
cell_83256,-2729.3747215906583,3249.7071918910947
cell_85143,-3542.181254259019,2000.287901907956
cell_90102,36086.684760941105,-2056.4878443374614
cell_81825,-12018.71436959093,4773.22779575648
cell_85644,15877.281780817708,-4526.080270351742
cell_90754,-12190.839623774129,4519.223687161313
cell_85816,-4129.970480822365,2512.3799499370953
cell_85364,-791.1937100285346,937.1998746946911
cell_84086,-12262.594100351673,5309.701883575909
cell_62575,12492.95398756579,-4475.796437925093
cell_78108,20275.672394508663,-5683.271431626834
cell_83157,-11603.39753563992,5342.49574795503
cell_82026,-9155.603969174968,3478.7208163673436
cell_85150,-2981.4782650247416,2593.768835255792
cell_79393,18708.230842842426,-4357.781453664031
cell_62277,13406.481717430726,-4420.424563427015
cell_88476,-9053.497285801977,6378.251879908657
cell_89720,-7334.811579245287,4347.833200058428
cell_77698,-11113.300047218354,4342.798259419402
cell_78303,-9527.071393624445,5241.902306809602
cell_78135,17839.312960751526,-4294.215166064656
cell_88563,28340.018146323368,-5829.361187601246
cell_62526,-11059.344510976209,-3648.4341252540084
cell_79523,-2560.669449838821,1877.588418052194
cell_87408,19807.608435612816,-4820.663525449176
cell_62749,-9992.707060158778,-3326.381612130737
cell_87528,-11212.922881540893,4786.877054850429
cell_89448,-3631.283767944142,1991.3549175428184
cell_85125,-11089.420290246,6058.357888162938
cell_82884,-8720.786244294788,2334.9604891286913
cell_82436,-2709.909594021624,2964.795807115975
cell_87474,-375.0251020188241,1097.7797738013119
cell_86056,23901.19919954381,-7245.064315778862
cell_85348,-6958.777689467118,4267.704340662027
cell_78705,14641.765802670197,-5138.646286456449
cell_78678,17540.408647888635,-4106.939427718191
cell_83562,-5450.373378617061,2673.0572628936916
cell_88188,-12259.695625561026,5620.252423691833
cell_83296,16380.313051041001,-4523.48727138465
cell_82059,13936.63026036492,-3828.420104899429
cell_87941,14967.5022248629,-5628.652108029151
cell_77993,-7270.19631853916,3346.7570692528748
cell_85057,-10459.723608612032,5810.222146692477
cell_61897,-4846.6861286779385,-3003.3449746070473
cell_86565,-2870.447665569931,1270.0121774254878
cell_86005,-4232.557736966202,1192.1224352696215
cell_87663,-9498.361896323639,3814.2163666741912
cell_84401,-9925.683781229644,4450.7197450586
cell_89890,-10863.73928275406,5460.761183748272
cell_77261,-1450.2297710109394,229.28462268584116
cell_87011,-10065.313536181084,6188.310392806495
cell_83250,16624.155412797016,-3961.920232266097
cell_90244,20044.973882442748,-7066.182034769953
cell_82574,-12377.05374284203,4949.568067503995
cell_82242,-11857.246482077804,5050.5840014727
cell_63044,-4785.166955141811,-2979.841911557785
cell_62781,-9293.55975543076,-3258.5135914607304
cell_86866,-8869.860838687762,3581.1083851068347
cell_79727,23324.784397800348,-6799.407470009127
cell_80435,19082.947098431443,-4506.453463216632
cell_89147,-8160.126950544601,3344.862451763044
cell_79938,-3619.124208321606,2788.2735594717055
cell_89230,33003.005174622536,-4491.5254635546
cell_84528,28220.730001817938,-5982.696499736668
cell_84148,15483.71972310639,-3896.1492088593427
cell_87783,12645.609731023627,-3533.6063193238533
cell_78168,-2255.1520203399837,1267.362158334661
cell_79687,20540.15156677083,-6090.379643572979
cell_84809,28113.96380416399,-6193.670277362383
cell_82695,-10057.2123678965,5272.843704780692
cell_90163,-4157.001045680858,1516.1732458116685
cell_61811,-11051.376805571388,-1793.8782928159503
cell_89861,-10026.395968887487,5552.2160730035
cell_78501,26900.907681553115,-7749.870766086212
cell_88242,146.0678063874269,-415.0201957566779
cell_81976,-952.606810683722,917.1912168304056
cell_84891,-11946.637886619706,4868.044222667402
cell_81245,27406.166724045284,-6152.712307412103
cell_91037,-12102.385363608017,4856.136803689665
cell_82513,-11156.85992097071,4991.505120494467
cell_83134,-178.1620843772976,723.6287519958747
cell_87954,-379.08841380322866,1269.6446724301404
cell_62074,-10595.562899843106,-3736.952292907736
cell_81892,-6475.038374259085,3969.8890036791017
cell_88664,-1465.4350053654143,1281.7454514135968
cell_85195,-2955.411888867428,2001.7416180101864
cell_85027,-6590.585551756157,3842.460405205952
cell_84543,-11510.751103865121,5256.780400185117
cell_62305,-7316.320120961394,-3084.2925032928842
cell_85213,30733.403864981115,-5223.216423658966
cell_88612,-3570.271839317543,2052.8583366339763
cell_84769,12855.905259379506,-4658.719223348836
cell_82319,21221.584867939087,-7185.3906196718135
cell_82338,-7418.071111042535,2277.047248580493
cell_85421,24739.15151143652,-6488.128813984536
cell_83988,-4599.8258784963455,2559.639375075608
cell_77538,-11973.765802497264,4642.063385611107
cell_90561,-10375.079554235463,4976.150358104246
cell_82924,-7036.324755451812,2114.256545499502
cell_83601,-6834.727479688226,3308.0802904442285
cell_78049,-5977.949450130328,2858.244048097575
cell_87784,12870.910160460324,-3179.6999350587794
cell_77609,-10912.76749816602,5197.998213320269
cell_79653,23144.899934649085,-6892.572787730705
cell_90567,16468.228011724514,-3958.438763898124
cell_79395,32193.531287585025,-4782.2055671243625
cell_82737,27134.523469786833,-8851.855363570345
cell_81458,-11452.531174733576,3787.748404180354
cell_91075,-2922.167835313357,1152.3163443607978
cell_87727,492.4338555985186,284.5530244327196
cell_87359,-9774.50598170467,5767.6267484523205
cell_86686,-10075.887594795411,4162.033860842182
cell_87480,18994.938940294513,-5380.685073579068
cell_81599,-413.56707486606047,960.2931461515196
cell_83914,-11415.412460010106,5791.3258980561595
cell_86216,-10035.744298336727,6165.782448594741
cell_62845,-10007.667839916532,-1153.4743574647305
cell_85406,-8826.191446269278,3646.047470137192
cell_61891,-10578.692844456918,-2873.2456779956083
cell_83527,-10085.731643392846,2335.2013318814425
cell_87421,6664.757228529032,-1885.2086700975838
cell_82728,-10033.129769320583,6490.192332083637
cell_61854,-11419.31118046267,-3456.477302359022
cell_79818,1441.6965151675327,-532.6809046259668
cell_77980,-6635.000458643815,1809.4169453630896
cell_82716,-2505.0003581677574,2511.2808497385704
cell_80446,23917.565355199356,-7408.855302190469
cell_89459,-4161.331085983644,2962.5614375361874
cell_79663,19864.926001831245,-4989.902208454306
cell_62291,-10549.998084876375,-3502.3608670065933
cell_87045,5567.121314626429,-2031.7641217888197
cell_77986,-4893.162992814929,2291.875052902503
cell_88390,-4257.583799484625,2657.774258874173
cell_89601,-3933.926433097896,3416.1474648645526
cell_78094,-11632.66500401854,3149.3267499664794
cell_83030,-12360.871573311177,4764.3542671414125
cell_86994,-10521.052879825718,4321.707337559684
cell_79957,-11585.268651866361,3703.2843163451003
cell_62221,-3826.1299823246545,-2705.6208447607546
cell_78476,-7994.0810967087045,3124.6332618409506
cell_82799,3981.3227453859927,-1084.0151331641332
cell_62147,-8714.147848436529,-2834.0472214249476
cell_80517,-9544.072530661986,2540.7441475814458
cell_86294,16096.573174254141,-4257.080246121956
cell_83376,16525.339950069985,-4363.911576752431
cell_88908,-12718.242939662317,4219.257259278341
cell_89375,-7754.69535989007,3485.376112539018
cell_85314,25521.874086016145,-8374.320602788855
cell_86799,-9164.74236843298,4043.572238234579
cell_62151,-8642.054145148706,-3343.6986671715713
cell_84540,-7795.90330266502,4135.188123154739
cell_77582,-10818.023448564274,4849.667628813136
cell_62453,-6247.397500012586,-2854.2440143804224
cell_63187,-1513.9627202503589,-2321.086106441704
cell_61806,410.4018085740714,-1765.6283474386014
cell_83665,-4621.598247294999,2426.5284279948296
cell_85311,-10015.192096583505,5432.081154042113
cell_85646,6887.854681440825,-2711.5034705395437
cell_80709,-12273.249035742774,4812.720343964553
cell_62451,-2008.572595746648,-2576.646468763931
cell_86010,-8457.421629136825,5662.69810198796
cell_79462,-9546.916727668267,4887.847551518593
cell_87367,30439.997005286215,-5327.387790353913
cell_85484,11911.256957374519,-3096.708485734247
cell_86633,-11888.945328793738,4418.0346930489195
cell_80765,-10882.289738799325,3391.8661641754848
cell_87827,27842.71180135351,-6123.445525736021
cell_88166,17103.14047616203,-4659.764717488742
cell_89701,13037.476895121741,-3558.762347131329
cell_78359,12680.679437198443,-3618.752864536377
cell_79982,-9483.123265627699,6208.816537589633
cell_82861,-4290.4809807356105,2843.8553836999536
cell_78020,11210.01088722366,-3221.6481350547947
cell_89165,28194.297247742667,-8959.021772622902
cell_85924,18158.21839898655,-5166.511639032145
cell_86543,21825.133383875702,-6203.412251941513
cell_84212,746.3500436705498,768.4069292359444
cell_82271,-6864.440061350337,3197.808581229731
cell_80284,1360.6698586082098,555.5183660682991
cell_87628,-2217.3245507885003,2424.6182109813444
cell_87016,-2305.8638320635678,1783.7115210370725
cell_83467,23197.059244737462,-7671.435273417807
cell_83027,832.591036921082,1474.7361307561914
cell_84167,29281.47042902658,-10210.157273917803
cell_86668,18475.57273201793,-6064.039942531893
cell_85040,-10695.549133963172,4975.966818574333
cell_87862,15819.736167628049,-4209.141281635605
cell_87773,207.68781148557858,-102.04814658191145
cell_79558,-3113.7603912226127,1110.6290463237378
cell_89124,-9080.857163241937,4511.481496968141
cell_63057,-4842.768009623785,-2962.8895110937337
cell_80142,-9201.82785039223,3035.3010701970966
cell_86322,16139.432697955739,-3785.335239013058
cell_79993,-6059.499392585334,3300.829800969168
cell_88553,-9743.991375649699,5177.399663373462
cell_82244,-5515.551465466746,2885.635786747527
cell_79364,15211.012512389472,-4272.46789360488
cell_63002,-6170.562778968075,-2207.6956599228415
cell_90029,-7338.095369072345,5061.95812999834
cell_85637,-11829.877791518105,4904.493711967044
cell_80289,-9376.773938254999,4082.7992323632075
cell_86927,-10144.474624626591,4153.94655599804
cell_77252,-11583.899184092694,3872.095682821715
cell_80639,-10470.563521329399,4339.109348467254
cell_91013,4751.428490481113,-1089.6044001405212
cell_90488,-11666.951439385393,5456.923174560313
cell_63104,-11092.746002807875,-2781.7033752731936
cell_80880,32534.970849481077,-4782.136755856867
cell_62249,-8794.722162419219,-2971.178368767785
cell_62391,-6316.85891357733,-2960.8942560652627
cell_62820,31026.29433029553,-5326.25747910129
cell_82824,-3134.3967820215125,3756.908068380544
cell_89277,-11681.954049598418,3599.5782591071325
cell_79250,-12867.214961478405,5090.510903583957
cell_83182,-9575.219188305282,4802.763817109971
cell_86645,-3272.0915186840793,1575.5974137072649
cell_82187,-2746.8343660848504,867.4322881088102
cell_87135,19654.269633566695,-5948.93596519921
cell_78263,-57.94327626023448,3950.2404075977656
cell_85800,-4975.281717198223,3328.605240446786
cell_88283,28663.138913710525,-5879.249319942495
cell_82003,-10267.039635501504,4274.577829343904
cell_79597,-11646.748480433853,4312.508251961877
cell_81113,-7117.655643692842,3739.4654437775985
cell_81118,-5123.526371813413,1914.693672006697
cell_88576,37929.84758595184,415.7882437033551
cell_87054,-9290.833637218537,5733.998283315361
cell_78898,20310.756575453022,-6772.5378167111885
cell_61864,-10910.956306007149,-2996.128949483785
cell_78292,8381.52336693436,-2416.4169905013455
cell_89505,-10401.569150126532,3380.325998725824
cell_85721,-5065.254324233961,3474.7529990603775
cell_78219,-11993.588757492853,5308.799881575027
cell_90242,-71.07524320690875,4165.0729393773145
cell_90520,-2987.815522973968,2390.6814801954683
cell_87093,-9670.597008179233,4741.39335187961
cell_82142,18.438708104949242,1502.1740253961461
cell_82566,-8007.731094471461,2087.8086850814457
cell_79829,-10303.120597297278,3366.9601840687947
cell_62584,-9324.601912938713,-2693.7312864506393
cell_62054,-11753.198892175418,-2486.47633211556
cell_78428,-11482.64238103083,5700.386508705364
cell_86589,-9691.641237929103,5517.750475828298
cell_86486,350.47641817496554,2345.6489692340824
cell_85968,19546.10257632575,-4722.199060040901
cell_78551,21106.10393921796,-6180.550456496206
cell_88393,-10402.442763244619,4439.950074835255
cell_83231,16577.89838224681,-4264.5035009366175
cell_83243,-2280.001107899298,3726.9185343571303
cell_62516,28869.461052413553,-5914.828893643742
cell_83225,13318.436247161193,-4199.931428803848
cell_78629,16046.61385476278,-5351.699213819408
cell_62308,-6842.3045472743315,-2668.067143346937
cell_82324,-10317.738555880907,4749.550417253919
cell_88798,14304.328824606166,-4544.389310478959
cell_85047,-4350.711446746068,2261.5426710842366
cell_83892,214.6482192872185,92.62859310566846
cell_77557,16761.534143066718,-4326.378772869719
cell_83061,23221.033287559017,-6610.875210264148
cell_87219,-680.1003840253261,331.5870836269358
cell_77444,-5836.574303117623,2512.261991080184
cell_83789,-11765.896844970504,3869.911412156888
cell_78608,-11284.447421496918,4057.1943975736754
cell_83032,426.5546930648713,5066.3085313093225
cell_78081,-11081.547587127878,4776.1652160806
cell_85345,-11248.588592773267,3722.045956941457
cell_79211,-10873.415795545217,4955.139412033757
cell_83280,-11474.164500393295,4659.256317594196
cell_62675,9247.788938919686,-3527.241817723017
cell_83930,187.8109651774228,940.2368908262262
cell_87227,-10629.432328567942,4953.730530456729
cell_86300,15884.455561009121,-4166.441093223406
cell_81319,-8327.597097313292,4239.404310809616
cell_87935,15447.306688906616,-4901.0123295218955
cell_79077,-4834.870295914663,1226.4513148098424
cell_86810,30952.875674628456,-5233.5239866395
cell_78504,1077.9355037862126,252.25620761903616
cell_83709,350.8178855754115,-1068.6966075434013
cell_89846,-5797.71450145245,1815.2776612924808
cell_77349,-8271.286041969257,4900.495870096051
cell_78409,-10858.013950813734,4249.993357050692
cell_78240,-9666.421566572182,4262.239863273452
cell_81127,-10670.136803119425,5910.624254693656
cell_88786,-2093.815752904611,1765.178547505583
cell_79369,-8838.7248545579,4432.434337567485
cell_61911,-10630.114840875165,-3927.6032695737786
cell_83447,-12683.954895567145,3493.450314558508
cell_90130,29330.607029043993,-10143.398247828558
cell_90510,-9814.032138483894,4531.522511570702
cell_77822,-6839.353390477208,3795.3906562497705
cell_62038,-9128.548806180084,-3331.2063053478187
cell_87873,-9894.119262423716,5959.85385060564
cell_86371,-8982.2116032196,2533.108176978964
cell_89717,-6084.720129835927,3622.574311738923
cell_89114,-10012.36340776394,6183.614094115866
cell_77458,12277.563102575134,-4772.116938039211
cell_82603,-9869.987248913938,3194.261697857133
cell_62022,-9023.473167519871,-2248.4578349510816
cell_90264,-3250.630826543132,2339.544945137373
cell_87519,-2095.2409393735984,2160.451916834482
cell_84093,14858.523759996988,-4328.813211724286
cell_62540,-4294.045183210496,-2326.663177016743
cell_88720,-11056.80257995415,5411.457782363448
cell_89096,21021.118650546698,-5650.717059807287
cell_79122,-4664.18401378414,2688.110604083405
cell_84466,26802.553793575044,-8191.729119525408
cell_84585,23729.57014633367,-7478.288103582195
cell_88743,25608.147332845925,-6446.908541766663
cell_79791,30979.55663826101,-5264.853336196345
cell_90991,-877.3696181834042,1629.9895649680432
cell_79893,26536.651291334554,-8194.152146446395
cell_85648,19144.202444862196,-5157.052537215427
cell_85666,-12937.842946411956,3842.177595849548
cell_85553,21261.414650651164,-6074.170470263035
cell_78974,26666.033696027283,-8307.424747686764
cell_80649,-5030.504948984723,2796.8697449950305
cell_62589,-8564.799616320139,-3123.5876231849247
cell_85307,-789.1463789428468,294.05584630108984
cell_88839,14217.222536796542,-3707.4491307079697
cell_80524,-7499.3804682441505,2151.8454968705455
cell_79934,-6172.89953804709,3017.820929287471
cell_77434,12.691351851535943,629.1593138166663
cell_87839,-9586.324098914341,5503.046040411173
cell_79621,14290.416543387866,-5131.941060926282
cell_85476,21898.513889358008,-6286.377054715892
cell_79052,9988.430473885546,-2779.826007515589
cell_89692,-10421.707165090475,5847.721350687732
cell_90729,-10215.796325745869,6606.379889604711
cell_80390,22939.449685039046,-6818.728221939402
cell_61823,-1576.1876615790777,-1339.24748534193
cell_84901,-12210.208309100812,4930.233444705708
cell_78595,11576.327220014085,-3164.4600087308245
cell_88999,-1792.4956648203552,862.6742912789368
cell_87469,-11443.689191509518,4324.749992422908
cell_85586,15643.23099717682,-4848.564496778765
cell_81847,17074.05243833165,-5005.298542740117
cell_81563,-11498.193398613379,3916.298951703075
cell_89546,-8858.061075466085,6307.954326844616
cell_62315,-10212.727535115875,-3524.6703964372227
cell_82449,22373.602469804853,-6777.549378581532
cell_79671,33343.399795748635,-4019.666547062125
cell_81820,-10283.066247574168,5077.3617959320445
cell_85247,29146.93624164764,-9978.64186910107
cell_78998,-7985.84285840174,5203.8614129561665
cell_79937,-9532.66622338873,6327.9310068320065
cell_78268,257.0904155767577,4857.947707111131
cell_87708,1577.7807320547247,112.04715976661721
cell_89901,-12352.076046942157,4813.322763833914
cell_82813,15529.755145032086,-4452.641177214363
cell_90702,25104.837432927292,-7775.164522628704
cell_83952,-10627.84689185322,5182.349707589025
cell_78767,-11662.05101252801,6119.165589853416
cell_86998,-1504.1065958733607,1838.909636652872
cell_81991,1565.2555062648769,407.2543314539245
cell_89618,-12695.310472829036,5304.94546889355
cell_90740,-5860.5537661379085,2465.4218025674368
cell_77914,-3330.7187989964614,944.104349647246
cell_82079,-6701.535236075347,3516.4923283738635
cell_79478,-1369.3685163029515,709.3542757548837
cell_77334,-9582.566767811835,5720.816655034111
cell_62333,903.263276142749,-2446.6174835237402
cell_62510,-7353.078593337333,-2945.904916759197
cell_79853,-11063.81574297093,4666.991950608429
cell_89975,23714.56032322077,-7473.653018498664
cell_79381,-4787.8874168050115,2803.359437519082
cell_89367,19583.983112510192,-5466.973552983091
cell_86578,-997.2744843955256,1067.6031844817587
cell_81805,-8844.21256028461,4391.381999012344
cell_88575,-10769.73374392959,4462.384287014888
cell_62121,-4833.371914051,-2647.1446668855724
cell_82251,-6329.803341835399,3486.8636263847357
cell_82820,36149.361229323076,-1877.9844735009829
cell_80129,264.4030986566202,371.7072299753205
cell_86380,-12452.996842376198,5612.5387914117255
cell_77754,19292.760203845166,-5178.131862142688
cell_86453,28429.640448839473,-5959.658668444488
cell_83011,-2329.904835866919,1493.7161095467413
cell_83095,33938.81429174671,-3915.4131243633224
cell_89799,-10598.574799297654,5576.645123141463
cell_86840,-4219.908958970195,1855.847360236282
cell_89833,-6603.903945533971,4479.055534661918
cell_90866,-11186.598524014931,3307.489329765605
cell_90592,-10297.007666776188,4606.681081518163
cell_88309,22933.75546212109,-7083.145017502261
cell_81147,-4022.922953494841,2595.3267609675236
cell_80137,-12394.297247067716,3649.4333240438514
cell_78785,-3057.8350831710754,1015.6798667289305
cell_87149,-3456.504405870858,2077.563111269356
cell_79059,-9825.899641146481,6431.20870459686
cell_86731,-5466.178901912871,2101.2386470027627
cell_81818,-5488.899637012357,2271.7623281107426
cell_81762,-6817.135116606865,3016.1227217730425
cell_62957,-4164.650237461462,-2842.374745559145
cell_85633,-5375.511606476867,4062.0411514224156
cell_86428,-8601.199135013174,5955.616966127303
cell_78597,-5460.877343360609,2749.2269965303394
cell_86121,-2381.089023025916,1145.8957775567826
cell_85659,-5649.632565088884,2798.311955846704
cell_90437,-890.5866674135594,725.9857603394679
cell_82537,-9750.919887051177,6070.863693736502
cell_84759,-10849.020917653579,3776.052807640016
cell_89144,-9672.874924659107,5285.382948816305
cell_62389,5210.761342576454,-2795.796033717672
cell_90986,4282.897275596046,-1189.277239356635
cell_78535,-1775.459244050648,-30.806619408494345
cell_89344,3699.0139922006474,-1031.308466260634
cell_81040,-10698.709930419564,2982.194469739283
cell_62296,-2401.7366053726137,-2729.682355590936
cell_77676,-3457.1182345617053,1655.8474273014417
cell_87712,-6829.569433413341,4102.636560307331
cell_82197,-3413.1954569691775,1724.0185957882225
cell_89499,16735.392942988554,-4398.091021990022
cell_85232,382.54407244717896,4801.315570910651
cell_83238,16281.09124260061,-4014.643877381989
cell_82596,401.81776328826044,4967.705157412995
cell_84573,-9517.133877435996,6651.8598403396
cell_86674,-2567.7477509258974,1337.7743496708601
cell_84716,28661.550419467312,-6394.6666726407175
cell_88722,17739.82729411571,-5468.960651820559
cell_88982,-1848.8474026552926,104.13192086787045
cell_62243,5596.584132228305,-2946.3677884289373
cell_85618,-9318.60947911453,3752.2102330932426
cell_87191,23769.187654401085,-6788.468099508417
cell_80376,-6872.45962966585,2685.464842368119
cell_80054,17101.69874460083,-4764.908549324631
cell_62933,22630.07166078653,-7127.228767999169
cell_88229,19125.179159839827,-5626.031739407703
cell_62725,-10899.696402175628,-2413.068748387339
cell_85797,-7871.177029567554,5018.013177479008
cell_83325,-5534.4651326730245,3763.0291531510024
cell_87887,-10903.0822482676,5456.34452839237
cell_78486,34450.91176146458,-3228.1127359803068
cell_86777,-8354.878121940166,4427.240721713049
cell_62788,-10958.102559848898,-1289.5722074288951
cell_79282,14824.477927739921,-4285.4164281456315
cell_82569,-10165.115976200961,5133.584906268912
cell_82865,-4138.271238445668,2074.6460185333262
cell_86249,-1656.7108066157077,1017.6527987194943
cell_81290,18694.488524994773,-5452.620739187439
cell_63030,-11258.809379133474,-2592.0208486311226
cell_81480,4477.818774834848,-966.8651497461015
cell_78027,-4208.818948968146,2148.18384099936
cell_62683,-9517.51536909598,-3573.3912023250955
cell_79907,-7734.835191169511,3350.806695800435
cell_80374,22274.893585781592,-6917.651347755963
cell_61903,-7274.175158739537,-1451.6779357370797
cell_85914,-5977.59281699874,3052.7679664118928
cell_86673,-6994.451505260823,3736.156124650995
cell_79350,-874.7081170430473,1422.3929680226665
cell_83944,-7775.524990454689,3457.938859681048
cell_83236,-132.78322487404301,1779.6392802456455
cell_78544,-2283.7154562126,1150.7419098966
cell_88603,-6228.862267459746,3212.8575042640437
cell_81314,-1613.902223213664,980.8495166652842
cell_83534,24624.89087645947,-6160.009351944994
cell_84169,-10880.987925666906,4142.429635834657
cell_89724,-9346.704533992466,6309.141908035445
cell_79244,-9026.693233982198,5649.187771703221
cell_78206,13044.63666957782,-5282.205698967227
cell_80536,-2121.384979921962,1956.6045737771353
cell_89725,-7685.758480954196,4671.387252818389
cell_62344,12328.397098239824,-4205.003470140696
cell_87167,-12275.633873054685,4776.253651920756
cell_81081,-1469.7443771129376,1062.6232716569514
cell_82208,29591.923627068372,-10513.619448436253
cell_63181,16287.73168079494,-5012.116121233293
cell_62410,-9972.0606580926,-3371.9449602575214
cell_90096,-11586.768769702596,4247.672124864333
cell_61833,-7233.568970389646,-3082.962811484827
cell_83417,18907.71523477488,-5361.295939030351
cell_89802,-839.1584630578216,214.39634026407924
cell_79460,34577.26111274878,-3352.06211659809
cell_81650,-6453.10182649772,3543.3897802240967
cell_86253,-9930.118577752839,5015.850963498126
cell_85255,-7547.744280502815,2871.6852907288967
cell_62807,-621.2718433179541,-2051.311533318363
cell_83510,-10065.868625274214,6449.633939034347
cell_87043,27960.592558733242,-8782.230344488127
cell_81409,-10744.039392375278,5812.578053264901
cell_90552,744.5621932695124,992.2799743524304
cell_77432,-10209.370246298224,4947.264806340047
cell_82186,18693.864503121575,-5284.081358835383
cell_62167,-10205.928523729075,-3071.343135095722
cell_81446,18629.829330787285,-6484.405178225562
cell_80104,-8572.37771816058,3047.6805778358253
cell_88419,-10093.939226432396,6301.455928930092
cell_62306,-5098.977860744805,-2784.3943946923855
cell_84848,16681.562904834656,-5402.367081731667
cell_82633,-11248.817803155009,4693.0181747127535
cell_78170,-12424.778301788989,4993.619310330547
cell_84314,23972.952809279748,-6968.523657844571
cell_85923,19912.15064064875,-5176.123028775024
cell_85842,36053.57773032691,-1921.9217182493926
cell_84852,13817.959209456509,-3905.795304643834
cell_78804,17524.029310041307,-5376.428242553201
cell_81427,-9146.729064702982,2643.7437992051064
cell_63097,-10726.339715918844,-3608.925308597087
cell_81349,11999.230226913349,-3307.7519721339027
cell_82012,239.69448141761808,638.6184103079456
cell_84949,-11011.194765440887,5101.6285471390065
cell_80504,16415.722618624975,-4857.816571677046
cell_88398,-5673.445617701774,3789.311914240875
cell_79639,-11016.58032320144,4579.341062627864
cell_63194,8846.051134577656,-3132.797650883343
cell_82301,-1516.9659727123717,1395.138251491903
cell_79610,-12238.580407866586,4545.5765086613765
cell_88219,-9815.570789588666,5548.7171987760985
cell_82484,7969.69483050816,-2095.531899055804
cell_85868,-6223.796841066834,3001.660659213819
cell_87933,15147.480673844717,-4414.571444843426
cell_84859,1437.4526856773934,-110.28199605791337
cell_77949,-9454.136513205192,3358.751859785881
cell_62492,-7017.803200373537,-2068.144421698514
cell_77311,-10680.116422892483,3827.6567223625416
cell_90253,-4402.181570042341,2870.3695679309517
cell_80105,-109.27970160506713,-880.019973539156
cell_77622,-4249.834878265543,2934.4281464265223
cell_81586,-7855.846268619088,3072.0791262472653
cell_79340,-9196.795022323935,3740.507182503716
cell_86881,-3383.416778333535,1605.8912107061856
cell_86656,-7694.699287949787,4524.3141629494385
cell_79101,-11449.328708006435,5303.304525945534
cell_86467,22317.376697391825,-6379.694308648469
cell_62772,-11152.946721559554,-3459.155175097201
cell_82068,-10959.260090627231,3813.783008628252
cell_90995,15544.710215921286,-4004.595758504202
cell_86775,-12424.994432826417,4627.524740980924
cell_79365,8905.33011105033,-2563.291776159349
cell_90993,-3854.7003430176787,1721.054704507644
cell_88186,-3813.101707983496,3303.0143789785348
cell_88775,-9958.213539386497,3691.2688828569926
cell_86313,-9287.282853832587,4688.29802204515
cell_81696,36393.35396097381,-1918.0969115590515
cell_62420,5385.656771044478,-2858.1994307708956
cell_78931,28407.556129776585,-9772.25635583918
cell_86385,15050.35738329538,-4415.681133626797
cell_77854,-11665.85625405733,4898.724009548176
cell_79936,-12382.105708157003,4636.805060874575
cell_62591,-9063.42316902297,-3330.002985093896
cell_78700,-10958.178369622403,6019.472658103975
cell_83664,-8563.49355557043,2387.4863076266092
cell_84544,-10570.403798449805,6342.687980591815
cell_82840,-3996.920568941936,3057.0013468994357
cell_88184,18391.536513335115,-5345.67783029174
cell_89718,-3655.8065718479206,1555.1858334342642
cell_62604,-6452.713882576552,-3198.5122182526434
cell_81438,-7572.735720985223,2770.9806118331235
cell_84636,-1203.1471754403854,1137.5335985008762
cell_86107,4465.27876579457,-1279.1947442968108
cell_83684,-3858.138827725854,2429.778530235189
cell_80846,-5519.756737249944,2609.66150166289
cell_81646,-10682.71011818773,5767.2370546555985
cell_86296,-12130.602724766322,5276.067165832187
cell_85294,-10955.51527841799,4781.910333748371
cell_86724,33895.9088112422,-3771.6401202833113
cell_80386,-12498.053705701645,4843.161944779435
cell_78677,-10643.710598447384,6105.079124003707
cell_63082,11157.305628050972,-3960.6500377696707
cell_89489,-11155.73474253433,5493.738875658622
cell_86654,8727.308444601764,-2598.6793519169555
cell_77512,12758.494227657733,-3507.106321780278
cell_81862,19398.5093694997,-7252.7093326383165
cell_78143,-11997.003514466383,3537.1596260141728
cell_86061,-6561.906788813257,3930.0247837313195
cell_82037,-4218.9127811633825,2433.4256241860076
cell_77983,-7110.183784303862,3862.8584539987464
cell_80140,15881.51901864047,-4454.463858270469
cell_82630,-9897.479030914212,5619.652598954883
cell_78885,6885.453372400405,-2434.2970192423654
cell_78069,24968.655082455905,-6894.696900069895
cell_79808,17377.681777650687,-5668.798411580767
cell_80356,15018.849010047687,-3879.683807893756
cell_88602,-10474.805379122909,5599.9396123349625
cell_81115,-10402.002880611988,6111.297007245389
cell_87126,-1645.0291055308455,1297.4354874765543
cell_86672,10768.823420505567,-2882.0687931323737
cell_81726,-9839.877641779904,5427.469947239714
cell_86483,10997.945603278404,-3168.5913951368843
cell_84030,10090.46488659074,-3370.2112045147546
cell_62399,-11351.07458617264,-3355.020667793907
cell_89713,-10305.435262125035,3825.6165068063738
cell_77621,33165.85565509357,-4211.180372966095
cell_89433,-5527.393555907565,2922.742210344616
cell_88597,-10481.848787090168,5145.906703659359
cell_83477,-8822.764451335363,4933.979282530301
cell_84353,-12604.47054875969,4864.023822111476
cell_88904,-7029.868393964533,3197.2396719145704
cell_90108,-3396.5585600003624,2576.054842861108
cell_81206,-7209.635770225663,3123.2362791964806
cell_88270,12997.755976159104,-3403.838614189238
cell_87737,31776.72874667145,-5011.555432150687
cell_61987,-7257.824018101627,-2932.6947693468255
cell_82656,-11244.53507470209,5090.716715932718
cell_79561,15036.69306870759,-4079.335976107137
cell_77954,3770.1621376899984,-899.4365170827598
cell_62943,-10701.403712201884,-3379.7094219537175
cell_83708,1382.9493900078949,91.01982419082356
cell_82236,-6180.573258317668,3376.16749598122
cell_77316,-5657.818940307116,2386.2796330633773
cell_85985,-9536.941156113966,5514.186534887974
cell_88330,-12303.912597173903,5044.998465981845
cell_86533,-12180.667404064548,5715.63455272136
cell_90903,-11379.68315474073,3439.1269692186866
cell_80087,-5303.079990486761,1460.2641379881184
cell_86114,14982.911538778226,-4139.89786984474
cell_89177,-11712.928748840406,4187.862350523088
cell_87994,34486.549361395235,-3651.9484260113895
cell_79217,-1417.274883635038,1126.4468038900216
cell_90172,19281.379788371007,-5682.96950643028
cell_80651,12619.353374463113,-3420.5139967581645
cell_80410,-11435.3464532734,5539.6514661367
cell_61888,-5627.434888738954,-2998.6224640238124
cell_83696,-3732.2209021230688,2924.0909079762732
cell_79318,19562.30415776584,-4546.369875082126
cell_87751,-10616.914882912235,6358.220054500432
cell_84709,-5253.426752600637,3022.968974136291
cell_90252,15590.44616138902,-3954.0103875180826
cell_83996,-9381.760628598833,5972.626884578691
cell_78369,-10288.994086492266,5717.316441139002
cell_90313,-9960.268673980012,2893.682625781584
cell_89125,-11100.622882776262,4928.948905665858
cell_89386,31426.04444482457,-5149.912414519582
cell_89730,-11972.4360130097,3633.4456608582077
cell_81824,15315.78444005592,-4086.9448004979486
cell_89881,-9707.465773934891,6648.468830834047
cell_62231,-10525.96658583431,-3651.6896428187174
cell_82714,-12588.883477024146,4973.00400580109
cell_77554,18357.865896064024,-5486.000491217729
cell_87518,-12074.847483971891,5465.76159831607
cell_85161,13981.22772536555,-3939.2906088525538
cell_78971,11524.61459566413,-3144.0550025750345
cell_78927,12267.469625281012,-3523.5898717166824
cell_62825,101.98975722587359,-2354.773138784119
cell_86477,-3271.2424710026794,1779.6966125613008
cell_84328,19178.431658340745,-4010.293887683677
cell_82246,-9516.606133993106,5923.169738976412
cell_89307,16735.083963938818,-4471.920878574258
cell_90597,-9586.573040948406,6096.421559638191
cell_83012,-9334.114930374193,2857.7424774601113
cell_79694,32967.9506914502,-4664.983297247902
cell_78507,-11603.778421833624,2908.6874822499763
cell_81943,19937.13206490153,-5259.225730758745
cell_82941,-12086.753025897795,3568.255325392174
cell_83513,20491.971850668513,-5194.776344401712
cell_87709,1274.5537415819028,-123.59896296697198
cell_86739,-11320.904260483716,4149.017482722509
cell_87242,-11242.687654825573,4243.132742357933
cell_90860,-483.6870215293746,866.5774580281253
cell_79707,-11005.791623328516,3635.19598417426
cell_78519,17457.859225444383,-4672.28726460281
cell_80375,11035.458698626466,-3318.4679780110573
cell_88539,-9751.842630649644,3988.810427669719
cell_62982,-5840.487743261823,-2774.181019596134
cell_87584,-6130.539571424308,4097.325358087973
cell_61869,14384.409981724168,-4689.778789674026
cell_81424,-12382.951859649233,5587.619792217178
cell_79080,17483.573155062553,-5568.340163392472
cell_85897,1599.4348296948276,202.2800673571412
cell_82127,18875.919424643474,-6089.040910761835
cell_89310,21745.96230832236,-6585.262396517688
cell_90867,-9740.572059598304,5677.140141795498
cell_78102,-3554.4661776030853,-109.08053873791913
cell_86080,8166.924567594334,-3014.694847288922
cell_77770,-11018.21592967645,5492.840637119967
cell_89791,-10113.399944303936,5422.757286104246
cell_89475,13172.679494051848,-3639.8892701483783
cell_90237,18298.813144339245,-6872.945126549646
cell_80858,29490.53730445141,-5576.149289117105
cell_62137,-6557.544184910382,-3166.0452358440157
cell_90000,14424.850428983576,-5031.624964280557
cell_84459,32091.999872995915,-4862.99039081167
cell_79775,-12286.460797883337,4008.4028592126197
cell_80459,-1490.9828329680065,1189.0225828876592
cell_85673,-3252.1501926546093,1860.4862771492815
cell_61944,5998.732299731089,-3070.329783405068
cell_86424,-7652.412792486541,4113.993419513667
cell_83430,22167.51581425632,-6965.454730975832
cell_77808,31706.212173358155,-4952.386434850023
cell_61881,-6283.119951284877,-3165.6727097084854
cell_85934,15268.414354117234,-3711.0285957962597
cell_63117,17538.1029622728,-5334.710417852294
cell_83066,-9684.582851931926,6021.965526154322
cell_87555,-10420.752095395039,6018.831191625997
cell_78463,-8395.488315807312,2567.5292848847594
cell_79030,-3367.6304006465425,1862.4581470055566
cell_81888,860.9216492130442,655.6687791896834
cell_83490,18512.562013638675,-5434.858355849511
cell_62433,7623.875522194669,-3110.2931553164613
cell_86926,19624.72466646015,-4832.647173328821
cell_84111,19248.623361629678,-6981.524102487148
cell_90114,-10404.860235874674,6579.948650529778
cell_90442,-11075.662607389859,5930.261009583683
cell_86696,-7884.516482885539,3328.581818411386
cell_83948,997.2405967175895,1512.1230561002126
cell_89962,-7279.420854638367,4879.550753331744
cell_81879,-6770.7142364797155,3999.829025765902
cell_62834,-5623.254746317332,-2829.940602114925
cell_77449,-1951.5086603727923,421.57492107596437
cell_78336,16799.8753042639,-4608.808716307322
cell_89864,-1576.1359476048822,555.1722120442066
cell_77411,-3290.2285886327213,2104.6687944774117
cell_80217,19506.434603673955,-4451.577668964586
cell_84748,20830.75060459056,-6005.776156510104
cell_86291,19798.841729575728,-5051.46422620952
cell_82860,-11486.031758532636,5042.718916807801
cell_85650,19067.73768273258,-5208.063164068856
cell_79799,15491.851293114933,-4196.429329509745
cell_88499,-8840.949261629286,5607.803666434414
cell_88668,-1216.7517280355667,1391.5210368783414
cell_82830,6837.512747303736,-2158.4746277489235
cell_61925,-9480.861646869454,-3340.09967085168
cell_80387,-11544.78587889871,4567.823943360482
cell_83115,-9151.284373857354,5654.1142109579405
cell_86312,34595.678801926035,-3337.6702477546655
cell_84008,-8260.102893907875,4521.498200618384
cell_81929,-11243.615440413887,5023.3087505015465
cell_63176,-9816.136257691718,-628.5083269517056
cell_79123,-11107.057756271983,3961.576606253894
cell_79073,-9774.207816794467,5899.564504664188
cell_84056,-11012.748077359263,5915.867940161948
cell_88652,-10228.167433936578,6491.282809438721
cell_77882,-4381.481801568077,3065.3551668044706
cell_90801,-6080.82436546794,3571.4663898310005
cell_89278,-3610.7056839704715,1523.0775155285655
cell_62562,15108.767792394921,-4678.186800041211
cell_86541,-2181.3783903525537,2248.6646308650224
cell_63009,1871.5209638421456,-2557.401323097237
cell_79778,19892.23011328387,-4745.426538362907
cell_86479,600.5580778316734,2030.5294300288915
cell_83097,-10351.145914031076,3949.7882903840073
cell_81909,-10936.211418392188,4688.928257062883
cell_87605,8386.524455249026,-2471.3387404672326
cell_80733,-11479.772758034116,4970.538868438679
cell_89673,-6355.124429117337,2093.905129197012
cell_80992,20271.79612405166,-5889.899334660784
cell_83866,-11195.19519020258,4411.249458606691
cell_86095,28579.455180587636,-8230.531738775198
cell_85216,-10768.72648384544,5782.140659837009
cell_86619,15956.858246287835,-4042.3061277842908
cell_86350,28848.457154999855,-9605.195079366462
cell_77847,-6056.569216706622,2752.345301559519
cell_84818,-10653.784302098964,4311.861493685986
cell_90636,-9561.204923302039,4008.4253864427474
cell_90503,4896.673138883369,-1210.7504383139565
cell_62586,-11368.793595733698,-2953.8574911818196
cell_80950,-7283.060406989307,3705.129579137382
cell_83935,-9946.043338169095,6596.359053654407
cell_80625,16673.42669048229,-4480.0327064875955
cell_87739,5417.154497979902,-1349.7898921425622
cell_80258,-11948.06400856529,1932.3412927813342
cell_89027,786.8656822793511,650.8368569894169
cell_89893,-10388.232687730726,5466.972304270806
cell_87746,-9632.105997958079,4413.281884448402
cell_85746,-7504.911552766088,3787.7545748640587
cell_83038,-10615.115150013238,4521.260341698947
cell_90170,148.410002142626,2066.536963232518
cell_83479,-9315.197473390297,5435.512012210144
cell_81831,569.755938111259,632.9044368928019
cell_90674,-8265.6753873672,2954.660768146571
cell_89067,12649.459720370456,-3581.0326255160576
cell_82872,-11510.493894093848,3747.724786305669
cell_90596,-2777.9874205121714,1861.8797431651703
cell_83882,1590.1930468738199,-423.7721125256063
cell_88940,-4164.2306952776935,1686.1033446326608
cell_80775,4439.034156708194,-1223.9654782613843
cell_77761,16109.167272620733,-4703.369575949402
cell_77646,-10206.113191617693,5065.936259615615
cell_80900,-12155.879842843413,4356.465233875668
cell_82731,-6373.538546715796,2982.0797521875656
cell_82867,-10291.789761271384,3307.5114061096415
cell_62327,-11190.992236365943,-3738.6772763395984
cell_61959,-11230.162172239452,-1931.219083865027
cell_84497,34635.9575717218,-3269.540782553711
cell_83333,-12486.499123171165,4584.713696845799
cell_84372,34434.00206537279,-3826.0397838323574
cell_62842,-10702.38807858201,-3313.162087059972
cell_62267,-11771.829869268628,-2677.502906530535
cell_77560,-5612.906615697104,2211.8255833002545
cell_82175,25557.812789504893,-6315.990320948482
cell_85167,-10374.26619018593,5623.485360324433
cell_88681,-8548.625039426282,4891.954482865924
cell_89152,-9931.82712733087,4572.116111321034
cell_83162,-11326.64503940262,4930.071487134642
cell_62611,-11478.70335510615,-3209.8606501121258
cell_84377,21741.168054149395,-6299.770565725779
cell_62981,-8620.60052531737,-3367.2931875105196
cell_87207,-9849.106536371137,6495.735014292425
cell_79157,-4153.400115574765,2331.8608646517596
cell_87651,-6847.712683784622,4275.653596710918
cell_90523,-11795.608542536753,4248.693528395998
cell_80838,-11074.473322478065,5704.953737969828
cell_80546,-6775.565590857988,3182.4602996846515
cell_87735,5824.114762064978,-2914.2609625004293
cell_84106,2330.461874139272,-541.8391717712648
cell_90569,-7071.199157559246,3557.6262694103757
cell_90364,15751.982677824082,-4188.502723381438
cell_80337,-10157.837913097666,6252.539854520856
cell_84160,-12691.666468171163,5118.441159177732
cell_84109,-10984.797581484469,4178.3132557837125
cell_87017,-2144.6574449847403,2388.5130003528716
cell_90800,9324.573993894614,-2633.404361851535
cell_85457,11934.777934987273,-3291.2471517230492
cell_86786,-9602.832313498358,5146.323431089431
cell_78789,-6316.566503624505,3417.0045395590387
cell_77354,28114.578029670527,-6238.198050305132
cell_78203,12450.766637406707,-3230.982595373478
cell_78115,-6519.6170812061555,3980.081999566799
cell_79743,22140.774539477177,-6428.86759380013
cell_88614,18764.90738271911,-5469.031279677612
cell_77927,19251.002678603912,-4923.632808718989
cell_90832,-12456.881459121665,3628.0440439111944
cell_83777,-10542.379268546525,5215.45387268088
cell_83881,21040.81575794382,-6224.547345835324
cell_84395,-3741.573218754057,2750.350987996231
cell_82279,-12568.062892488275,4747.60894124163
cell_62613,-10292.21703627648,-3911.715381463291
cell_84509,-4380.355629208016,3158.8332447495313
cell_84480,-2391.6866659493603,1243.9654617274552
cell_78510,18781.659023993518,-5659.111954928681
cell_88361,24516.045512338937,-6885.0075025902
cell_89988,-10677.831885949874,3515.6325337629637
cell_87200,-11197.402936976647,5131.255672797727
cell_88417,1134.6895636652155,1021.3007685099263
cell_77386,974.9392056130847,424.72345440204833
cell_83551,-1404.6948686515939,454.2771016302061
cell_80994,-6707.557811186691,2085.9850084830737
cell_88437,-9611.021404532856,4894.403671502507
cell_83338,-12602.764956562332,5346.195535704376
cell_78657,2977.4865284879133,-597.3318815585573
cell_85142,70.24203855734427,-826.0185506462302
cell_88017,-9506.062141776409,5957.597313890535
cell_61933,-3645.5814847354077,-2525.254502773842
cell_90100,-12481.18390383145,3775.722701392499
cell_86311,-3754.733219863446,1775.2416525848269
cell_62659,-10494.49425678101,-1119.0618995583488
cell_83957,-10991.026234203218,3670.705855319933
cell_62254,-4394.111101439246,-2751.2198579795304
cell_88870,19230.55688990567,-5278.136840185743
cell_87318,18814.23627375571,-5610.280886197538
cell_89440,5745.050579620767,-1681.9753739317841
cell_79485,12937.966804054066,-4195.833358756734
cell_80716,26695.959869187755,-7353.314173253701
cell_87643,-2447.0154207889286,1920.1295102500683
cell_83071,18540.528464713378,-6379.410072451439
cell_85775,-6512.583411849844,4278.98744412809
cell_78367,15836.786776200104,-4380.875168753007
cell_86890,-4553.203272234664,2447.5173265303924
cell_86225,-9240.636732232675,5352.804739670194
cell_84632,-3439.9867748778925,1414.113617919705
cell_84838,3581.3150399087176,-654.5819301796903
cell_82866,-10380.252009907048,5790.546373306768
cell_78719,-11525.877493726457,4239.5193600222765
cell_90779,13438.691666723915,-3919.2117509191094
cell_88899,-12397.20206873293,5397.178737189022
cell_88050,-11987.210281708461,5167.839236493086
cell_86353,43.28565828947018,901.2909728953325
cell_87306,-9878.924743214324,5357.929079977941
cell_84713,1744.3043806226087,210.05868753105176
cell_89463,-2634.2088679220437,1839.6015227669695
cell_83396,-9528.978204901476,4057.322058216547
cell_89048,-8449.936149178695,4575.159526953969
cell_86907,-5258.30194952777,2143.734645435282
cell_86649,-4120.343205178513,3205.8112921203224
cell_90731,-9688.081903874418,5668.693908564544
cell_89439,-10300.383877544793,5456.634094181755
cell_84005,-6696.604543571524,4666.866236394124
cell_85222,11006.07811704555,-2878.637744783196
cell_80385,-9230.566590087958,4510.523046826601
cell_78026,-9901.263906487582,4498.235205586119
cell_79932,-8575.355680262828,3661.0331090579457
cell_80530,29057.46894823482,-10103.921674566327
cell_82907,17916.88955156339,-4984.398074690594
cell_85549,-1068.526302367816,3028.443742381566
cell_84587,-11920.237619602187,4851.211431602768
cell_90946,34631.297343275815,-3505.0120830669402
cell_87515,10153.848371834229,-2695.434565031947
cell_82056,-8443.715410571964,1073.8689698991525
cell_88410,254.44593217142943,455.9180534854319
cell_86498,-10472.200026032098,4684.6031503875065
cell_80516,-9905.70938873532,4973.786760429149
cell_90043,-9876.79784342054,6549.644408754545
cell_62024,33422.27258417029,-4422.153537887844
cell_81197,-10709.376251708583,4158.897995293046
cell_85624,17184.548394168407,-5026.183420259786
cell_85722,-4224.389384359061,1536.524112824112
cell_79732,-6338.489536907727,2013.7057525219689
cell_62738,17728.765181743795,-5599.32129832214
cell_89629,14618.591270206363,-3869.938410445299
cell_61837,-10142.56271443964,-2674.286854238871
cell_86058,-775.0170736315728,2842.7558856349715
cell_85064,1292.1900366784162,218.91265145389775
cell_77867,799.0696661247509,-1195.6836855027143
cell_83435,18050.428380350906,-4445.144393128238
cell_85963,13479.615819630986,-4094.071926542017
cell_79262,-2226.7054202680324,1427.989117880304
cell_89681,-3397.522397632522,1509.2296007152427
cell_88707,-11064.03209184717,5746.591238389848
cell_86375,159.11698758811204,-31.56706133293172
cell_78908,-9287.75127553498,5457.321490478284
cell_79437,-11675.612622432096,4100.358839967908
cell_82545,-2703.173079169158,1573.2060003870722
cell_90006,644.2645992002247,-274.40013295741176
cell_87422,-1484.1326408398477,2741.0558945380535
cell_62070,16500.30858863204,-5276.2591153388785
cell_90741,-8193.028178615594,4960.700141077761
cell_62366,-9639.51403714793,-2335.393018739977
cell_82913,-12326.357806844515,4869.7825592377885
cell_80710,-7703.311102337287,2299.5401239871344
cell_88173,-11860.503460914515,5757.653502431234
cell_90586,22787.114786202776,-7318.491675667654
cell_88795,16055.795989770873,-4269.628339229212
cell_62259,27715.052556838946,-6033.856171966447
cell_90562,13151.736217530339,-3601.7500640915687
cell_78377,-11401.27535518067,4523.868315853435
cell_80771,-12527.506216416537,4279.462107446359
cell_79776,27529.326664951077,-6119.719929426898
cell_62415,7841.068532274723,-3209.3797660027826
cell_89991,29250.374545734165,-10159.937679356006
cell_81350,18223.060789834482,-5500.838478525152
cell_84222,-8215.771468479908,3503.4475735060932
cell_80532,-9175.28864922024,5226.073775974395
cell_77652,3339.299945164356,-768.3553423342454
cell_62617,-6332.415760383387,-3048.4376431814176
cell_86617,-5233.266674809434,3729.392336242329
cell_62656,4343.203882380009,-2658.631105377707
cell_79691,-9935.367820232159,5889.1852656443125
cell_86247,-8612.766646285138,5585.470636370837
cell_79626,30601.868061642035,-5299.235846584691
cell_88334,-9833.27041704784,3588.0484846304385
cell_82283,-12538.113931756074,3747.696242014983
cell_88543,11351.705075235297,-3088.3229265294535
cell_88317,25926.009890255318,-7719.856439035969
cell_77938,12972.098169323646,-3879.0220751198585
cell_82442,17288.61031100247,-4742.362785596783
cell_80125,-6101.699938185593,2911.6524210687458
cell_82550,-10152.856602434593,6068.164512584633
cell_79471,-12455.873389022574,5402.408854620079
cell_87832,-11961.124682042131,4363.700507562496
cell_88886,2464.7795515713583,-1080.5108658696547
cell_80273,-9419.316701355669,6336.803216734999
cell_82430,-1937.5248921017453,994.2759351199805
cell_87364,-11795.103865844763,5658.267180553706
cell_62430,12160.731354696622,-4214.148355195699
cell_90457,-7797.264025543741,4538.071415837434
cell_62926,-10789.200535366199,-3436.2399883668195
cell_83366,-12768.98246184597,4233.689016155308
cell_78585,19660.055196613972,-5887.112601493363
cell_89085,-9754.75245343727,6565.262408845244
cell_85813,-1189.3509092431023,2703.299901061631
cell_88024,-26.491468599894084,-133.98474368820902
cell_84844,-334.30733020201234,1234.5918320834346
cell_86062,-11801.968644208851,4503.331234199538
cell_87916,-6981.594182149178,4203.040469814401
cell_62837,-11028.095096053477,-2731.3947287537676
cell_79149,-10476.354522496564,5023.8909186152805
cell_87123,-10806.865256769523,6081.77241106074
cell_85906,18396.806270414527,-5553.1753044757725
cell_62757,16451.75711559514,-5270.971634999043
cell_81928,28218.037008494564,-5823.313342468845
cell_84475,15011.316236685649,-4270.235825588348
cell_80064,-9619.60280774507,3194.8360431406327
cell_83538,-10976.192394950243,5450.051297221181
cell_90373,-7746.058071605894,3679.847379447315
cell_85324,-9615.68559752115,4677.629733486229
cell_82014,-6479.615287343249,3849.0608608320504
cell_89424,17093.41878371419,-4464.986440637829
cell_89884,-9103.475048373199,2539.628060366645
cell_87738,-9856.398028962327,6680.907196552389
cell_79150,-1396.5151122035973,954.9782755938262
cell_78514,19479.029300281465,-5903.420083727338
cell_84210,-10620.192931177844,5462.169608889569
cell_86666,24508.0665228137,-6792.542292901346
cell_89018,-3114.9769504812325,2583.6522858151357
cell_85873,-7019.503689166863,4010.007107697179
cell_63051,145.96695022449353,-2401.378221567435
cell_88402,29320.117797199568,-10231.03990623504
cell_85102,25334.42846406201,-7894.178677981509
cell_88038,26609.40576935906,-6815.006198838135
cell_79922,19173.393465437075,-4819.513618534625
cell_85469,-8414.951025511138,4759.85849737356
cell_87858,19985.462314847333,-4186.528799263523
cell_78847,14434.968808045598,-3936.152834131214
cell_81357,-11316.332881968496,2909.743417271959
cell_90555,16147.951384378388,-4011.851713709093
cell_87577,29463.04855201192,-10330.238787119595
cell_90875,24132.393686190975,-7240.358328894878
cell_63038,-10860.233301390024,-3933.1293408110673
cell_85240,-8715.325938139025,3113.5827763256766
cell_79906,31904.38798801978,-4987.920343598557
cell_86838,-11581.656936104846,6164.509673605814
cell_88871,-119.18107108814175,262.70134744243893
cell_83821,17942.699850958565,-6007.236352782511
cell_77870,-3749.1590627787964,2345.0180049252053
cell_90911,-3012.401829191852,2060.3105124317844
cell_78906,-10557.842683157198,3754.6292663299814
cell_82333,17029.91872456041,-4387.036231684546
cell_80389,-3516.9281847677244,2927.5028911618942
cell_88759,23887.337449889765,-6578.055806460488
cell_81882,-11710.530936639945,4460.267372147104
cell_86394,-8772.590977701313,5569.713321662074
cell_85954,-9741.960208735356,6427.499224495284
cell_84686,-9894.718836005604,6213.920479304823
cell_83418,-10580.6912037185,4201.593530996488
cell_88347,16200.047143150408,-4528.827698909737
cell_83180,17610.62806446799,-4705.529046104288
cell_81915,-12680.363583594575,5050.066489664455
cell_89179,-3158.7387307699178,1544.15386215612
cell_84204,23850.925560027423,-7227.825216327575
cell_79658,36085.132811057694,-1791.17498421302
cell_86806,-8191.91744638063,3346.8950426119604
cell_86397,-2538.784972550465,1680.053876294847
cell_85097,26299.080014848972,-7730.041316670619
cell_80414,-1997.2586392896533,2553.339575157739
cell_81383,14719.252235910863,-5210.909416380447
cell_77404,8936.816057404589,-2636.2156645631935
cell_84669,-4701.829051518766,2462.393185136927
cell_82155,21169.65635958647,-6064.393380154271
cell_81705,-6473.7192761409,3348.666144260108
cell_80955,-9992.628456319626,4170.322522920951
cell_80267,33275.674942885606,-4439.295206034822
cell_90929,23365.03222069102,-7421.843351124979
cell_85158,-4356.455357428479,2999.2129087221433
cell_80961,-10765.477338988145,6108.034790096026
cell_83816,12641.467211324914,-3456.5812676500286
cell_77447,-9508.08352968756,5079.907169414398
cell_89488,18558.229315052708,-4693.623546821725
cell_79740,17411.41298244667,-4374.795859965641
cell_62237,-8485.662298869012,-3397.857278058488
cell_83305,-11646.275211141652,4132.457558056799
cell_88396,-10446.486456066817,6422.204271669675
cell_90422,-901.6762607946671,436.80941465707554
cell_80979,222.15465098438054,791.9031015128962
cell_62252,-10360.60226587274,-1098.9676967647424
cell_62461,-4856.766681657677,-2884.735556998265
cell_78107,15.03955369062994,274.8818055464262
cell_81079,15600.647222719466,-4286.692912875418
cell_78433,19835.26421230872,-4590.814679693635
cell_62077,-10879.12301364692,-3197.6170974296992
cell_89537,-10902.64957106934,3120.1155082910045
cell_87684,12312.425041637818,-3149.253936071289
cell_79135,-6065.997143730399,2118.28542085937
cell_83051,-10257.434152931448,3729.4067847225083
cell_89956,16528.982123330698,-4651.427849798734
cell_81606,-11112.143052983594,5190.036679214671
cell_84341,-9935.279490049721,6548.33456084213
cell_82157,-12925.149478193543,5208.870216392877
cell_78101,-11248.281069589177,3580.2412018575956
cell_90534,16929.365885602565,-4799.905649411161
cell_78165,-8901.143341197318,3220.8143030337733
cell_80416,13162.446598646464,-3968.8426817707627
cell_62973,-10544.184670882425,-2777.5937997367596
cell_77623,11471.105358666731,-3092.69915480369
cell_78990,-7163.626137675793,4013.2778410906303
cell_79093,35739.230292144945,-2375.9558851381094
cell_80985,-9273.034024403387,1725.231428269795
cell_82962,-7155.641913841022,3043.3155935007767
cell_86427,19072.261446116463,-4792.044272139504
cell_77972,19297.193618584286,-3959.050732069864
cell_78691,-3732.103626447391,1948.9914023636566
cell_84538,1116.936632351226,1560.9852489467196
cell_81815,-12792.013056070251,5029.331984325806
cell_90446,18426.74966837621,-4834.5967427148835
cell_88777,25453.798742323102,-6332.824115451437
cell_82847,10803.997773136623,-3034.0057939866724
cell_82804,-12357.784008345363,4207.100764822415
cell_80635,16553.899848008146,-4486.69502814143
cell_86910,-7711.103470631854,3242.0644862578115
cell_87975,-8790.008922905843,5103.224378677621
cell_88367,423.9708584764277,-789.5421481877349
cell_84131,-7113.204770203322,4458.940741165481
cell_85382,-11112.238586814192,3067.3255641911946
cell_84546,19123.83155768961,-5269.941532161062
cell_85309,-12307.039761814007,5184.477775564856
cell_83046,-8680.881524359758,3346.0177407172764
cell_89049,27451.32426943141,-8785.07323492192
cell_79933,-1260.997761361616,515.9863723371097
cell_77390,11851.854892946105,-4247.417934218088
cell_82486,9901.218744980068,-2798.712376320791
cell_62197,22118.885464559607,-7184.837218689089
cell_84531,-9559.21079944552,4206.939416278088
cell_87405,9687.217709278397,-3174.5962613698284
cell_80099,5626.390223454153,-1771.2752344521732
cell_89100,33864.45691254802,-4309.220565564596
cell_86646,-5640.058447355683,3468.9863640874973
cell_79029,-8616.261524184876,2463.4011018889446
cell_87047,20192.425134351735,-4972.325174082673
cell_89736,14199.331038486476,-4123.384858180793
cell_80063,20157.86699766554,-4643.296980923105
cell_90041,28917.517179302748,-5790.446507085457
cell_87587,37492.08595918778,-633.8919079865533
cell_78448,-9736.507601483636,4730.836947856907
cell_84514,17143.016532051144,-4539.250427517423
cell_84289,19219.6722923389,-4925.89981671347
cell_78056,20989.85397707719,-6199.713480213432
cell_62828,-10664.883830550067,-3725.0113531545035
cell_90166,-8491.322440732649,3382.708986867159
cell_89707,-10166.0520095611,4171.128830154054
cell_79646,22933.66008724764,-7170.839157036863
cell_88046,-12612.186075471578,5050.166880490617
cell_88449,-9293.48442950515,5539.4953848341165
cell_77674,-11072.255040113403,3232.494156169799
cell_87640,-4704.790696292561,1306.747835580202
cell_86170,-9791.172422215102,5234.493357823081
cell_79128,-9806.959705421437,2584.4247060877483
cell_81020,3178.2141644269486,-365.55641965472347
cell_86790,-3492.835975476896,1909.0098615699108
cell_89393,1919.5000387844134,191.73042061238004
cell_90221,19146.785805366475,-4136.707648466912
cell_81312,-3189.2022894596707,2469.8939616886596
cell_80081,-5034.274324645921,2930.0461597882586
cell_80075,-10579.989649210678,2785.4246314103284
cell_78640,-10449.407219116312,5707.536426129912
cell_79961,-76.19638883145397,4276.115997205031
cell_84815,18451.223440789752,-4674.409625739667
cell_80717,-9883.23164655354,3987.289423338189
cell_77475,6848.661448031375,-2005.4246675408247
cell_62942,-873.4586953396478,-2309.9805741927275
cell_63037,3847.508463384518,-2760.1168315886334
cell_86607,8091.800098961777,-2318.3782857034694
cell_77931,15521.093157842977,-4164.894982427719
cell_62915,-9710.999843309077,-3362.411336616231
cell_84679,-4731.68310496189,1345.865927652281
cell_82613,-9865.796481509195,3881.8684934369185
cell_81878,-9052.143545777684,3772.0707848967822
cell_81170,23834.127519531536,-7333.691185079543
cell_90970,-6206.1423455189015,3614.1327718628163
cell_78617,7267.220244678861,-2179.08951824863
cell_61892,-8517.277538835102,-3487.166749439247
cell_78540,-5191.863897286454,3017.7321777058096
cell_78781,-8355.324702882168,4717.113753439782
cell_83453,686.9812968384025,-415.72336017983173
cell_80557,35958.98327202271,-1994.936712204789
cell_78275,16017.57007230719,-4961.552367042001
cell_80311,-5466.425216322049,2816.411567763954
cell_62927,-9731.773039871548,-2631.3653663703303
cell_78444,17975.772280349735,-5458.503726888337
cell_85446,23759.26799339182,-7145.452327557064
cell_85349,13019.844317310904,-3641.6490999791286
cell_77537,-10821.006674783084,4438.973734017166
cell_84004,735.6566055233001,-257.03297494588423
cell_89851,16906.95826638891,-4632.056081500107
cell_90618,15301.929781975487,-5503.741454133576
cell_79175,19114.37485419469,-4898.576724430802
cell_90856,-7279.563946255965,2500.4623045749076
cell_79021,-12109.563434370553,5560.7865917304425
cell_61794,-8757.512760418309,-3402.3930297365728
cell_82345,-11509.666815741411,3260.6291162696475
cell_80379,-5429.261087941093,4189.449953809046
cell_89047,-11994.034002628123,5598.470246413998
cell_89814,125.29338044523145,756.3997644651928
cell_80079,10737.274971604451,-3028.472724558629
cell_86523,12786.470813217116,-3429.9847625487682
cell_86128,-10123.7654758862,6526.8306499322825
cell_82723,-318.2325705199929,4225.963731167955
cell_86585,-16.43766659460028,502.4997124628111
cell_62268,-4335.732855762426,-893.2271577400613
cell_90033,-5056.513274978714,3018.279890901326
cell_85840,22851.554675087147,-6441.54956696432
cell_85563,15234.199561130737,-4029.671800845101
cell_61884,-10596.597634607322,-3514.753420692407
cell_89944,148.77149949134477,-367.17631088298185
cell_78655,20633.989428639874,-6350.769619839752
cell_82317,16394.011158929294,-3991.3098057711
cell_85049,-315.7004577588446,561.3598062211552
cell_81085,31067.713705608654,-5164.674686105422
cell_62086,-1876.7350112227712,-2077.2853987747453
cell_63186,-10705.81466470416,-2735.217953695812
cell_81782,19340.604537781088,-5869.361991772364
cell_87877,-8033.625532670834,4150.290169991034
cell_88154,9700.610563265116,-2950.5978997649745
cell_82947,-9764.781449078804,4114.016466980178
cell_83193,-10111.178640014363,5680.984746671026
cell_86475,-9736.391730120076,3483.3782796098885
cell_85561,19245.8571773569,-6765.925770945487
cell_86444,-1003.0085491115773,2068.9007438879908
cell_82679,435.0335167137927,12.354146017808812
cell_83054,31563.917187638144,-5040.8123782647435
cell_62238,-2045.8362929039881,-2402.377913140098
cell_86069,18799.20425369847,-5710.383526715675
cell_78288,24322.097425392436,-6485.18104100347
cell_85792,-6903.0631615834,4689.963677024106
cell_86044,1876.819179715341,-1528.2684714357451
cell_79571,28157.3141725814,-9018.237757753874
cell_87372,-3071.7676163575707,2858.183262578992
cell_62557,-5061.119157018197,-3077.0663986630366
cell_81718,-10329.547419140868,6067.47577873182
cell_91046,-8072.874561965859,3609.833117587991
cell_84320,-8857.921917304862,4140.471832667219
cell_88359,14622.250717281202,-3684.3693748972755
cell_80316,14571.154767296544,-4207.186855064274
cell_90825,-11200.30806427817,4703.15908954871
cell_81771,18451.110644739405,-4244.577870593449
cell_86191,-1816.902291014773,1500.2335319507356
cell_87731,16887.54027880849,-6010.401527069393
cell_81043,-12350.414403221883,5044.979693510739
cell_90316,-4968.307803837269,2050.9441274599335
cell_87543,20077.042784231915,-6028.969204256794
cell_77462,-9670.022689286272,3864.5321147177574
cell_80790,15612.756114920448,-6399.911939303297
cell_89622,-6611.2019805036925,2635.614003106001
cell_85989,-10626.734061311723,5327.120421133368
cell_81519,-9937.033370460302,6671.238727352996
cell_86928,-3153.505162507444,1346.4711378913432
cell_89371,9000.325933155698,-2573.2577004346535
cell_84545,-7103.253760886732,1092.4459266991805
cell_84979,13044.994827313329,-3606.8175505925924
cell_88311,25899.687052139372,-6370.117987654653
cell_62473,-10019.704995563055,-2383.7348055783955
cell_78197,-10911.961367217127,5585.399786977565
cell_83223,-1630.0322845961614,3129.0350494537433
cell_79218,-9516.433754576885,5305.790701900873
cell_90665,15878.177557899273,-4306.531283976
cell_90814,-8423.101582003856,4558.356321695534
cell_82161,-4801.12417203397,2555.4757932087427
cell_62630,-6423.413732663,-2939.4266815096084
cell_88734,28760.044714247408,-6178.373760842009
cell_77579,922.4358010548754,357.5732664651097
cell_78382,-2360.415288073844,1616.5457059016367
cell_89998,-6523.36113962406,3544.734474207162
cell_62300,-7332.399410505996,-3306.764556191348
cell_87168,-3554.1020113882087,2650.4320446320603
cell_79422,19093.000722626468,-4810.221791673153
cell_87220,18208.206874505053,-4291.500259204455
cell_89744,-11005.281673771551,5716.88929423017
cell_86670,-374.0776445878996,2921.5694741573398
cell_80019,-7057.326315289258,3779.5114719293256
cell_88916,2012.4434369791752,-1594.4692950783062
cell_89504,17465.967564275725,-4823.587543973949
cell_83854,-9801.514895715209,4046.8392959129983
cell_62437,-5851.999096843731,-2557.659073007878
cell_62400,-10443.539849246796,-2993.992519516883
cell_77892,2180.238793655724,34.5110924860592
cell_90234,-3822.2898416778676,2950.4511092314706
cell_82733,16779.075102431576,-4690.4591418361815
cell_83153,-9924.471393567661,5790.171958544175
cell_80238,29199.889364023893,-6920.028944274516
cell_90635,-5523.737286323412,3514.932797186913
cell_80659,27715.430669672583,-7538.40984769248
cell_83008,13405.535517018394,-3346.566904269571
cell_61875,-5291.549505359317,-3059.456066905057
cell_77648,4582.729388339302,-580.0060496705333
cell_79824,-12572.860339906398,5318.392539668577
cell_82963,-10852.43331948689,6161.302064132744
cell_80839,-10984.470886327288,4273.887388408715
cell_80274,-7154.943668999289,2475.782547416584
cell_89467,19916.47578966082,-4290.729361185352
cell_82576,-9713.60083418457,3414.083779978436
cell_79675,-12106.413703666594,3802.9101797239673
cell_83267,27604.001474371773,-8252.379938434406
cell_78104,-2028.2452187922506,2411.957533910352
cell_89968,-9932.864681226656,2638.264785937011
cell_77890,-12247.05193376772,5508.95859405806
cell_85511,17382.181555693533,-4293.351950773847
cell_78950,17813.735953050866,-5050.071436394323
cell_83122,-6107.273221010981,4060.249111437327
cell_78565,14228.589328691374,-4048.200318248234
cell_77831,-8593.046495814164,955.277148543966
cell_81746,-6517.926597782751,3391.025707329935
cell_78040,-1738.6867300797826,1366.3096342733083
cell_78669,14650.826201497863,-4149.399804060976
cell_80415,6930.792346842437,-2130.1652654275026
cell_87891,-9000.684040263804,3694.5886304458277
cell_90140,-5049.547125341327,2372.6588137933636
cell_84420,-5560.298648849087,2330.3562587631636
cell_87639,-10636.700886859155,4986.464338688409
cell_86372,-9775.483613159655,2895.8273434429093
cell_62721,-10362.865362884064,-2696.944419173268
cell_77430,23863.960042532974,-7484.3750751277685
cell_82063,17550.947956491353,-4463.32620802978
cell_85175,-7373.859826726932,4691.563091654648
cell_78528,26224.48541983303,-8096.172293966714
cell_79810,-10198.829087099679,6084.527223725318
cell_62208,4425.562768961926,-2834.464905595487
cell_84548,14976.864104829567,-3787.35870844302
cell_79061,19277.553207963272,-6782.076788768348
cell_61996,-3835.6755381872513,-2632.340659804753
cell_63014,-3944.9518051604173,-2516.5820907645966
cell_85217,4656.868657075438,-1854.4083997380067
cell_79520,-11220.075234950653,4140.320161085115
cell_89295,-4628.154644641194,2023.1970471670356
cell_80894,-9891.572627910558,5267.584717564054
cell_90223,-10244.814645728393,4919.835224976816
cell_83679,-12391.668139596715,4730.338127157057
cell_87695,-11938.530312505285,3867.683982715554
cell_77539,-12229.083296793126,4759.466707669088
cell_84894,-10214.287803155903,4766.241520822375
cell_80382,12013.092587802588,-3103.929432567417
cell_84059,-8286.477296267469,2440.698624792617
cell_78723,-9461.3886684354,1994.3361568874006
cell_89203,-3849.6538119313445,2679.223637384873
cell_86464,-11245.870533375364,4908.594734390788
cell_90065,-8550.054715989741,3907.797677392059
cell_81592,-2021.944176535286,1266.2615554307865
cell_81711,-11067.225483600736,5993.367553619972
cell_78087,-11654.167207560646,4258.012296240018
cell_88352,6065.039942011136,-1569.8249874037836
cell_80452,-4452.383942884574,2378.790512749793
cell_86877,-12090.958779693627,5351.623412964958
cell_90274,2671.9202166092846,-997.7449117170486
cell_83911,-10606.369618032708,5811.821756568133
cell_62634,-11255.325345168922,-3026.0703825794185
cell_87824,16558.555877086146,-6756.033074276874
cell_85505,-10974.182485322744,5131.238347422224
cell_88686,-3437.976600733596,2136.4373682225932
cell_86200,474.85359395253647,1078.4934408177403
cell_86922,-4079.6988722504916,2233.102964596057
cell_89423,-10839.946180502615,5757.756929100616
cell_78351,9696.482022677483,-3259.0101314789317
cell_82808,-11643.505197846354,4791.171438491541
cell_87753,23163.053768257567,-6995.175560473274
cell_85413,-7414.149621134005,3541.382595015594
cell_63004,27604.826197648385,-5996.931290436582
cell_79113,-6586.0458197160815,2228.0962211722203
cell_83677,-8256.499012376618,3093.0720372157543
cell_80689,26227.63129757157,-6223.006071130207
cell_87551,-6485.224004987737,3588.1415711015998
cell_90980,10075.427129474194,-2823.5230635576495
cell_87232,-1464.8431747434233,1482.6290927584569
cell_81695,14920.429397182386,-3794.7975978390186
cell_78924,-4531.086051205414,2675.635719028963
cell_80948,-10107.707297736459,3526.1377245910085
cell_62402,-7692.967660571878,-2842.4290592005177
cell_80730,-8511.244451806779,2994.646112283043
cell_77772,-5191.809694816392,2240.0989004683556
cell_89607,-3764.1388296409896,1394.786201009069
cell_80780,-10191.250684812001,4214.1899529625325
cell_83293,7628.360100613126,-2712.0964137832643
cell_62705,-1074.1865664503837,-2538.0712870065754
cell_77591,17556.26492472021,-5057.728553876228
cell_84319,2808.825694400789,371.6565621731351
cell_88704,292.99783098468805,789.9125237775155
cell_86051,11987.661766267227,-3560.5524117065916
cell_86184,-7460.560471198892,3592.3115387386765
cell_61841,31595.658433968427,-5096.037092799544
cell_63040,-4272.525915025229,-978.4611519222003
cell_82402,-10171.347871447932,5991.639697509185
cell_79067,28129.759865613836,-9432.666236749314
cell_86328,-12177.783824837741,5391.85003676113
cell_62621,-9096.372135620471,-3582.4234678547273
cell_79594,4618.021198195322,-972.8257775295083
cell_79530,-12603.561419629339,4792.146831228362
cell_81259,20891.17135791117,-6712.673803726921
cell_77508,-11369.078259451411,4762.020969795592
cell_90862,16223.81217995373,-4253.747516126955
cell_87098,-12371.829761904864,3954.2625890436593
cell_86150,15612.915489958406,-4042.0945649086602
cell_88142,19189.623115820363,-6928.179216250697
cell_78699,-11722.428929402318,4763.4718200274665
cell_86759,-7606.911079214278,3523.962490617433
cell_79162,2713.585126653273,-790.0829463078984
cell_89471,-944.9106722296979,3435.7787981217148
cell_82384,-10090.091365065822,5897.62950125859
cell_82454,-10178.311830862003,6503.718043947476
cell_82649,13124.582651553921,-3523.416402332881
cell_82224,10596.710976174361,-2876.7236144717144
cell_78782,-5084.60207687271,3355.852008139997
cell_84346,-10440.193877204281,4157.003564407082
cell_85916,-11360.075939779796,5160.233414537428
cell_81391,29680.77411827325,-5615.227837100316
cell_82171,-10549.691124312196,3523.320049312462
cell_81282,-11331.109757109727,3528.841001495658
cell_82316,-12012.4024852001,3671.7347284024445
cell_79764,-11559.451207826658,3724.267683490103
cell_82055,16509.549519305703,-5370.144322665958
cell_88894,-9947.970506911131,4613.63800221267
cell_83125,8189.7209182661045,-2400.2965283808603
cell_86913,-1569.867311470912,1434.329086900038
cell_78830,-1139.0159293523323,907.173071215326
cell_77250,-4792.779565949213,3347.643643478164
cell_77369,13686.086053754105,-4050.2125276606484
cell_84831,3215.365464695022,-689.7713491208974
cell_81829,-4743.456214537988,2984.905862097217
cell_82592,9771.159276080274,-2829.1856510026514
cell_78482,-1512.120017678206,101.91239706304258
cell_80205,-10895.293223788733,4087.5397449758125
cell_78836,19451.367943272955,-5398.072769488415
cell_61876,-11357.453874727358,-2571.73317577079
cell_83559,-2545.964161320509,1995.9517531687982
cell_62156,-7575.238602357846,-3178.885080070473
cell_88070,33905.27635757537,-3732.6746215337503
cell_90461,-5588.5369315053995,2782.87957526226
cell_87890,11335.447550777913,-3365.1004796385396
cell_77514,-9044.644292918527,4198.971655150997
cell_87490,-4894.278490132577,2775.014235540498
cell_89031,-11838.141130719843,3370.6454110420273
cell_62753,-10248.425273193288,-3092.396352194198
cell_88847,-8107.213518249603,4255.210008485686
cell_77445,-10229.432115204274,5739.212285840426
cell_86959,21291.252881276454,-6154.4213667670965
cell_89888,-10545.042152536764,4670.508427281976
cell_89595,-3133.384574004086,2070.751656385483
cell_88862,-6658.735518183383,3151.285656353719
cell_61908,-1110.1904898731407,2539.695862767902
cell_62303,-9158.66485630015,-2933.746871692583
cell_82925,-11174.313826687121,3598.4505844327964
cell_82120,-4714.19348096526,2756.024985790572
cell_80856,-7333.342019022755,3238.693535549331
cell_86376,23292.273573359165,-6890.190343849535
cell_82689,18877.652646561222,-4798.851346662928
cell_82834,-6811.665313305302,3913.2728998235007
cell_88505,32229.638766533648,-4639.2649603463815
cell_63076,-7449.927878448238,-2753.891100082199
cell_78976,6176.569645926494,-1777.0558163684605
cell_88435,7949.516311686906,-2390.225750781729
cell_90692,23199.920924751805,-7465.135420031123
cell_78123,-9937.47409005204,3711.1491581464807
cell_81393,19209.507339650358,-4863.148323292455
cell_84807,16535.45498136479,-4996.111938228036
cell_81728,-11987.865292206101,5961.931217358012
cell_90098,-12350.294400398996,5690.711130445108
cell_80496,-9337.521682488057,6018.2920645316035
cell_86997,12613.799346207661,-3182.9966984190123
cell_87632,13306.54336527155,-3702.5540896682664
cell_86306,-8179.917268526579,4066.4557217126694
cell_89249,-1429.510074163496,1098.5634781737529
cell_82082,-9555.484113509858,5344.667243176121
cell_88888,2199.6067940962107,-538.3164910854304
cell_78216,-9652.175832703746,3331.9867444081183
cell_88018,-12260.425999330198,5771.862156542596
cell_83002,-11477.716010475147,3501.8374793484586
cell_88448,-9774.332658894677,6126.662469504046
cell_63089,-10316.33814451781,-3117.439136012077
cell_61840,14437.279236171458,-4636.209842458699
cell_62855,8518.301383930078,-3535.6171422636644
cell_88179,11725.302883208871,-3324.2245203175935
cell_90580,1610.1491303527187,87.0569481683798
cell_77520,-11659.268862641899,5557.519742585738
cell_86908,-9969.051614118422,4846.222804837649
cell_86125,-815.7346307223887,1112.7632378766803
cell_79090,-490.96396170907036,629.1956619764333
cell_80971,-10667.913679523721,5474.078300236482
cell_77528,-533.6746022496721,-714.9592543892112
cell_90169,-8745.41858039028,5460.262460928594
cell_84354,-8235.821566531207,3818.3780388782316
cell_89323,-1454.091364601398,2808.502240498064
cell_77976,14.2300970103053,427.3641016720816
cell_79686,7422.5533932339495,-1961.2510624150195
cell_80719,-5803.692686140364,2533.18996376021
cell_81791,-7417.387914596997,1737.472921838096
cell_62133,-10835.320946965863,-3712.6166918484864
cell_82022,7866.560155494995,-2696.1306105837352
cell_85940,-10296.821594730394,4574.165425873694
cell_89834,-9544.636053573215,6250.701911319721
cell_86020,24343.019329111557,-7345.89184920092
cell_78955,1198.2314178507672,121.82371262899736
cell_77572,17973.55448544214,-5354.275641087651
cell_83478,19443.028444223317,-4097.51405666339
cell_80609,21327.802236860934,-6160.8110454995
cell_83879,-3774.6314941979367,2654.4444785449914
cell_78363,-1631.0372434043486,1351.49754368439
cell_79989,33791.30307327041,-4144.398952625937
cell_85128,20152.70081046373,-5492.948187741834
cell_86148,29286.602003128486,-5685.917108135512
cell_80229,-10786.993469654213,4681.019887883793
cell_82355,-328.2472461343496,3797.501212299508
cell_83818,19662.505279138077,-6049.32666764231
cell_78462,7343.107193425294,-2380.0790744165
cell_88485,30757.73363631168,-5250.769777091775
cell_79171,-3658.7050277099515,2117.3267005231637
cell_81902,18701.707882361476,-4583.268126918635
cell_89906,-11975.896699205972,4499.11885960534
cell_61829,17754.253378732617,-5195.5906223369475
cell_78330,19611.07730226414,-6398.594840039416
cell_62414,17924.240438447978,-5780.805943582584
cell_79765,-4063.139271021484,1956.0935989554803
cell_84523,37578.91099592164,-542.6383724835879
cell_79100,16673.537393768092,-4521.331139430679
cell_85538,-9062.98443538427,5949.613041382234
cell_62560,-8036.178693446131,-3311.913060145055
cell_80366,-11445.14796670951,4229.851832570972
cell_62978,15078.850590598877,-4587.072664126673
cell_78384,-9264.603081306399,6156.32097161042
cell_81533,3946.0512498029248,-1209.798225710802
cell_86242,16082.550657293763,-4515.1627875939585
cell_79720,1933.5687654281558,-679.6094141398038
cell_77380,-9936.16068286342,6321.154672839037
cell_90841,-12411.859932114296,4034.0829172760155
cell_82647,18426.2726529568,-6673.359432494222
cell_84797,676.2482556640952,692.976259503535
cell_62755,-8623.269836561578,-3027.0763163373013
cell_79026,-7956.335073588714,1911.8090232138986
cell_77665,-10885.935537734289,3310.611822022832
cell_80878,28732.81559961014,-9718.093752705661
cell_80322,-12429.543470258468,5333.931262401365
cell_79752,-7088.45731667991,3616.6255359131856
cell_80355,23836.30712983923,-7015.734169146298
cell_78281,14144.201588240167,-3891.772707362864
cell_82766,-10117.209514028098,3881.8388027174924
cell_90084,19174.711417344854,-3922.354663237008
cell_88408,-12505.383031065498,4689.400031256494
cell_84612,-5656.788308143249,3222.1194891841546
cell_89588,10700.86746459346,-4495.020892317686
cell_81986,10354.83397550725,-2922.668091717056
cell_77542,-10135.384253627653,5088.8436238822605
cell_85630,-2163.9688385201002,1417.4381986527999
cell_62988,19615.977621516628,-5494.5982516455715
cell_62216,6707.733361297496,-3259.133122890396
cell_86807,-8323.236704393907,3613.27925874585
cell_77887,-8969.385097292276,4437.999639195468
cell_88336,-6797.411787794237,3297.005801661345
cell_79894,18511.1059854935,-6649.399605981229
cell_84041,-9882.416091436284,6514.2520312029865
cell_77900,-1866.6221285042147,1934.3379183218078
cell_88339,-7657.017730838721,5155.694608609
cell_79532,7806.78740110569,-2474.1800750578814
cell_79141,17958.028820989148,-5299.128920574491
cell_78248,31296.55709666418,-5210.603929710755
cell_85412,-7154.759446712823,3131.154399199851
cell_90965,20875.368387041635,-7115.275957567925
cell_85507,-11928.116729049212,4088.130011821995
cell_81071,-7227.908894171118,2732.4633697588724
cell_89282,-4488.862758761072,2204.2907897227165
cell_82624,-10042.240712494175,5316.6303875832655
cell_84597,-9257.36631546682,5877.137981526472
cell_89121,-7500.376158641654,3390.2313295355348
cell_89286,67.47838934801975,691.8399890345563
cell_79921,11545.316306045072,-3381.860307722713
cell_84685,-11637.814717299798,5687.04692837485
cell_77645,26371.69102036154,-8253.780012257826
cell_84861,-10566.465425096127,4550.371997858581
cell_87052,-4872.288434615066,2840.624326784874
cell_81962,16425.113324435562,-4606.278598079004
cell_61921,-11258.011788360649,-1870.9653113407544
cell_77951,34202.57891949351,-3350.5117952463197
cell_88884,-2118.5438039824385,1662.5648897544147
cell_86033,8273.83583168372,-2734.0462753078027
cell_88418,18385.833444011638,-4728.962954707302
cell_87973,-10390.055794385951,6206.00699879889
cell_81247,-12696.35971307263,4296.726059312155
cell_87657,-10121.215103879957,4011.47758055214
cell_62780,15258.314616742831,-4826.747112310699
cell_83083,13567.300099037926,-4021.0171656831812
cell_88542,-3665.3753863991788,2230.0665549834066
cell_81395,19906.110996060503,-5888.339127122029
cell_82726,-8353.363851103542,3703.2332799962437
cell_77876,-2776.415389040056,1293.6177802412928
cell_87053,-3720.7222385758555,2540.746346060941
cell_85252,-8917.228788441336,5001.798892905635
cell_62110,-10442.541203720939,-3176.6578698101944
cell_90190,12938.981251651894,-4412.663409592184
cell_79780,7076.337866297135,-2113.474567631715
cell_90905,-10499.367544500179,4825.088209192076
cell_77753,-10410.924993506722,4616.300576689462
cell_62099,17385.06842133758,-5097.928713868405
cell_84987,-7083.954634957993,3219.4154508612846
cell_81179,-9821.138670224742,6735.46885067477
cell_63189,-9617.311690573815,-2675.7190604269354
cell_86084,-10116.240158448372,5036.587650177243
cell_90752,-3570.0482242090366,2268.654691859936
cell_79169,-12421.638633527074,4906.5753977143895
cell_62404,14886.743570977857,-4687.051729740376
cell_83201,-5099.403482794808,2841.4886783079796
cell_62385,-11108.880272749255,-3321.2714723106315
cell_81527,-10285.296180150444,4692.448310237719
cell_84356,-5066.890922032697,3254.4440083028076
cell_82694,-11261.551332776906,5672.400114996069
cell_87424,-3019.1039460649017,2106.7685250378368
cell_87283,-2888.9715460551597,2226.628916766716
cell_83273,36245.07421712325,-1988.9783071330105
cell_80058,-2530.4422711719126,1224.4818728413466
cell_87444,19885.53467024998,-6957.192460381889
cell_80701,16788.117300854097,-4335.622264419813
cell_78741,-6633.271014531549,3951.280626735577
cell_78667,-12210.456549410399,2919.1911757068583
cell_84173,19082.974447722852,-6333.953668917313
cell_86948,387.1240087944135,1596.2280447326252
cell_89627,-4926.016735438052,3022.6204268671277
cell_82452,27835.757228723203,-5795.761407507586
cell_82527,-9925.196212801085,4143.603615006328
cell_81704,30472.709298075653,-5111.1857325067085
cell_82756,15984.760413651251,-4132.909911317719
cell_84890,4945.801820713478,-1306.377349579102
cell_78430,34569.093181600736,-3185.9858860902896
cell_83934,-6646.246615623449,4449.412568258642
cell_83655,-10787.495630832143,5380.97819942563
cell_83905,-10982.084620143172,6212.200276890759
cell_78034,19489.93647842212,-6470.427900979692
cell_83531,-2422.564340780234,1093.772564304127
cell_82284,11340.43287673095,-3529.6990637544986
cell_84269,24151.12012587152,-7355.727597732463
cell_81023,15889.233075175713,-4102.302931530768
cell_88145,13352.809968547614,-3833.9142587425313
cell_63210,-10838.70713480537,-3430.521336263879
cell_79452,-12292.327992231569,3746.8979290672773
cell_86597,-6699.5490571745595,4077.15942638724
cell_83836,-6188.028880709481,3980.332818513806
cell_86710,-3839.1887142568976,1451.1427887621248
cell_85265,-10026.224451099575,5361.3028212506215
cell_82465,21407.61966504885,-7248.2096339837635
cell_86217,-11651.191013196538,5762.460639768552
cell_81852,-10054.405032817971,6716.22377858624
cell_89908,35030.073768909926,-2799.8852788409563
cell_81964,28213.558797460915,-5759.2024023724725
cell_87374,32147.557208884515,-4904.2033399707625
cell_77559,-11619.226228998745,3873.406824199229
cell_88665,-10570.646059608489,3333.1031389214936
cell_78023,-10513.246822286543,6238.209415261695
cell_82523,34468.57564391169,-3375.3626389193737
cell_86227,19901.07610086277,-4709.945967271949
cell_81740,-9397.547398405552,2477.1521926391106
cell_89253,19200.02560265774,-4309.817287571926
cell_84652,-10507.086161889656,5205.708517048861
cell_80720,-5494.6958795073915,1520.5839149078422
cell_62202,-5125.502176470685,-2407.8749794111577
cell_61902,-10878.823180590472,-3760.259881089558
cell_88426,-5679.108676330761,2176.4937253604735
cell_84009,12170.879500061701,-3176.142022660362
cell_84780,18750.054307497212,-5740.021307493931
cell_89294,147.7018621721451,4488.669609595507
cell_89796,17899.812061696543,-4086.8058483920113
cell_79868,24236.46110123246,-7003.036523025845
cell_83324,-328.3586040634358,3327.6612108679888
cell_62234,-10784.418784780662,-3395.509651396828
cell_86584,-9073.120090749737,4016.021721826601
cell_89564,19472.374146601756,-6230.515056929063
cell_85498,-10500.821316793521,2995.2542348722473
cell_88716,-12659.584750000793,4541.893620164297
cell_89340,-7647.432414063604,3259.0803222237105
cell_84845,-11622.055929412632,5162.312274850156
cell_87225,16008.342863628946,-4190.78729492454
cell_89313,-3714.714114271194,2153.0205129905776
cell_81162,21816.47230233242,-6360.0459569220175
cell_80208,-9998.66465855978,4772.427931407467
cell_86796,-11353.647862627451,3170.499301287552
cell_88450,9724.250087963886,-2841.560581117612
cell_83984,-7644.697545522632,1109.4088767435385
cell_88975,-749.9078084376682,1588.094637977622
cell_86870,15084.370520889142,-4491.106270864239
cell_87849,-12123.519095703783,5664.575974994708
cell_84305,16206.756129177285,-4215.494899995849
cell_90683,-11762.588113712029,5981.677629574102
cell_77845,18991.22866133519,-5429.20047458698
cell_78412,-10297.22323005274,4949.9298448846375
cell_82170,14058.741173469372,-4614.859930318681
cell_89229,-4595.416813929519,1685.226772930576
cell_85478,-851.0374921391501,2732.7994697102617
cell_90452,-8727.852603485107,5582.829095387988
cell_78464,30814.55450663468,-5299.885258422764
cell_61821,25789.800924639218,-6243.54875259326
cell_84329,-10046.602621847203,4468.396796565761
cell_82184,-11196.696294077261,3463.0314903229832
cell_82425,18420.34271393344,-6610.183780689176
cell_78911,-3753.638171402445,2213.33990451234
cell_82128,-1800.883266504399,808.0935364196788
cell_90506,-1336.708478581743,1521.2261134816765
cell_79044,13103.657640742165,-3329.9920400296087
cell_82672,1180.990948999675,-66.95991520551995
cell_62405,16369.070137341441,-5057.623252460885
cell_85526,-5527.309800696487,3121.41629001997
cell_83009,-9668.911347553247,4793.423193916037
cell_90046,31244.231254221846,-5126.044627992758
cell_77385,15762.064247045457,-4368.482411335815
cell_77942,-8073.812147516527,4767.284181911543
cell_89017,-9218.706190954485,4702.384438044695
cell_62134,-10335.325384969114,-2755.1192671463814
cell_61905,15874.461238693968,-4893.242192097728
cell_86973,-8918.157186459704,5677.793218279084
cell_80354,10712.560953571363,-3128.5419748185145
cell_89979,1694.5612544950166,-1302.2387820144093
cell_82328,-2231.741635384614,682.1099465284547
cell_90609,17520.840905317313,-4953.030733506493
cell_90745,31731.42563980926,-4970.628009776327
cell_78774,-11386.371622562066,6081.293235427673
cell_78818,28204.8857213937,-9481.96841514312
cell_82404,-385.6323596670285,-646.003405674965
cell_82636,18327.12099445842,-6698.726953781848
cell_87252,27210.23806450209,-7849.65439547442
cell_82652,-9351.335111687833,5690.756946567372
cell_83967,17772.117550648774,-6880.762057941508
cell_87968,1165.4644437355819,-113.97904897568083
cell_87403,6154.253534112591,-1708.2463688749122
cell_80384,-10006.905484723973,5998.933607495427
cell_87303,-7405.683892429053,3287.59100014218
cell_89920,17081.809252847866,-4519.077199800678
cell_80367,-9692.747363715842,4250.540040871068
cell_80380,-7901.521457967409,3128.306488045207
cell_82564,-5391.403055635122,3118.185002885935
cell_88130,-7837.806682476026,3962.2297529713182
cell_86869,21624.556140769888,-6067.7001437430245
cell_86873,-259.11275622548095,630.6962964199095
cell_82880,-10032.621449321632,4573.610435703455
cell_83487,-10424.165776154596,5640.893523133154
cell_90922,-4659.8333715509825,2392.8193623840634
cell_88245,32766.458502314064,-4620.387653064137
cell_84292,-4229.039093559446,3071.1012313201823
cell_79954,27242.027331286376,-8750.511808242194
cell_84273,-5201.590319825178,3162.226797983161
cell_77284,33522.47522247805,-4105.277642994486
cell_79229,-11487.800088494487,3277.406205217846
cell_86346,-5548.4645880551225,2376.650344630372
cell_82787,19346.128762084627,-4164.49403155873
cell_80946,-11488.417470206668,4207.809095044457
cell_85388,-872.4411274567806,2074.4610564174222
cell_78522,-10150.840180622747,6461.642895593852
cell_87510,-3020.585392533975,2993.0901773785868
cell_83393,-11520.8099096123,5627.237351515528
cell_61801,-5522.287800073155,-3036.6124089087984
cell_84049,-10399.084468263221,6341.551169457193
cell_80121,33948.115491009376,-3521.3634292177544
cell_77348,-2883.534043551799,1056.786448386462
cell_88133,19475.24575942856,-4608.816122910471
cell_79433,-11907.1236665601,3464.4379150010936
cell_90839,-11805.297472227885,4550.0688903074215
cell_87961,-10013.646739377691,6596.238855400795
cell_62569,1227.5368735254249,-2567.854999720394
cell_90767,-9939.227161943565,4383.684973307259
cell_85614,-8774.091331947602,5298.2708863593625
cell_83947,-11522.087660068915,3380.0993446841408
cell_80556,-4896.076152836433,2239.602722532489
cell_89931,21628.03276825429,-7668.12398551997
cell_82504,12761.148382873844,-3331.0943435413988
cell_62588,11777.331765092264,-4080.5954309290855
cell_85376,18945.530729875103,-5080.796177194441
cell_89060,-3831.2449701013275,3077.764025971328
cell_78162,16611.95125817092,-4351.318296405004
cell_88286,-5445.458294192508,2592.4759403802605
cell_62783,-10563.447921528119,-3619.416543247486
cell_78717,16835.094489760628,-4125.626240913192
cell_87487,11492.891336840741,-3175.4969339822496
cell_62330,12329.533355304127,-4252.666449040971
cell_87094,14419.131421999193,-4391.429354880789
cell_90226,15854.383748262318,-4060.4540426435074
cell_86439,16186.425735281196,-4630.1079710440745
cell_79666,-12601.85444872553,5011.630664744625
cell_89205,17152.271394002335,-4368.888664888432
cell_82688,7966.922056997086,-2285.299509858125
cell_63091,-5974.747791764826,-1424.118625913528
cell_86639,-9909.54265132633,6100.771354667705
cell_84965,9663.771604347072,-2910.7666962514086
cell_80437,-8875.902441290134,2320.828767145844
cell_80813,-11612.06307380507,4902.670462216122
cell_87398,-12799.703948759687,4303.247548397835
cell_90584,-3339.096760942836,1734.0157840094782
cell_88666,8155.990949111003,-3389.283483044588
cell_86268,-8997.185603942185,5090.102256863336
cell_89845,16796.322929061433,-4534.075562834409
cell_81565,-10446.867086869883,5546.783853163002
cell_81344,-4078.307307641569,1341.2597392858463
cell_88972,20251.945630908438,-6139.321142027316
cell_81372,-5801.7475624761055,3178.5038101109344
cell_83176,-3420.2645911302766,1934.7621166134124
cell_62093,10934.777202490359,-3625.945245462831
cell_83327,18594.09044545718,-4832.10716564933
cell_84199,14031.838795699876,-4650.180574151283
cell_85118,-6049.090582665209,3255.2192898788317
cell_63003,-10981.458283306754,-3498.760700382048
cell_84775,-9815.766449626313,3221.8476410918424
cell_90992,-10621.986503543321,5216.716027341856
cell_80023,-9951.210702828397,5580.184036774031
cell_85239,-12380.271724398379,5191.017581256945
cell_82093,-1048.190156644557,785.9290852229421
cell_90196,-7545.882186198231,1462.2134156874565
cell_80671,25311.015268879804,-6334.440958895664
cell_90630,32099.16573692481,-4815.684510473814
cell_86462,-109.06616867350118,733.2823802894441
cell_79187,-9126.944445513223,5561.835434267403
cell_77291,17259.227617078468,-4860.207954485059
cell_81132,2524.7529290553957,-997.1541312193555
cell_87544,-6579.61328201419,3969.2275295717263
cell_87856,-1986.6839614139637,1173.0174869086502
cell_87815,8939.567059559095,-3166.637060212078
cell_62239,23699.938852993528,-7198.995986078854
cell_80845,23223.58948448895,-6795.233318985191
cell_86939,13843.948459814601,-4174.958990615437
cell_77961,-11962.203045940216,3044.9644150866757
cell_80030,-12022.961321196533,4729.4776230343705
cell_85456,18327.33060321474,-4601.305633196874
cell_81221,-8948.850761268934,5207.50480222923
cell_79669,-1993.42701566663,3166.8260559051414
cell_80015,14785.972256792576,-3993.5041458497158
cell_83523,-11881.857155914398,4156.002984588648
cell_84828,-6054.939386541781,3545.4103549420006
cell_82294,-11945.262567541567,4261.260278758629
cell_88695,34249.41800842477,-3787.9251765271383
cell_88964,-10242.774065369664,1750.6887520530754
cell_84390,-10889.973425943512,4470.795326493573
cell_87781,100.91622493690488,1629.3137243337587
cell_78584,-664.9940394126617,511.79670018060386
cell_82572,-8603.698742384084,3854.838770875968
cell_79237,377.77593854652935,1512.8505361995915
cell_84944,-2552.62428770333,1414.0683244635977
cell_63084,-10540.415209612973,-1451.3279616068878
cell_87404,-10724.624210276688,6243.5392834896265
cell_84405,-9290.112021356661,4209.718024752025
cell_85719,17558.469921291242,-5820.867334140158
cell_85320,17797.812719394402,-4610.184090913552
cell_83702,-828.4011779683942,2358.2617899805214
cell_81625,15019.885118871274,-3951.1953840252672
cell_80731,18014.368208518394,-4777.914595146547
cell_84805,-9654.995960928474,2895.8934872989025
cell_77442,-1999.277439802264,1208.0218180661946
cell_81803,13005.328819746057,-3671.901141297409
cell_85706,7988.3917941197815,-2248.021588979091
cell_81511,20318.35392854029,-5444.197153403018
cell_88413,23041.1436378594,-6359.1849050970895
cell_80965,-12304.90608189853,2699.87783508146
cell_62654,-6611.953840527849,-3126.3978143552445
cell_90539,-1448.1846195452606,1208.7237644946208
cell_77249,-4797.050634591513,3051.9228049352537
cell_82879,-11864.63457856397,4688.18370392676
cell_78715,-12140.989732101456,4010.3747119650625
cell_82685,16395.969036140894,-5803.487190525003
cell_77218,336.8319878237895,774.9814864512226
cell_80100,10665.609353938627,-3140.1987883455427
cell_84309,14849.765038229656,-4241.2249133111045
cell_89287,-1867.7642068117443,1191.7228681889649
cell_90708,-8246.793930849408,3901.7893914559836
cell_78811,-11690.436260507655,5097.781547141994
cell_84282,-11297.375230002572,3224.1846176811077
cell_84739,-10534.432215954823,4775.969921259952
cell_63095,-9987.747115153674,-3157.622730009315
cell_88107,-11011.050887460628,4098.618687776807
cell_80540,19554.05836224711,-5524.624281985445
cell_87923,-9505.760653954689,5610.880212105124
cell_83530,-10613.377812136956,3092.0872995422837
cell_79275,-3508.829759598999,1540.7665428065031
cell_63047,25208.540612887264,-6235.796736420291
cell_84387,-10393.560080426154,5055.805629891174
cell_77874,-10536.054193572854,6063.170535585387
cell_87612,10493.384053640195,-2898.5932993136566
cell_80794,-7823.560265403888,3648.300819288753
cell_90598,-12011.011202814841,4263.830889680601
cell_61824,-11146.207505519817,-3531.0386008895807
cell_88482,-4404.6031656697205,3262.654204681984
cell_89545,18221.340191076502,-5317.891034893279
cell_80703,3091.654860514011,-1625.5258038521797
cell_90220,-1475.7477330204101,3067.7530862376634
cell_84513,34852.78707520899,-3072.4820935919743
cell_80511,-5505.420918803802,2783.0244710018665
cell_87913,-11182.757976279838,4315.753560260704
cell_77556,-12278.688467832748,4881.823582629237
cell_62814,-10504.61910613824,-3796.538130155977
cell_85344,-10737.259657610228,5596.759787061639
cell_84186,-3630.979643369199,2643.491931340214
cell_82928,16101.81951476647,-4341.009793169599
cell_88549,16946.402546994304,-4539.62509654182
cell_82156,17115.76047848288,-4392.744635313986
cell_78993,-6231.095816096249,1906.6150793074644
cell_80495,-5748.699422677007,3383.923269355284
cell_62444,-7075.58077451454,-2831.990746471305
cell_78744,20062.786085924476,-4896.668525876637
cell_90549,-5787.3726719491115,2977.8033747295844
cell_84302,-10449.365329692931,5764.787791544829
cell_85429,-2934.5111031926303,2504.399483660538
cell_82724,-10781.97595758937,4258.6225658285275
cell_77233,-12352.436191560226,4707.668038960608
cell_90427,-12162.073514161699,5621.588271647823
cell_81510,-10096.75059387648,4337.102092134253
cell_62833,23592.674342135742,-7620.724603747509
cell_78125,-10358.396133572893,4470.038412528147
cell_85552,-3608.155161886723,2424.792305822462
cell_79281,-10571.160628171205,4151.680735932183
cell_81492,20688.164020212796,-5927.401040799134
cell_90816,-7473.607802143643,3292.731878541615
cell_77610,-5216.177788815155,3372.234408992024
cell_62910,-8808.833716071582,-3145.7377469381468
cell_80069,12532.30714972617,-3497.8682190134605
cell_86463,-2016.3794890445215,-234.63558585929988
cell_80482,-10107.198270744324,5095.001529060664
cell_87249,-9566.080612934054,3529.4121067548663
cell_62463,-3115.374368779345,-2661.6489831825534
cell_86826,16517.095855414165,-4329.012429034059
cell_62618,18424.88861579029,-5463.026108154304
cell_83569,-7991.010238990768,4069.4113223245213
cell_83309,-9961.883778631354,3286.2645375072507
cell_81123,-9991.73374821611,5721.614113345422
cell_81616,-11175.014153933447,5544.560944474888
cell_78233,11661.105105301496,-3248.3205504780185
cell_79086,-10203.002133434607,5784.054367234676
cell_88585,-5666.60231328157,3097.1592197958953
cell_81859,-9624.12738430679,5194.914118835061
cell_79373,-3176.594617869033,2534.2092476428984
cell_89268,-8825.7704408159,5771.7508319058825
cell_82067,-3311.553818187382,2223.32744669334
cell_89078,324.87375221766064,1337.6804683539667
cell_87448,-8946.883506253418,6122.6342733584925
cell_86868,19334.73526353557,-5008.387448603954
cell_82114,23374.63984234455,-6848.520220682629
cell_78870,-10129.405693036,3765.8336815334924
cell_77325,-12458.3478285937,4536.349671855262
cell_80569,-9543.153700950044,1374.9434388425398
cell_80544,-12632.719832372279,4413.530130242095
cell_84903,5319.402231777126,-1283.9625007515492
cell_79300,10767.157137665698,-3253.454604063462
cell_79051,-12199.88709866122,3413.58488277705
cell_77704,22423.96017485249,-6215.813455931863
cell_89847,12983.649396613173,-4379.56503584391
cell_84264,-11268.422504185659,3670.3542104980384
cell_79749,-2824.755978708597,976.1110322751533
cell_88835,-10310.67894187124,5107.256635888293
cell_87420,11600.183144836084,-3689.1411570139016
cell_81235,5425.668687294834,-1310.0782255866309
cell_81853,-9913.165747507317,6472.876050048549
cell_89245,24195.73515407552,-7759.1629809825645
cell_61872,-6932.440333240113,-2901.097005933917
cell_82412,-3241.934392911097,2882.338044881765
cell_81812,-5052.512893037082,2833.0815736749646
cell_84843,-5357.2520550412855,3402.3413495333166
cell_82991,-8062.144879977713,1763.5795085143286
cell_78299,21529.904461350627,-6760.191478608859
cell_81434,21785.500169765415,-6392.420732517017
cell_77740,23278.544098452814,-6955.3664234658745
cell_90478,23605.595889417065,-7051.893712099603
cell_83159,-3153.1711570458797,2706.928262649072
cell_61889,14535.064320467103,-4958.291657920113
cell_86194,20407.72574115188,-5337.32588597051
cell_89057,-1881.7405120437763,2643.33597038173
cell_87646,-3372.7312607524086,1443.986417034826
cell_82932,-9642.498787685776,6073.443109516504
cell_62561,-3030.3914922944336,-1994.3014740472192
cell_79336,-6017.027014719073,3181.460470076177
cell_81630,10367.737734765908,-3310.150823456649
cell_62966,-10506.242723309004,-3490.6076486124316
cell_87648,12612.483524949905,-3711.758633199434
cell_87057,-5034.151310441368,1605.804672374093
cell_77869,-10903.390725657544,5867.280404842616
cell_87834,-12591.364377205411,5387.966939744598
cell_89638,34409.00933040519,-3632.088254868882
cell_80713,-9294.955295081723,5870.560991465869
cell_87015,-9282.12609072089,5963.025897179901
cell_84578,4245.144294489081,-846.650385327909
cell_78529,-1518.0267483611824,1264.9681735053462
cell_81913,-3843.0964722109516,2204.678003543737
cell_80601,-10090.07908002727,5136.98010630403
cell_79837,-1918.7950794049746,1275.7477734504541
cell_78366,-4609.470197920179,2823.50209333716
cell_78215,-10340.107105916662,3889.394538961773
cell_77875,-4319.722330229451,2093.175854045209
cell_63046,12375.248333275918,-4153.361088831939
cell_83000,-10283.825978285966,3407.5227892265375
cell_81860,-10572.1193475983,5841.4578744915425
cell_90367,-10169.614819812417,5590.88489538967
cell_82850,15775.227995392763,-4284.869942871447
cell_78527,-11901.417684525843,4656.080303156102
cell_84609,-9165.970621464112,5064.0875491200095
cell_78961,1132.6489334645605,-401.2089629841449
cell_77558,-12049.600914737619,4763.604142256219
cell_81044,-10412.713678689637,5250.290245447663
cell_78221,-8543.709200514293,2357.0397219607034
cell_87198,-11071.414620595431,3772.256501632734
cell_84937,-7730.877262096723,2772.1997106343774
cell_87498,614.2371308934364,-294.76019080232066
cell_90746,-10371.65796235239,5854.200725853634
cell_89399,-6056.329112399737,2449.736924972656
cell_90363,-9108.736648014148,5484.704193656177
cell_83489,-9778.42987804676,5470.763011926042
cell_80850,-12564.358884862313,4409.599139940331
cell_82518,18484.221580875743,-5549.576439636952
cell_78860,-11782.79392652711,5523.23362176796
cell_78559,-1938.2358798398184,3092.1230685630003
cell_80852,18201.734732183926,-5165.05643817933
cell_82151,-11900.428069264546,5326.449458587284
cell_79442,-9563.178217472065,6129.146899994205
cell_88804,11300.895545125395,-3119.202306481591
cell_79007,-10761.042308465821,4106.354273517638
cell_62647,-10467.673228451302,-3344.6947385658596
cell_80966,-12565.786923181626,4942.151322464254
cell_80605,-4126.1491449012765,1159.3360369596646
cell_90301,-10447.163117019194,4932.392311769193
cell_88096,-4080.691549086962,2927.734877882204
cell_81528,1506.8290990185837,-850.0659604368687
cell_85820,29583.337326973386,-5652.013352216511
cell_88843,27400.452439399385,-7438.704738928765
cell_77746,-6838.6474602098315,1852.2118182896188
cell_82772,21528.74178875361,-6352.501367355691
cell_79085,369.20994682442597,573.9653312473969
cell_90206,-4776.555352516404,1881.2289639240737
cell_83670,-2073.0010360870256,897.8755637262398
cell_79528,-11062.735716286586,4816.173707964381
cell_62661,-3878.562442897521,-2766.3981526634334
cell_86819,13761.732059685284,-4305.8234412320035
cell_81227,-8776.833730231816,2442.2287792357806
cell_90943,-3809.2597422259014,2444.490568026816
cell_82876,14708.456562713149,-4525.687695667907
cell_86733,2431.1429514854244,-101.41958110200514
cell_83136,-12282.186490203865,3898.164087109682
cell_77562,20367.18221082372,-6969.331410980103
cell_86362,-12081.325891372393,5157.927581198373
cell_78171,-5322.264723013994,3806.6609006809235
cell_77811,-7529.732729995367,4644.007735044561
cell_81169,-1044.9056739694338,732.9541558925365
cell_85665,-9759.757000697084,6253.146654268778
cell_86791,2112.363593149466,-396.7426155725455
cell_62640,13684.663430501785,-4245.061591175959
cell_80741,-10599.06355744025,5626.915477352028
cell_85677,22648.867134536184,-7269.587079947154
cell_78177,-9871.641897621832,6777.648885417081
cell_80887,6848.455715649639,-2042.9921090568614
cell_84432,37376.34275947072,-757.0498263088967
cell_81032,-1143.8879313498508,3102.2789576375408
cell_86262,-2268.392187296486,2159.945190287407
cell_85742,-1077.2376040166564,1013.0355897646398
cell_81573,16131.710259361458,-4400.144651306364
cell_79159,24152.21152373326,-7661.4104485222
cell_79449,-10568.7879596951,6139.411471531838
cell_90347,-9649.974819579451,4669.774197952503
cell_84359,411.51139376613844,535.0796349096679
cell_80956,10730.132084553614,-2960.036314193938
cell_78914,-8907.175081223199,5761.536373570354
cell_78245,-653.8084568013821,1103.9678681109165
cell_84388,28877.787950555776,-10004.447438448351
cell_83391,15193.829305156713,-4159.509811237961
cell_79284,-10790.031219633202,4298.525952883848
cell_88924,16882.16782715767,-4305.1140809701465
cell_83086,-10802.466248786815,4803.812035112326
cell_78122,-10120.30755770373,3691.0181234947427
cell_87348,-9231.164846361158,5760.72502859877
cell_80240,21323.838708646028,-6212.890636426822
cell_87552,-10166.227198009288,5904.46323237324
cell_79170,24713.955241336844,-6469.798174354311
cell_88945,19417.63343241879,-4708.569400348575
cell_78420,-1032.0909349338867,1315.7887585943263
cell_87547,19515.312084411784,-4543.3511078052225
cell_62269,-8667.909811939924,-3289.9715655781974
cell_88667,-3941.2328843382434,1374.3602770350249
cell_87159,-9747.858239440915,6003.627134264251
cell_85821,-8424.62843925079,4991.9628636737325
cell_63122,16498.212692914938,-5165.0685357809125
cell_83940,25162.978832852306,-6353.503579679123
cell_82505,-8785.32228030763,4642.786317065094
cell_80419,19895.248731092393,-6862.737664425944
cell_86971,-10047.691259036224,6541.240654827863
cell_78627,-9525.2622516208,5540.3543996925355
cell_89481,27164.263246546132,-8476.426021333107
cell_79870,-10742.419432027116,5031.023301014565
cell_81086,-12406.31361081572,4123.60419968087
cell_87947,11989.162779346801,-3139.4478452102767
cell_83471,-2500.709062553927,2215.122965927782
cell_79352,-4827.119763138141,3032.257734761294
cell_78047,-5284.310741655263,2344.2718025040795
cell_62320,-10967.64003657999,-2220.942738634054
cell_85913,12676.836733391956,-3146.1896972863283
cell_62642,-7612.048937424958,-3330.9633459702127
cell_83268,-11899.879650721183,4768.922863259766
cell_81264,27631.816803774076,-6931.561640545109
cell_87531,-4160.8208140180695,3149.8277601701875
cell_79401,13673.590405430841,-3992.033819906903
cell_86663,20610.24617207731,-6464.189657670402
cell_81087,24030.519353357133,-7620.745838216975
cell_80708,-10141.51866781632,3342.761399140192
cell_81211,9933.671369303986,-2680.2331927727105
cell_83331,-1517.777945120154,2604.0633139928113
cell_83349,-4795.06754893475,2739.186712820462
cell_77906,-10459.70438321923,793.1214778999517
cell_89566,-10499.793724550042,5375.91956118899
cell_78160,9553.89469003562,-2728.635485453627
cell_85480,-3749.9323168274755,2031.1843795626362
cell_80871,3553.5867272765163,-796.5087889121023
cell_83419,-10191.186014185343,4386.862715235736
cell_83509,-2080.9716141468184,1180.510510897548
cell_89874,-12882.4284300034,4529.581172912768
cell_89903,33782.64508063104,-3769.747122102762
cell_85744,21206.91794855867,-6159.425393234164
cell_78962,18782.02542418462,-5745.989087219545
cell_82269,24748.7055271165,-6620.99566084906
cell_89805,11927.664328787983,-3398.274945715631
cell_86233,-558.562046120103,460.46940005462466
cell_86592,-9603.710447693229,6532.669301785624
cell_86205,1889.6779370875067,-1091.0889042968322
cell_81969,-11199.164405581301,5566.398986194171
cell_77812,-11573.177593966826,5207.41940468949
cell_87321,-10518.424082748093,4173.901403986895
cell_81037,8135.548344159781,-2341.644205481678
cell_85086,7093.796842166447,-2345.70836823764
cell_81013,-5639.292734928338,2030.3393233920417
cell_85845,-11456.534731165986,3423.572321866424
cell_86982,-8915.172352388132,5447.596350495891
cell_88520,5158.514378683896,-2094.137029989804
cell_84915,12856.881028330772,-3464.5979245616695
cell_63216,-11251.519431647483,-1569.7137547870448
cell_83674,20980.228549449657,-5845.099600909049
cell_62649,-10308.110613239887,-3515.2377963939093
cell_87911,-1992.4363394630057,1547.1677335972356
cell_87931,22146.817500972113,-6246.362776767483
cell_79454,-6773.884975893932,2569.6181896667467
cell_83849,468.7576737923843,65.17318529516851
cell_78582,-10166.118399420011,4726.7942361618825
cell_85039,18016.84857665075,-5002.057080902817
cell_90397,17032.303168090915,-4490.130697103812
cell_81047,-4427.220005331624,1573.2464995010253
cell_89942,-3136.991851451949,2426.943758083573
cell_79916,31869.71505109651,-4953.881280528988
cell_77310,11742.430567293868,-3148.002598364442
cell_80920,-7115.737278219058,3794.2738900271283
cell_84234,28341.392395172235,-5956.504464398365
cell_80772,-12367.303173841523,4396.435359390346
cell_82615,7494.8827539055565,-2196.5255339008036
cell_81641,-4111.095450982224,2718.524378223357
cell_81702,-7886.541396037849,1483.037274369368
cell_81212,28741.88277806811,-9519.370027735973
cell_88845,23499.13436326801,-7074.668153008302
cell_86286,-5281.636072078899,2506.267977990016
cell_80585,697.0392252931283,341.63805824000593
cell_84379,-9395.139052966248,4713.184268571209
cell_85250,16349.44468182236,-4623.103930812037
cell_88724,22191.90723372146,-6395.266868486507
cell_81547,-10528.675858623947,2723.025495792814
cell_82767,14171.688937140434,-4886.544588590364
cell_87162,-11705.973701915,5595.604035862334
cell_90247,-11161.518737107212,6141.237976315582
cell_87929,-5186.523916589121,3446.8957869726537
cell_79432,-8358.385000798073,4502.097031824636
cell_81855,-1389.106655409813,1008.7547590201923
cell_62062,12872.103766610317,-5342.543771209191
cell_86024,-4046.6414617657415,2380.6705230482107
cell_87314,33652.580502747755,-4387.595436852207
cell_79897,-82.21046817566302,-22.94471133880456
cell_87146,3195.5380920229572,-1649.8152534160656
cell_90189,-4301.003838367393,2118.6645556793746
cell_82070,5521.340983030681,-1254.5916442166276
cell_86798,17066.473018347107,-4630.043734018258
cell_83608,-10200.43437186631,5423.263399613097
cell_81854,21774.172873326264,-6138.4320067313065
cell_85400,15786.149921192875,-4645.95325315152
cell_82309,-10410.905186386923,4930.6669923822465
cell_61851,28187.692503437687,-6141.838970473063
cell_79598,-1143.176071429712,1780.1230439732724
cell_86232,-10056.646754743046,4322.450656640679
cell_78970,-5599.14926716759,3305.205323498553
cell_88682,7388.587442109109,-2649.4299877820567
cell_83589,18314.666122266415,-4645.115002484997
cell_87818,-4141.980984716364,2048.207348792448
cell_82622,13524.955911867095,-4193.60117056708
cell_78218,35788.49728995212,-1844.829153679335
cell_81839,9973.10074925562,-2851.5019180439435
cell_80325,-195.84441994218136,-858.9259460453582
cell_88830,1667.4451275941694,-1253.037029584675
cell_86185,-10810.072043579321,5006.250185310439
cell_79745,-8530.900160230254,2787.4061835147527
cell_84810,-8897.378808518064,3884.223952493039
cell_88292,12088.9150243003,-3624.3284108692105
cell_89369,1040.7976989097942,187.04618861595694
cell_62035,-3245.6459109487646,-45.897830699644636
cell_89372,-7161.518052399334,4057.2455985628317
cell_84835,218.93037132029738,1067.928425116376
cell_77653,-10070.898369060838,4114.441402069068
cell_90989,18162.73678124861,-4418.268121759741
cell_89050,-7412.233149694198,2723.24002873858
cell_62347,-9047.319508047234,-3525.7297485211534
cell_85013,17215.269397148408,-3963.1632180580855
cell_85569,-2413.0777186755545,2085.505863604765
cell_82139,21084.51698453452,-6692.189189677559
cell_81430,-11182.106536702431,3176.823203047771
cell_90753,-9704.709398672596,3031.075123903251
cell_82643,5631.863013011505,-2368.532679043493
cell_86226,17062.37841551822,-6583.560498538111
cell_89631,-12440.689643603208,4186.129099812341
cell_82017,-12419.15426755284,2535.0765752084726
cell_77541,-11430.527665602021,4524.106469459768
cell_80147,-8504.367048744538,3773.5367604980916
cell_86566,15839.065152757945,-3785.0836265731127
cell_77254,-9185.600661721759,3807.310356718791
cell_81142,-4102.1391765717935,2068.4835503403415
cell_90870,22407.03705996219,-6748.444235673988
cell_89465,-68.57681489470964,3974.072398955107
cell_83980,-7711.042922254801,3164.1400119054692
cell_84892,-12461.91925928748,4760.430410296643
cell_89704,-7988.2293146699185,4667.001025625532
cell_87428,-9407.264887498999,2775.9453070393915
cell_82803,-10077.41274381955,3723.4491876432835
cell_78868,1636.3922737005169,242.3701477408851
cell_90815,1112.2981491372364,783.8850261641085
cell_86640,33334.09156205408,-4230.543381945662
cell_79913,19433.831847298312,-6604.6202695795255
cell_79811,-10310.87980608524,4814.708688793669
cell_85223,-1948.3064443361848,1098.900055459914
cell_86441,-10215.059882623149,4708.6119170177635
cell_89297,21080.75745570371,-5787.70222424493
cell_85462,-12015.917324684458,5817.263147251068
cell_84133,-8155.064817660708,5033.1972488331785
cell_81826,20216.42753295551,-6106.6285213566325
cell_81154,13210.430722219378,-4370.264637019091
cell_87744,-1528.376955713856,1516.9564990234153
cell_88134,-32.651525881861275,799.9583525628389
cell_79081,6793.583607693271,-1757.715467261603
cell_79977,17017.1985766047,-4536.905850157144
cell_84553,1041.8939058461733,-74.16614255562223
cell_77340,-7890.802594311723,3263.4440957938027
cell_81489,-10237.240805070389,4968.415843743715
cell_82609,-3227.159875188519,1465.832228453616
cell_89563,28244.426235899584,-8039.039417423192
cell_90260,-1345.4022053633291,2683.0730046401027
cell_88855,-8940.480531641584,2345.8485948118555
cell_79723,-10272.207493343334,4362.72826957421
cell_79585,-11575.297695823188,5231.128453790195
cell_90591,19955.286445328617,-6680.014520261214
cell_89156,-8997.182503417082,3330.708639217508
cell_86363,19391.99983304261,-6067.189154680729
cell_89502,-9786.895828860579,4023.020366931216
cell_82659,-12481.056424648466,4328.912911519118
cell_89251,-2495.6523112156838,1787.407067825967
cell_81263,-12679.47868943121,4779.851025877822
cell_88178,-5433.750394258648,2534.409125358989
cell_86970,-9907.857018578135,6763.1412929696535
cell_84477,20875.33726600617,-5902.275549024064
cell_85482,-12626.307949495818,4706.970889155044
cell_82426,-7267.348488634427,1711.629663110472
cell_90419,-9064.547570371426,2329.655607260062
cell_83204,-7725.196494444238,3103.636829282052
cell_78834,22467.882685085584,-6475.305937600118
cell_90793,3848.1173980407393,-725.1711732843962
cell_86434,13601.81471379005,-4032.5829354495204
cell_85573,8576.277706045019,-2549.2438804016774
cell_89731,11975.584608070369,-4440.012116532137
cell_80739,-3920.035630096345,2870.348541234049
cell_85123,-103.96880663589211,2497.399372989831
cell_84316,12832.764319771839,-3716.989040464668
cell_90035,-4565.142101584634,3033.5791916800067
cell_62177,17634.384036501557,-5427.248322762788
cell_88944,-2422.296119691607,1378.602751092333
cell_62078,-7032.600295416135,-3196.3916581671065
cell_78012,17123.972004839343,-4577.433214419308
cell_86157,170.46885157347378,-901.8139231000063
cell_86802,15891.242299470094,-5464.518348880918
cell_88360,10482.908883875787,-2959.9100789031277
cell_86955,12701.2474120342,-3577.204738544818
cell_62690,-10691.07581081058,-3532.5265051520514
cell_86651,19298.897977545206,-4675.047812859735
cell_80553,-1855.7836226793584,795.844188664781
cell_90403,-10199.302574775094,6333.7900360657595
cell_89395,-8707.518060136463,4545.599414767411
cell_83468,2493.636034571132,499.7151075616125
cell_85841,-3891.580687801426,2892.544628787009
cell_78853,-11526.982829792743,4374.970419918244
cell_82590,14718.507051105267,-3918.9980565391493
cell_79201,-11646.842170025604,5880.227342390704
cell_84690,17312.280882031333,-4365.746438275712
cell_85632,3002.8115642651837,-662.773050686363
cell_90300,-5731.865451142425,1912.366996127041
cell_77962,-3588.981343842845,1858.1779895209384
cell_81416,16366.026335126082,-4065.20765188185
cell_63018,-9894.740774917873,-3134.3876900576797
cell_85119,-11750.170637046494,4609.007905515478
cell_87820,-11521.942711884723,5778.9366447490365
cell_86408,-10096.603563960063,4386.829502652294
cell_88214,26328.413118677287,-8239.539308914236
cell_88049,16425.724832406402,-6504.136741675802
cell_81539,-11587.118855306713,4980.160410281787
cell_79431,16864.590164595014,-4795.69072698254
cell_87013,-1513.9513103168626,1475.1428710065159
cell_85745,-7156.43457059887,3255.0427681542774
cell_83518,2149.2207903790177,-1659.597365744088
cell_83023,-10745.434271366488,6429.329583984625
cell_61931,25055.136767569824,-6416.918574665836
cell_87718,-9636.49406291269,6249.30126849916
cell_62442,-10102.916043755946,-1682.053512976396
cell_90769,13073.62373879084,-3677.4524379555596
cell_85661,-7621.61986240615,3451.384013471061
cell_80187,-10348.707299441077,3346.789046656571
cell_81231,-4796.994176762953,2691.0156164705973
cell_89039,19729.58342005636,-5012.584823779414
cell_83357,28340.779473132734,-8339.42626972069
cell_82248,-4513.258837296868,3048.8507440644603
cell_78318,-7820.356484332412,4103.480425848288
cell_81716,17052.431702223836,-4414.339196319341
cell_79396,-9931.255670660665,3884.517841822178
cell_88288,8816.237316549237,-3284.8332900285927
cell_79697,17588.738866197113,-4626.543413937254
cell_83896,-12075.45802103332,5122.800908421568
cell_88821,19969.527534098004,-4601.146570466014
cell_87304,18307.604718829894,-4837.837081822669
cell_62224,-7731.321324575446,-3305.582357006705
cell_83235,-7969.740663133047,5246.753072462602
cell_83693,15829.349828630593,-5291.125708429431
cell_88047,216.62872930052728,146.23120226840925
cell_86601,33504.63702600759,-4045.5211517685743
cell_87489,34281.88715391524,-3661.5330784334133
cell_79588,34947.6954926624,-3155.2118227829455
cell_82363,-9729.331125939016,4424.0356293557625
cell_80132,17391.760570408365,-4557.298768119343
cell_82327,-12608.325620212669,4831.825772122015
cell_85378,-5349.317315981318,2360.6049649014058
cell_81587,-12821.692830375501,5188.444490565826
cell_90003,-10248.526336134826,3659.745603295489
cell_85278,20456.261890535236,-6860.91745306804
cell_78484,23073.16570516979,-6579.255027103985
cell_84370,34581.726773079565,-3773.6290210165075
cell_84241,20647.17608672788,-5512.008771563757
cell_82920,17196.32728195765,-4714.800464812953
cell_87698,-2851.6284944503645,2578.440975521443
cell_87416,-5929.594701126655,3964.740170233179
cell_81161,-1903.8523597533876,1190.9056659345977
cell_89007,-1534.0982529931914,2573.487284489171
cell_82639,-5303.120941837492,2563.1186910870338
cell_62671,-3550.7269066258773,-2562.678581750144
cell_87020,14869.136228743608,-4437.172759729758
cell_90942,-3222.731954183582,1112.8216597428905
cell_79346,-12572.177260715333,3578.0616195700513
cell_79836,-2788.9194811421326,1936.884354551999
cell_77656,-10324.351498052925,2103.7651969276612
cell_85929,-6298.665682031558,2707.9286702619834
cell_79871,8769.812802185252,-2470.11716430799
cell_90472,-4772.30588131273,2995.4900067355525
cell_82854,-6070.550041413181,2961.7242225971063
cell_88689,-11050.50131527318,4868.488098524332
cell_90152,19318.590717914863,-4822.6863186627015
cell_81591,-11534.316183957046,4909.793575136456
cell_82744,13879.01934828947,-3691.999550080564
cell_90366,-11913.99875762124,5634.773159842783
cell_85243,-10347.330543799548,6010.093642895227
cell_82199,-10586.824775422196,5086.339985799713
cell_86193,10943.670093372448,-2912.9315964538264
cell_84171,-11381.263608106014,4887.416225253531
cell_62506,-11449.412387924142,-2794.1826889917706
cell_86339,-10181.224888319153,6820.099311628512
cell_84798,22797.973446539163,-7357.165726658633
cell_90150,8736.952340982456,-3681.7493308472685
cell_79526,-618.5788200334952,1676.5156626006835
cell_77510,-10622.84369135548,5395.552638044782
cell_62597,-11315.986604330985,-3134.2030115220127
cell_86945,-10482.180689765875,5497.792167593064
cell_82856,-11493.9624970651,5154.458415251491
cell_86653,18317.524639593918,-4745.374451742027
cell_88640,27601.740273918105,-6101.76073489895
cell_90432,9538.833496596,-3570.5866146224744
cell_89460,15296.398527378538,-4493.406143413579
cell_80773,-5101.84351205577,2358.6703725162056
cell_62286,-6943.295936552329,-3215.8771525537863
cell_78709,-2708.722668379698,558.0567018697942
cell_83739,-11589.257681792293,4791.8178644551535
cell_90897,15146.919672130753,-5049.540378149067
cell_85494,26387.126116214593,-8209.741642582532
cell_77722,-9383.968650585997,4336.605061072394
cell_62707,-591.1588848133055,-1729.4529845053307
cell_89221,-8808.327895433864,5822.677619345242
cell_87882,20037.00316031773,-4165.410991837631
cell_79022,17923.18418013656,-5137.892078085275
cell_85974,21935.51710630338,-6337.030886447179
cell_89604,19857.87571488513,-4851.2368667551245
cell_87756,1969.3159007602947,-767.3988336093677
cell_81765,717.4062673612357,258.0657146118514
cell_86030,-2158.588459137239,1638.2129613800719
cell_79619,17658.23272909701,-6332.3530075228
cell_84954,-7928.424638622072,3616.4532474890916
cell_89108,-5124.995820019192,3192.3332630894283
cell_90936,-3709.177178359888,2865.131796086163
cell_84958,-2508.256595300565,1972.4763415483726
cell_84975,29169.90666551949,-5849.738018746837
cell_83062,19234.492667527724,-4448.860989285146
cell_83547,33802.05605523356,-4080.9715405794323
cell_82195,-9261.315555188032,4527.829950610247
cell_81569,674.7045654919632,1301.7559807870828
cell_85698,19575.850648964264,-4950.414471576935
cell_86699,18253.35287947097,-5040.277872638959
cell_88600,-2423.022617179521,3130.3542840305017
cell_79800,-9161.915199883262,2260.330986809822
cell_77335,-10844.655882711939,3226.5157992555078
cell_83212,31240.738395492182,-5162.660848080463
cell_85201,-1925.8983568954618,2034.6826963892174
cell_85290,-3635.3445381619413,1654.9070909532477
cell_83146,-6375.58207267617,3645.887508278024
cell_77677,-10055.622971618903,6798.412088468814
cell_90001,10443.061320900912,-2791.039116031788
cell_90527,11637.331015738566,-3074.2054327730157
cell_77802,-9812.10974561395,6180.95250748268
cell_89853,18444.57785782049,-5286.80402572796
cell_82293,442.1089716798755,864.6078954055827
cell_88081,-3658.6705698559526,1340.8874879901778
cell_79394,33754.94464149527,-3726.765146192127
cell_87938,19801.714280951084,-6217.8442452757345
cell_89019,-4038.4146868907014,2235.477201344339
cell_85360,-6346.243241028287,3196.7162057407995
cell_82511,14181.157570341304,-4359.181680189262
cell_85967,-4940.927615396287,3081.8865704638097
cell_88085,-11334.622816047025,5276.615905654708
cell_81869,-9407.463801633983,2093.3583288981686
cell_89128,-4950.725367365652,2807.8682517233437
cell_82238,-5368.296901194961,2410.445924199816
cell_84942,-11731.937094260269,4314.568622880467
cell_88477,-12336.917853284034,3771.8137027952457
cell_83847,24318.233374162755,-7692.001696190559
cell_90168,-2411.918414945592,1961.3449990808747
cell_63120,-5356.046889984667,-3037.2431348054934
cell_78155,-1072.5764287936963,1219.1950785157128
cell_82011,-1323.1114814369296,3081.5935670077743
cell_86465,-10693.423487864746,5935.206877166568
cell_62602,7805.322004372731,-3660.7266504945605
cell_77872,22063.139301736464,-5987.267240622184
cell_62558,21228.47888094475,-6920.671764197635
cell_89747,-9708.754988076773,5788.807144728123
cell_88473,-4377.515969141618,2321.809068438799
cell_82742,16940.253581238358,-4372.500806045229
cell_81185,-1815.2285901022587,1218.1926931417843
cell_79465,11868.202886242852,-3214.7850027510285
cell_90248,10327.946903424297,-3164.7126625221817
cell_89101,34556.29766341009,-3567.0980762834592
cell_86031,11912.568141140378,-3696.1771419861275
cell_61900,11412.531518092292,-3835.0081776977013
cell_77762,-6682.760755699931,3448.7708725498737
cell_78441,-6332.273031508229,3981.5124583479806
cell_88296,-4608.8991017022445,1768.3048515350483
cell_77608,-768.1123780590012,1866.03669418006
cell_62020,389.1631524870288,-1162.283799379975
cell_83398,6265.71169807892,-1739.566963528595
cell_80740,-3276.5728376433112,1727.4849388647403
cell_62155,-10105.365066101813,-3475.004934762342
cell_83141,23034.5372432598,-6764.103196350112
cell_79255,-12116.754376764384,4374.408382934667
cell_62652,16219.160987496325,-5160.782153411299
cell_62041,-6454.884366797175,-3046.5217997114946
cell_62953,-5613.713683699798,-2367.0731180118983
cell_62017,-10960.158015759933,-2283.149000556451
cell_87458,21156.329980639282,-6782.304167282201
cell_89818,-3084.3814831245913,2535.809627508147
cell_80833,-590.3715583393475,1319.5555752625014
cell_81305,15908.913930145025,-4150.332354561896
cell_78472,-2100.467516394686,774.9230395309924
cell_87944,7494.649535306319,-2267.368804733207
cell_82771,-9722.070606714758,2438.5861909240457
cell_87654,15981.934155957868,-4672.202733868749
cell_63165,-8990.90009707455,-3035.1892172980047
cell_80657,15757.361428328311,-4238.276144254273
cell_81293,-10121.041587413602,5781.264384718389
cell_77729,-11464.408069944604,4384.76480989403
cell_89400,-12831.423480220741,4670.157965531092
cell_78006,25640.749117492025,-7946.397003841604
cell_80922,11470.226287763275,-3136.29157119888
cell_87758,-10191.01140532084,6213.226740678292
cell_77419,-10902.248146283706,5149.141412973327
cell_79788,-3708.345396509635,2515.5725481290374
cell_78593,-1712.2203476201519,362.820667195067
cell_89200,-9787.199820419657,3755.5016434796025
cell_88001,20024.861966544937,-5359.374862386632
cell_63212,-10128.696616854808,-2931.9265774730393
cell_81157,12276.981328226857,-3661.179308350011
cell_83426,-4912.396069793436,2067.7221789118194
cell_80695,19110.689793230922,-4764.508842071358
cell_88118,-4089.889613653434,1907.5620701460157
cell_89226,19806.83667774042,-3915.146957062902
cell_62457,15519.251272171525,-4504.892008551314
cell_90617,17978.98730379339,-5095.116480718448
cell_83710,-8537.99946558345,3272.7184447564296
cell_83909,-8585.04554037951,4584.389092767561
cell_84715,18802.204932122884,-6309.940133668821
cell_90550,16406.984097064393,-4779.965831916546
cell_90766,17158.093896215018,-4040.838719594818
cell_90408,-5582.179955602925,2394.9394569130486
cell_84552,5134.653500635003,-1381.1570586090663
cell_82573,-12532.552603438167,4561.526042278033
cell_79456,-5812.886077962284,2197.563822065652
cell_90358,12360.647915417998,-3644.6853236975617
cell_82525,23280.715051165716,-6739.971278175288
cell_77216,13183.361582106367,-3664.3782874413455
cell_82341,13056.195910019016,-3946.0350597480983
cell_79023,10053.212922982051,-2950.2930041634654
cell_86906,-6302.712525032972,2598.510472676335
cell_87109,-11654.367002284653,5004.461970601191
cell_85784,18648.728498299333,-4482.539358745482
cell_83177,-10272.802541561005,6317.838585034106
cell_85944,-12609.432224350769,4761.2839257552605
cell_85764,-12070.008664337129,5666.391177476082
cell_83114,-6774.560363383511,2098.120627460357
cell_81070,-3507.7742795554063,2109.6012596789624
cell_89409,28846.771752138684,-7045.001868309878
cell_90076,-9504.80479399508,2796.646883799934
cell_78685,-2034.2900356784867,2164.2316255318788
cell_80954,-9934.045620761935,4232.356439191526
cell_85470,-12202.471161226662,5435.48091791195
cell_81129,899.2510311403602,455.8433417566964
cell_86669,-11006.457716172146,3432.1075347241353
cell_62354,-12021.203674296914,-615.6581909379794
cell_85384,7908.822935504291,-2065.300695241225
cell_90284,-3912.4411427729287,1854.8865391388167
cell_86831,13156.86666663733,-3561.3497376500713
cell_88425,-11790.705505999571,5038.981291523285
cell_83810,15930.902356895314,-3895.6420063816254
cell_80010,-6932.553902351587,2858.408342202162
cell_63000,-11031.050143928058,-3527.082155113215
cell_81009,18144.572186465528,-3815.6538179200957
cell_62923,15446.874963175234,-4743.0591546887135
cell_61812,-7913.418136098563,-3273.3284551619267
cell_83638,780.0655357941483,498.9694431284228
cell_81914,-9864.079292156222,5259.344673918961
cell_62809,-2851.355756555475,-2559.0789010544418
cell_89603,-2746.947225188739,2391.529436494079
cell_90228,-10103.302633183535,4613.787666456834
cell_80822,-3630.6452807834307,1731.7660335547532
cell_86290,-11690.695720170397,4662.180101700326
cell_77694,-2529.0817902458193,1025.1484919501884
cell_85060,-580.0950218537015,562.7196291230314
cell_62398,-6861.479517304863,-2715.717338912294
cell_82366,18080.019902283188,-5136.087300547881
cell_87893,-724.6351337196786,3497.002644542523
cell_63053,-10617.870222440279,-3587.2108307365093
cell_84583,4709.103086785746,-1239.7606362679135
cell_77466,29735.79299317134,-5578.153689989015
cell_82900,-11572.451512219883,5179.570489533061
cell_83025,-5916.659841869099,3054.0349435706753
cell_79053,-1983.3283421922354,2830.923119463852
cell_84352,2508.8675769621577,329.3887022227552
cell_85205,4206.502210546377,-1815.8518528384902
cell_80812,-10384.66448202196,4937.462921573236
cell_78337,-1740.9014540573035,1249.0710498023932
cell_90118,-2568.334474249592,1527.402515526239
cell_89819,-1499.3533768880025,924.5008537315263
cell_88455,-7940.842582850558,5165.454585231686
cell_77598,-1206.6322256736998,1250.3993778303814
cell_81450,-10544.039434112146,4085.1955868713576
cell_78827,12096.17005909194,-3899.2765461250006
cell_89206,-9990.722503601512,6142.089149885793
cell_88159,-10261.511165529466,6764.9730554215175
cell_88374,-3975.5181426008603,2927.197827645582
cell_90317,-919.8707908151916,1598.2470806391502
cell_85598,-8114.594259330534,3591.306712847254
cell_87951,14561.280266211408,-3917.993004874474
cell_89882,-5352.167786750382,2924.5693145214586
cell_84449,10246.614877158507,-3350.293153329828
cell_80118,-8846.494033290564,4306.666486060384
cell_90329,-943.1911400814671,-407.27032726052875
cell_79738,-12464.430746048498,4911.1070684671295
cell_62789,-4452.360675563782,-2725.9109667215084
cell_86280,-7796.58876039156,3698.6157051696514
cell_86119,-9724.981204751028,6189.637578869406
cell_90716,34781.01547167506,-2760.518564328558
cell_62158,-8884.833515565571,-3337.895671878365
cell_78084,-10179.071927133693,2894.6521478297873
cell_89025,22258.34474610123,-6672.001287997139
cell_83334,-10905.07959886373,3048.483407813393
cell_79712,-9593.72902378067,5412.927330442566
cell_78926,26480.2689884077,-6547.919717441643
cell_83876,-8906.825615318448,4199.956120363575
cell_83887,-7061.2086634200805,4326.995899773406
cell_86064,35945.55927990107,-2047.0883950044151
cell_80021,-3083.0854188296203,1516.1755931953517
cell_83053,-6187.724569731338,2163.7984928530113
cell_88266,-3515.616531079993,2449.468165357659
cell_78578,17235.2576649394,-4037.6967878017285
cell_83565,-837.7295437178255,2328.6101516789718
cell_83480,-9746.824704998096,5796.549004787898
cell_84536,19284.82547667836,-4878.41763779615
cell_82521,25782.498200348375,-6271.398049904523
cell_82024,-12906.792147119271,3671.2545859878524
cell_80870,-7504.231457550569,2392.6861960488463
cell_84298,-9572.846679329354,5528.353452120876
cell_82069,-8226.989651901129,4065.9641250782524
cell_82235,-12099.93787852452,4500.330992423919
cell_86572,1269.0647814616648,-1331.3200861444411
cell_85851,197.4098640024073,1341.8565545955003
cell_78055,-1594.7515497195145,531.5083849031416
cell_85249,14051.106910122966,-4013.295815788321
cell_63201,54.38942146499767,-994.0639319758764
cell_83901,-8531.83036653867,4983.153454502698
cell_81046,32282.515876510395,-4809.066384433305
cell_80215,19319.188078571355,-6288.389637984933
cell_80627,-9338.775534561839,3521.1064064203874
cell_89116,-10383.362661209692,4680.734981234838
cell_62273,-9527.49241512532,-3251.2080364438784
cell_62727,-9844.22221879209,-3657.8224709596648
cell_80763,-419.8815376722112,2091.537496834907
cell_62706,-10369.741306718804,-2865.576260971075
cell_84910,-446.4569225408688,3698.3940603561277
cell_86914,-9718.982631737952,6138.45663203854
cell_87573,-1074.5426439173011,592.2240340650893
cell_62875,662.3261845029564,-909.4042676967681
cell_86527,14929.80174141255,-3855.5710678010396
cell_85173,-9100.701371676882,6103.1625446058215
cell_77974,-9819.203680309172,3638.1556716565806
cell_83769,-2118.061108177967,2800.3527042799797
cell_90191,20514.228965353563,-6101.0466919539385
cell_84675,34203.85850546713,-3920.5728152558618
cell_78581,15270.79073044899,-4419.3374107544605
cell_78948,-6715.601591127509,3633.5940275943603
cell_81062,375.48750001466595,342.08855674933443
cell_78508,-9826.554892103242,4911.348147745358
cell_78269,-10094.0511699713,5070.413830959234
cell_62223,-5991.599921409535,-2854.5201478239615
cell_82614,-9891.56651943433,4463.61355728259
cell_84444,36344.67186164738,-1776.6154394320458
cell_88495,-9714.976881008412,4912.52618332134
cell_86714,-10563.98489241112,5659.2250807226965
cell_85014,12866.741267094118,-3435.6328665653177
cell_90717,-7011.248889951558,3812.5072299396656
cell_88302,-4579.288653909969,2997.7863911055556
cell_87327,-9611.811296648517,6192.087861718321
cell_87308,-8022.05966854488,677.4698011494548
cell_90178,12930.507670631538,-3634.985813789823
cell_83121,-10282.693452414429,5638.670052503999
cell_80363,-11947.058208559532,5280.131489579192
cell_62663,32337.040537089295,-4824.607382954288
cell_77490,1865.4279859675858,-635.6641345082905
cell_62890,-7120.85127827095,-2962.6382502246147
cell_81506,17905.139782755774,-5037.070758583157
cell_84473,-9730.876935456352,4978.510431849037
cell_78977,13738.457976018492,-4405.6515722544145
cell_81375,16694.031955208367,-5164.775500206785
cell_87840,-9821.580969800258,6128.741148732062
cell_88406,-2461.7136699031744,2637.1109092630622
cell_84584,-8896.686602141242,3365.898305091683
cell_88566,-6762.99465721963,2357.4898780866283
cell_83933,-10440.719584837812,5079.9004443294825
cell_83989,-8116.558990249021,5491.284335288479
cell_90921,-11151.832636347155,5976.324872343352
cell_79744,-8210.561660181666,4445.7039284663015
cell_86293,-12522.575697562415,4868.643733163761
cell_77362,8819.992719424605,-2494.852953030419
cell_78496,-558.559165551324,2425.2992629138143
cell_81453,-4653.387494301526,3169.919568962796
cell_81168,-5852.521954717604,2658.0278148712346
cell_87721,12791.653512830822,-3320.7913969487568
cell_85214,-10588.65154309666,4598.227832556635
cell_81603,18067.464284230526,-4537.47132331427
cell_84347,24370.01535532446,-7228.417325077887
cell_61803,-11129.175406988013,-480.23230237723357
cell_81801,-7342.012818465083,2104.780627228545
cell_62681,-6217.402356941786,-3173.1862412698265
cell_78893,20288.61693468496,-6675.82639507516
cell_89186,30613.70870314922,-4702.7938783941
cell_62283,17597.405010370207,-5479.123141854
cell_77606,-7275.289149848604,4274.586703922554
cell_79648,8372.179332006108,-2242.324618760967
cell_81873,-9619.532328931515,6412.721664872113
cell_89150,-2272.6866671375924,2690.063502264985
cell_87788,36510.11801000591,-1548.7981145008353
cell_89052,-10992.794266104833,4386.53452957255
cell_79028,-3657.4381494322733,1855.5616342214535
cell_87106,-9723.463581476823,3745.0519968641224
cell_62815,-4341.250199662366,-2190.841199431281
cell_81981,5137.551629370764,-2551.0433356691274
cell_87575,19952.27731496183,-4518.939240300193
cell_87554,13499.3233458733,-3844.089805879788
cell_87526,-5268.550096379553,2856.165725147341
cell_80984,-7017.649193929858,4113.248311410835
cell_90410,-12065.51147810341,5320.093302202299
cell_82707,20334.027017805038,-5756.989007039535
cell_77317,-11395.231670118044,3801.0332576579667
cell_61822,-11128.54526522366,-3658.7226768978676
cell_79904,16869.966387232726,-5285.669044965636
cell_89510,-536.5335453518398,516.8252444198989
cell_83112,-7812.218467786017,4283.377846282286
cell_90345,-8891.514417882217,4559.58225553531
cell_86219,-7374.812599961394,3143.402343634895
cell_62999,-5072.379469592626,-2957.7048498753747
cell_87462,15528.449695679225,-4344.7039072329935
cell_89625,9043.420379670006,-2881.389454532534
cell_79390,-1330.369830664263,1594.5368648971512
cell_84154,-10010.890851172551,5680.635877963684
cell_85408,-6254.375292402741,3046.090974379163
cell_90907,309.8569861492961,638.1865857812173
cell_82691,8993.871300293986,-3614.873859435406
cell_83611,15641.028888092973,-4121.602896607385
cell_78628,-12594.233199913466,5478.249168737413
cell_89370,18670.29724861286,-4750.748732844492
cell_84986,-5989.502959188313,3153.704472945617
cell_88785,-4423.167455768503,1525.8147166252463
cell_77505,19025.732229559806,-5794.744451151204
cell_88462,-9690.09415684931,6176.146777101934
cell_82583,-9824.769187562646,5392.494617184486
cell_87875,-9267.09281043681,6519.40248636832
cell_87186,-4773.385922903287,2860.0140787920213
cell_81240,-3233.150050233813,2031.1828086747914
cell_82812,19330.49051569533,-6321.339586932531
cell_87410,13521.135791242214,-4011.284416899272
cell_83474,-12063.330880209589,4697.733872466436
cell_80947,2809.4728650337456,-464.4212670350795
cell_87667,28317.46106464894,-9246.484517081244
cell_78247,-10635.915050895323,4124.853055285849
cell_81323,-11233.498277574938,4014.3261708850882
cell_85729,-3674.5599595277877,1673.024428203479
cell_87963,17146.154333439463,-4702.626915511589
cell_83047,-4710.612735561216,2211.7256666115277
cell_89192,27236.078796158883,-6245.187308753805
cell_90271,-2754.146125231086,1326.2238566727513
cell_89605,-11927.763901759668,5854.598445959327
cell_87255,-8355.111304537379,3891.344927551495
cell_81431,-2256.3227772045043,1485.5615493527146
cell_84421,17809.082488443062,-3888.709899412702
cell_77351,20860.39645514919,-6035.588469695157
cell_89079,-5447.840160331024,1629.1226696198648
cell_86835,-3959.566827955964,2882.7087628636773
cell_88479,16492.249474130258,-4888.984534855434
cell_81950,11568.974918303113,-3269.6717907388174
cell_89449,-10555.761676755299,4308.208677001002
cell_62841,-5779.339025457307,-3183.6189363396275
cell_81325,15413.049614444823,-4054.0287827087836
cell_88205,-12662.64084519523,3255.1651378246474
cell_85112,19975.962740231436,-4682.967191225248
cell_81074,-11100.826157001555,5415.364644581708
cell_78618,-9233.951695090276,4247.385656235341
cell_83463,483.042921351674,1351.3219080820836
cell_79001,-6445.705563842508,3785.4062419086645
cell_87674,28167.84246557388,-9198.86064116773
cell_81570,-6224.314476653358,2761.2975216431078
cell_87854,17987.51284407708,-5135.465218052511
cell_89194,-7540.899768223683,4723.217786048502
cell_89550,-1961.0562321882717,1485.4202606010113
cell_79272,-10189.284798344763,4588.780642130068
cell_77484,-10893.548145520715,5274.635476368271
cell_82779,-8556.544972699088,5188.077972785211
cell_90700,21543.88812638185,-6311.232954122749
cell_88137,11318.893310080322,-3026.9979141152794
cell_85581,-6254.03465979786,2713.4353781908208
cell_80888,-12027.893879916497,4898.600930914354
cell_90349,20139.499526385407,-4232.9982940469745
cell_77627,-9635.040113337454,3057.326287193968
cell_87615,-1271.9506644486978,3051.31737850337
cell_82793,27056.70340569437,-7244.636697762623
cell_90113,796.5396399192163,-130.67047948324432
cell_80879,34035.75000751725,-3757.3348095656365
cell_89450,27419.21079214164,-6037.447068331025
cell_89484,-3902.986759783538,2397.6902029156017
cell_62986,-3346.885179964025,-2363.9654382380736
cell_90696,-10530.02249571702,6559.651564759179
cell_79459,-12628.653440570844,4354.428591159686
cell_88424,-11165.816332917553,4239.902417929317
cell_77307,-11136.727627587394,2580.092142000165
cell_89672,-8096.91323529447,4519.626747768541
cell_89836,8312.906558483564,-3363.2194608255622
cell_62606,-4330.971361413629,-2474.9263942722737
cell_77666,19320.745418837687,-4587.248283456905
cell_90743,-3838.3695241740293,2493.104177513718
cell_88841,16088.423450573184,-3896.3088473375697
cell_79374,-1857.2794374482587,2866.4014298101474
cell_84682,-6905.968958277425,3593.9008639681615
cell_83353,3613.7129729541484,-1315.451992535859
cell_77743,-11375.209598491745,5457.759829173325
cell_80398,-6100.599217631523,2213.940784010657
cell_77734,20531.155261898704,-6147.700642428807
cell_82222,-6352.737605629115,3064.6437721641705
cell_79158,-4314.166394381947,3218.3751011302156
cell_80527,12956.269534297606,-3731.999414216238
cell_89740,-10191.03600907365,5465.331273974698
cell_91076,13156.215767780113,-3720.6193901624647
cell_82100,20794.04166801073,-7171.253416582804
cell_85911,13060.958755140211,-4057.6630298247246
cell_89807,-10532.267686540326,5070.994804727367
cell_80565,18841.46924946937,-3933.53249638247
cell_86902,19885.21312546482,-4643.54934095777
cell_62545,-11787.84623860255,-2443.0205451810994
cell_91022,-11142.024963167396,3918.3493776843507
cell_85363,16191.279392650269,-4407.427143507273
cell_81422,18150.523730198038,-5282.536034683352
cell_81252,-8760.008676918122,5868.820070576879
cell_77258,12680.897310529308,-3514.401776952985
cell_79049,29253.891785670407,-10101.004062485119
cell_84156,-6128.158874176226,3277.5927252888414
cell_87659,15917.949685251953,-3949.2859781528814
cell_81886,-12525.865206450073,2992.307483309039
cell_90007,15428.683891637875,-5315.04418352717
cell_88301,-6700.311708926354,3292.4915773613816
cell_90240,-6946.273918713073,2520.758614296256
cell_78021,-3275.134052316845,1255.1043551220048
cell_86011,15990.00502943377,-3965.4329189755103
cell_84929,4507.937376350193,-1054.8198170643827
cell_88955,12296.999790844382,-3265.392501115528
cell_83840,-6588.196903658822,1838.1411789252961
cell_78172,-9391.062620410552,5271.901977135856
cell_84337,-11337.784060799797,4870.644183890315
cell_83870,-11289.109006851384,6012.20536629834
cell_87157,-10367.76255762656,4025.4898535976017
cell_89131,-11273.32072837059,4544.104220224245
cell_85999,-8544.373233127544,3473.565588481131
cell_87599,-5237.058823531043,3120.702141866909
cell_86974,-10244.165796058465,5943.632673299141
cell_62672,-10607.183863722357,-3157.2874335399583
cell_88199,22460.851459793957,-7215.739716057733
cell_84694,-9881.446378907141,2933.507009435849
cell_78085,1839.62730054229,-1550.3031624640596
cell_86431,-3891.242330126173,2682.8069669276597
cell_87004,428.99990986748145,4788.3731086092175
cell_77758,31731.532243986076,-5030.731018898399
cell_85672,-2374.184137041298,1567.9777613228155
cell_78014,-3291.43078286224,1945.0965798319728
cell_88371,8277.317056243997,-2856.975083012244
cell_80146,-1201.6065338690155,793.501543736453
cell_87676,-5565.839206414916,2063.2271364235303
cell_84434,-12825.014519098879,4721.071619859769
cell_81939,-3493.385758496144,3063.8098545717153
cell_84369,2651.6005412493655,-678.1787503065502
cell_84994,-6753.61149103508,4048.505115451021
cell_87022,-6508.989216370064,1772.3185621514244
cell_90512,-152.93765183013798,468.9027168905253
cell_80413,-7900.677354677057,3516.5153354770246
cell_86856,24773.045645013823,-6350.154511322821
cell_77398,16211.45703680701,-3775.7964285560815
cell_77336,-7396.7502494383725,3918.4185687012327
cell_78410,-3812.3563146146093,2236.3882854679036
cell_78825,-7876.396909694481,4329.931129288139
cell_89898,16340.80361737846,-4039.0761057538894
cell_84488,-10450.010622137672,6531.522989114441
cell_80862,17792.08175913486,-6491.393944205315
cell_88111,-829.6487866879768,836.9797807385529
cell_80117,-756.8328178318308,3656.052063822069
cell_88412,18229.963123421414,-3907.965373077024
cell_82072,31130.807463291672,-5177.14526821054
cell_86555,1599.7741038735571,703.6695262198291
cell_87812,-774.7740311430728,670.983840634462
cell_78323,22407.99149212076,-7000.824549961328
cell_91010,-7077.274055678158,3488.821074848438
cell_77915,-6081.533656040795,4186.918858576344
cell_81297,-10365.051941362162,4919.319254093329
cell_62965,-11127.836308733364,-396.8648791262981
cell_63006,-4845.454055343246,-2299.548925306613
cell_79733,14275.48858063164,-3893.156215973556
cell_85071,-4029.123434359981,2665.1493888114755
cell_62290,-10510.571328148411,-3228.569664600079
cell_80502,15752.229372608634,-4319.57978337446
cell_89408,22581.20306041029,-7446.048514657466
cell_82344,-10146.05269832846,5119.384104502012
cell_77377,19782.288680219088,-5838.494980172183
cell_78174,27132.684882984187,-6582.261863417805
cell_62138,-2784.274278202682,-2707.2002864113783
cell_82710,-10665.030588340927,5179.004326608202
cell_77913,21580.025241100164,-6048.827803294895
cell_86403,-6742.100139210514,3090.8930617612905
cell_89368,-10243.190018415466,3687.9780026498684
cell_83405,-4142.1760706778205,2384.5706141899163
cell_88126,-10164.811047628576,6620.896939722612
cell_82655,-10941.839497279892,4042.7866434430193
cell_90214,-6517.494763639253,2850.5117287954604
cell_78146,-5435.596665272228,2267.044818227459
cell_82699,-5688.877700328121,2464.785812076893
cell_89764,-12445.191416482903,3813.718099015986
cell_89795,-12319.746760226097,4471.23955348614
cell_78577,19897.042809421004,-6369.441030293672
cell_62938,-7482.762989525219,-3163.1121265599268
cell_86283,24460.259389145074,-7435.887522679302
cell_80346,-3644.2751012564454,2760.7299019535194
cell_81429,15958.255929702202,-5534.925689809346
cell_88422,-11975.599111493997,5500.217683833602
cell_90879,-11713.649985019389,5183.8570811474265
cell_79297,-458.0803072399602,923.2409917550921
cell_87903,-5952.490775405339,2753.0920714970575
cell_83956,10105.356688330185,-3253.4386499937714
cell_84651,-10982.410029016162,5662.238099017443
cell_86430,-981.8109651269771,1633.602164615927
cell_82101,21710.49423823287,-6396.3395041754375
cell_86357,33112.49760322227,-4414.346724756695
cell_85620,18131.106210160688,-4147.170612187007
cell_62374,-794.7519279802411,-1794.217226859333
cell_88729,-7928.376484365521,5105.599258201307
cell_83828,-12126.29194826932,4053.3426768038325
cell_89586,-10266.991071613389,6261.5020087140265
cell_78008,21842.54587715306,-7268.498731495056
cell_78616,-9129.019423643977,1624.1720436071619
cell_86550,-2488.936733623141,1814.331817719573
cell_88115,11596.37565314795,-3275.312625499769
cell_81643,22554.443142970336,-6647.747208387342
cell_80576,-12501.589779899754,4466.320626076968
cell_61896,-10690.980449595347,-3247.2748960269523
cell_82117,-8834.292590729001,4185.15866672677
cell_81140,18841.81362164849,-5054.644623938206
cell_81265,-2697.34881014236,2510.1613148988804
cell_85200,-9692.345618940813,6568.102753069853
cell_85493,-557.1115326317744,-22.264007623002463
cell_89421,-12125.612389419552,4963.38116394244
cell_62929,-4198.944979153605,-2908.4527122476684
cell_87626,-9125.781757388406,5712.375045001196
cell_81412,-12426.74634918595,5286.186701357356
cell_77421,-12726.632557187153,5107.476451910236
cell_86509,-6358.248648540334,3897.936687065118
cell_88524,-10766.540091886454,5148.988395798038
cell_78131,17840.93472095038,-4527.846883460123
cell_87649,-6438.849904915827,4493.278587823363
cell_81941,29428.129480275515,-5752.263512029156
cell_86539,18978.579399896946,-6315.7833458313435
cell_62458,-7063.4111179159245,-2666.3957057256257
cell_88475,23395.7351614953,-7287.776761475193
cell_89266,-7642.022304896807,4632.304782904481
cell_77546,30147.622834515656,-5425.786530832643
cell_86275,-7680.469065971746,3955.1256080210314
cell_90840,13695.957831953408,-3740.0008886897417
cell_77561,23887.886367118386,-6987.179773269081
cell_77712,-9656.471790067575,3628.786213095888
cell_84259,-9546.726893141546,6429.3766629989605
cell_84054,13542.563763253733,-3646.7727149743287
cell_78096,-5405.9591307735645,2375.2944567047575
cell_83151,-4414.604780048525,2373.5740665827507
cell_86757,-7801.022698081494,5021.071940991407
cell_81564,-7027.906840452485,4155.822292468392
cell_87206,-9906.714099990155,6267.020637952199
cell_62518,-11027.026792935212,-3566.3683736813027
cell_78619,21329.127854285056,-6038.21041842664
cell_86845,-4277.3882177629575,3081.451784856444
cell_80269,-1823.1700548190115,1331.9937016766746
cell_81507,-4714.106624407504,2294.2360994223445
cell_61980,-7624.567256076888,-2935.2499529884853
cell_89992,15834.721943472461,-3681.9151986605953
cell_87754,-11730.828738395001,4546.196785524404
cell_80027,-12745.798740643924,4034.436802706676
cell_82342,-538.9842349768686,828.7522729195006
cell_86614,24881.259503539513,-7690.117781070194
cell_78261,10677.761764329975,-3102.49391679648
cell_79188,-9513.46874176909,6010.332834544097
cell_63017,-9321.481929448732,-3459.222652947476
cell_83546,-184.95167176329193,776.9767148658265
cell_90346,22570.669249954964,-7155.697051817259
cell_84132,-8997.891980751168,2852.3520914276364
cell_77549,17165.433624066372,-4503.299109089927
cell_80505,-25.37769215950929,641.465317206251
cell_87686,-79.9605487785267,788.0110796423867
cell_80344,-9648.38119828652,4994.609945122898
cell_63200,-957.1338892295001,-2591.994265697145
cell_81410,1587.050986358768,-700.997807721096
cell_90081,-3584.809987750687,2400.3522042786662
cell_86630,1637.3934935306468,-1422.8784709192062
cell_82825,19095.606162057007,-4273.173894546948
cell_80351,-9414.079884994162,5855.069534383671
cell_77443,-11608.093153035621,4675.863720897163
cell_82035,15661.154644284637,-5618.070792759454
cell_82644,-9086.14403589768,2216.0550793984385
cell_82414,-4914.283190552731,1733.5345042847287
cell_77814,-10976.474904129222,4431.741828958515
cell_82491,23256.9306582683,-6646.5846983754145
cell_83583,14693.525346467894,-5731.0761915416715
cell_81773,-9283.36482752807,2381.133236858429
cell_87888,-6307.700397599791,4400.597182957367
cell_81088,-10561.359481018588,6175.603843053328
cell_84033,18365.341242651946,-4568.84047877984
cell_80308,-7095.234081990043,4672.152559949743
cell_63134,-9405.038365524613,-3187.8575038626
cell_83804,26463.318714921836,-8186.742006419988
cell_86570,-9703.019324145975,6485.258538029702
cell_89407,21860.281978057617,-7122.219122284982
cell_89366,-9414.656658451353,5521.1490252642625
cell_62909,-8701.259983117372,-3051.919397264346
cell_82514,-12218.772989598949,5010.2759268949385
cell_83624,24230.018652177412,-7220.839515736407
cell_83221,-9595.888284183797,5018.627454991549
cell_87949,-9711.211745670342,5587.932009085393
cell_79582,16493.86271018949,-6510.010492068025
cell_62131,-4389.727681631333,-2358.140684682552
cell_62476,-5232.844878266965,-3024.506065095848
cell_90626,-9446.21255795399,4045.988010416086
cell_85273,17735.40012481044,-4865.807615959466
cell_85519,34610.54729782305,-3680.3049527433514
cell_90037,-10639.075483182389,5130.1049441833475
cell_79097,-10801.556179955302,6426.594601155488
cell_88420,18636.49543672116,-6321.866369278855
cell_88946,17382.309400716196,-5387.222716163051
cell_80134,-10457.70774738733,5362.640912002822
cell_90485,105.1103378430342,337.51732022926967
cell_88859,-1692.2370987488396,2695.998431490261
cell_81146,-5834.487632720872,2823.9398329005776
cell_87136,-11315.361216162612,6109.774128585909
cell_86728,17832.343517942787,-4564.716593165668
cell_82885,-8544.174716885871,5339.185322428112
cell_84413,-39.815661776154975,676.3455896185675
cell_77818,-11662.149077734315,4568.495566155961
cell_89682,15453.596656252239,-4347.362901621493
cell_84517,-3080.90966332455,1895.7764364214368
cell_79899,25749.832887660017,-8083.349766011615
cell_89020,28793.103124871355,-5923.054855308482
cell_81060,26684.3623994699,-8367.157735117744
cell_91043,-12320.952721273688,5475.5162761918
cell_79496,-11128.646247211573,3304.3049800979175
cell_78313,-5599.951276600679,3018.980493027002
cell_90151,30437.001532368395,-5402.569832979722
cell_81148,-8145.057837519636,4838.640293116652
cell_86076,34582.90036096139,-3445.5690660964437
cell_62713,-10084.573716181452,-3490.239079568802
cell_90256,-1934.9549745636593,1550.904643342078
cell_82000,-3527.0946138558284,2596.297221000796
cell_81978,19188.176044165826,-5460.182777068946
cell_81910,-8921.269793258396,5344.739128326514
cell_83997,-1761.0876096646477,532.4292908100704
cell_88394,1025.1196288458127,-697.8607915842206
cell_82654,19774.972229658044,-6583.250840786083
cell_80943,-9492.986770875905,3200.4079338452634
cell_77337,25205.537094932515,-7143.845410588123
cell_83165,-8538.291486694912,3029.7658739618946
cell_80094,-9139.530536638877,4452.100571858218
cell_84849,-7688.771224298238,3416.904707941078
cell_84143,18295.85357163199,-5439.641313453295
cell_78090,-10169.268272352221,5818.319311241272
cell_85679,-2632.660498505851,3297.4580821100158
cell_85017,-6042.990509711748,1941.4687346486828
cell_77984,-9963.14843246763,3471.992530587922
cell_80792,2095.394582753713,154.72203103159302
cell_62007,-5287.940356548496,-2498.4198862097824
cell_62317,-9125.593111247876,-3292.9501811714827
cell_81090,-6956.498866697848,2902.081270388116
cell_78934,-11998.730791202765,4587.018621160642
cell_81774,-7735.33635482579,3770.9531944783553
cell_80778,11443.289669676276,-3239.7104932140364
cell_86209,15514.98552192833,-4088.8565231231505
cell_83421,-9917.058394209997,6715.140013868423
cell_79985,-12218.400316994952,4062.582787158403
cell_78236,-10241.678961347612,6468.05238930694
cell_89880,-9409.720942809518,6117.7340099315825
cell_78904,21207.139893229534,-6023.013793470629
cell_82478,-11527.415427596277,3935.784075814296
cell_88280,12134.456901659281,-3138.9973021004566
cell_86919,26388.86267585116,-6333.784214841474
cell_62823,-2639.5923886524984,-2406.167871570358
cell_90428,-9575.641997692761,4668.384859811464
cell_87889,19847.84419289102,-4243.609157060172
cell_63185,-10684.714678118005,-2422.808219248994
cell_83080,16815.61748221954,-3976.4299900354804
cell_89580,-9469.111833993196,3797.7582916142933
cell_62886,-10041.851411696645,-3401.2584805722317
cell_79652,14036.423232227571,-4376.055059792858
cell_83704,-4554.336420497035,2554.7430581538506
cell_79195,-11723.298334712412,5819.037384925546
cell_79770,1826.9657288298747,127.02546533048069
cell_84613,-5148.080393052837,2893.986883141809
cell_83545,-7937.709466515343,3412.738215871104
cell_84439,17767.525942691223,-4808.3292301180145
cell_89753,-9619.564519722173,6476.465720853042
cell_90276,-7588.2218892716155,2220.0886867118693
cell_80519,16120.499004130294,-3937.384783217998
cell_85132,4381.276484584742,-1709.1312903756532
cell_85738,14357.144229901049,-4200.147478386062
cell_78855,-11033.20508420982,2841.941100513822
cell_85607,-8288.760169632615,4115.844130717668
cell_83004,13502.341756958445,-3719.181222444276
cell_80690,178.05024412739937,415.0605307902821
cell_79068,14567.557108369376,-4329.25627814022
cell_79543,-10280.471508637165,6195.3178122292975
cell_88545,17649.492719723592,-4978.758866722511
cell_90682,-85.60899307370889,-719.5124949463622
cell_81656,26488.289630382424,-8831.334008471615
cell_84863,4578.773645864265,-1025.8765588309254
cell_88816,2455.0217414283065,-159.65082148872384
cell_84069,-10138.767574632799,6170.166077032612
cell_88365,-6580.489505031489,4255.392083483941
cell_81760,330.1408771879912,1459.1954871339465
cell_88789,-3061.2679579335486,2046.9883393444184
cell_89321,-8157.262706613627,4642.781802456607
cell_83107,-11923.07647169288,5410.410768258011
cell_86127,-997.0277661943339,1862.667933871196
cell_77921,-11143.430503795842,3612.951960024446
cell_62171,-9578.53235611063,-3188.5020126253294
cell_84454,-10604.435097811252,6433.461820075083
cell_90071,15754.228898130987,-4438.639431989142
cell_88197,-12316.609006070563,5075.745957265167
cell_85120,-2019.9519210120527,1776.9123463194942
cell_87955,-242.87251529162782,790.2525424171272
cell_62401,-10618.011698155167,-2510.6909951988305
cell_77525,-10961.737528116426,5395.247928125731
cell_82001,-9988.121799920518,6033.340861704653
cell_78204,8082.7740267573045,-2935.576369505839
cell_89677,-9499.943050836062,4223.433484370761
cell_91051,-5521.404087885212,3673.248655314837
cell_80194,-7641.53614925817,3996.238364238019
cell_78807,-11751.020178842598,2094.995636667162
cell_90893,-7577.330291557863,4700.825961603056
cell_81635,22730.46134492839,-6601.413405456229
cell_79735,-9624.780541253427,6594.37860335714
cell_84964,13100.14128471174,-3768.6832256266116
cell_85628,24964.573050054165,-6563.764399889451
cell_78454,37.435469356686404,4348.925470257217
cell_87728,-6677.698490528132,3703.850421259717
cell_62685,-11062.416221759308,-2462.030827631258
cell_81867,-8552.154128738406,3355.880951729325
cell_89939,-4973.519627781906,2434.0198972516678
cell_78796,-11887.250375608737,3554.37916599323
cell_86248,19062.104349344994,-4444.039349802069
cell_78946,-10737.038187639318,3109.6148808438797
cell_89994,10194.137046384363,-3735.3923670276617
cell_90368,-245.1284975260046,557.754823666521
cell_85308,11743.823820127258,-3356.0414814718283
cell_89302,-9696.062551466557,3288.8418388403743
cell_89485,11285.439054247023,-3187.8190967007163
cell_61843,-4420.036790637749,-2671.120405915068
cell_88434,14645.964078405088,-4313.663097175328
cell_85390,-11482.339746338144,4090.7743585226663
cell_88025,-9636.875574111209,6147.885053759805
cell_90136,-11598.086179020764,3370.7700243996205
cell_89835,-3002.2150186512476,1653.6975378679788
cell_80378,-7852.377505593908,3250.3593038361755
cell_89455,26969.0911937922,-6114.63162656519
cell_90811,-10360.49568299194,5053.727179967231
cell_81229,18727.28682411588,-4374.041980104465
cell_84786,-6594.1123199331605,3045.7575535838655
cell_78554,12242.100399397359,-3367.5792243269075
cell_83384,-12426.153516781698,3777.341091222874
cell_80128,16444.644209875554,-4563.553173576336
cell_85885,14045.716195034698,-3872.3954096656203
cell_86254,24269.084810518467,-7173.667022217264
cell_81330,33502.20296870632,-3946.4872488593805
cell_89809,529.9582921485193,678.4385464859322
cell_88316,-2733.9340763719892,1034.2590651352464
cell_78243,-10129.75035257687,5748.769026478783
cell_78192,-11775.362648246251,4656.397468813439
cell_89149,-11582.042133789397,4196.70124990157
cell_86842,-6658.1651741467995,2434.5866265088066
cell_62350,23595.747895800785,-6675.9838042586625
cell_87694,-1330.2733751629564,757.0561468582272
cell_61976,-6496.51251473595,-3128.1999702174503
cell_62479,-9389.452442632337,-3348.9470213075792
cell_82785,-10051.022860406509,5908.669130447817
cell_84747,18747.83960721751,-5165.956162120351
cell_81473,-12265.543306894251,4343.52328338894
cell_63034,-6083.35285791754,-3147.1759363378033
cell_86785,-6053.347599719366,3754.8779665318475
cell_86652,-5165.56357070206,3532.404414995781
cell_88583,18932.443585072087,-4904.301592606452
cell_77810,-12514.791546282288,4227.496923562936
cell_89119,9763.266920852588,-2768.1973404548053
cell_79914,-11472.646703243936,5756.357663203769
cell_84951,-8915.39521705501,3938.577663663515
cell_80875,-11422.34083808736,5104.879132101472
cell_62699,-10572.178642778726,-3648.9722260733597
cell_78552,-6364.062274499969,2885.3214305089937
cell_85117,-2112.3950977094905,3097.179700841872
cell_89773,-633.848780451399,1145.0465394302107
cell_90099,-8693.687805124911,4701.28776099488
cell_83543,-8192.514008608796,4097.108715696388
cell_90209,-7778.865887917855,3863.2641423248538
cell_89921,-4290.332119104,1891.0043720277056
cell_86905,-10058.009920113467,6287.382608221626
cell_78033,887.8197664083154,1445.9060413593322
cell_81802,24257.80971164342,-7606.886753028082
cell_90531,27822.975866127297,-6833.949665147362
cell_84340,-12079.551923684872,5735.671161439303
cell_88172,-9025.628198665816,4587.91426845223
cell_85919,-7478.2344073502745,4171.145145619349
cell_86250,-9534.079555557139,4710.198434121112
cell_82667,12947.32999109479,-3609.5575861288694
cell_80907,-3083.570535222013,1749.9249618876593
cell_79276,13506.644351109193,-4546.180602562467
cell_62127,-5927.8333918099715,-2926.6024994194877
cell_90142,-10485.887829070563,4565.394392325961
cell_80666,-10159.133998818506,4085.8704777243556
cell_84237,-6512.520572433302,2773.659289943884
cell_88195,1864.5117838091924,471.31801700505144
cell_79794,-11343.845537642643,4503.346087742114
cell_82451,-10487.507640752847,5286.1820928519965
cell_82618,-5581.450430269329,2446.203578100214
cell_81189,-10146.14653014716,6374.596452417785
cell_86801,-3658.417604619639,1300.8831423207623
cell_86195,-3573.7846951709935,1551.708050985699
cell_81497,13703.645140413419,-3844.5002596608583
cell_81589,-11163.713081348573,4070.4957992593086
cell_80161,-8147.259922635962,1476.873681598726
cell_88399,-2087.4356034328584,1300.4133124440252
cell_86917,-9580.67670632515,6182.78545142758
cell_90500,-9763.713701912875,1856.539041809926
cell_83874,-799.2117406159724,830.3785222235796
cell_90008,-9370.467881768644,5376.9776651602315
cell_84362,13989.183108454,-3826.8958239482467
cell_79616,-10748.073393506982,4610.356675475225
cell_80742,-9696.538120309137,6232.819671244498
cell_62992,15032.395830941277,-4836.333757302256
cell_79415,-11866.884265096476,4001.8787533267964
cell_80728,20742.85562659828,-6431.352504430012
cell_80428,-4482.709367825917,2479.396724708877
cell_79759,-10886.580835851504,4637.283459617731
cell_61916,-7903.333515250988,-1736.945205222027
cell_78031,-11678.407014466662,3190.7753939367917
cell_80944,-12611.716599922773,4447.739113470381
cell_85978,29321.44034808909,-5752.899936623069
cell_84920,-12058.177560408089,4387.371034839136
cell_83683,-10624.383613103524,2018.6434970039002
cell_90518,-10047.5631230092,6569.4152341392955
cell_81653,26394.905949726253,-8103.546525562271
cell_84007,19967.91495687511,-4750.453262765883
cell_81038,15903.587949814168,-5336.1553066371425
cell_83965,12602.62782246107,-4351.468639064405
cell_90889,-9692.719746468458,5198.837448562173
cell_80578,-872.978642086944,356.0943349282448
cell_81919,-9631.617516406246,6293.970112355237
cell_82296,-12468.06228093067,4854.9526206712035
cell_84499,-2547.96600817243,3105.8833643226594
cell_61883,-11658.964568806556,-2385.0557140506676
cell_79566,-4708.482870915874,1682.5827355178778
cell_85903,-6912.74701821997,3849.86048145161
cell_62226,-7754.673286986828,-1375.9279432188293
cell_79529,1027.349176001194,408.7453566229534
cell_88516,-11861.180625920908,5579.654021780763
cell_85383,-563.4283087669465,1122.6196406374654
cell_86563,18975.00447649324,-6120.981437477198
cell_82740,-12147.40198122331,3862.2170982823054
cell_88866,10736.965921756322,-3469.861237230109
cell_62911,4864.641417481143,-2939.528032718701
cell_85263,-8357.261991356085,4063.557019713569
cell_81967,-12656.132037216244,3614.519409796839
cell_83950,-11775.402967570799,3653.822848424913
cell_86117,-9637.571327752945,5949.051805018988
cell_63183,-8886.762420122197,-1922.5558513790775
cell_81574,-8538.927224469266,5242.287282952136
cell_81432,-5274.818662066395,3623.713382012112
cell_81715,21162.457126101992,-5498.32527802687
cell_87774,-12222.63642497955,3744.5894826819876
cell_90679,5277.060025732175,-2212.3176272363366
cell_88880,29279.422684601217,-5649.929857206306
cell_89401,1566.3913613319255,-1367.2793962467495
cell_83330,18715.50285257695,-4464.995592053246
cell_62521,23264.8817442691,-6570.692928809538
cell_86426,19702.66248169415,-4465.342075655696
cell_81698,19664.86726636003,-3945.7849649392056
cell_84639,-9508.497884951108,2912.904838212091
cell_85276,-8534.564332763375,3873.3768679751242
cell_81639,-664.4408327944587,1877.5997380130618
cell_85415,-9906.418260531811,3372.5987356058195
cell_62960,20135.654802991896,-5968.810195788314
cell_78546,19755.966481041476,-6231.107385096258
cell_88494,-11040.71834287865,4119.811359217723
cell_79577,10971.111980708116,-3442.8804572181734
cell_62990,-10446.766460532095,-2905.949640192213
cell_90497,17323.658634566247,-6116.611018170775
cell_87634,26933.15833611476,-8377.805041717891
cell_89615,34470.158876954476,-3553.2603828318684
cell_82299,-5740.567626335079,3660.7173963515684
cell_83055,-5319.9201106323035,3606.269539044704
cell_77946,11292.263745725393,-3369.4102872873386
cell_79515,25848.072781611674,-8014.423876273863
cell_78346,18669.656854265042,-4326.26426839785
cell_85109,-5547.25007656604,2425.389915248579
cell_85111,-211.5867684625657,4127.483933980926
cell_90985,-10312.591439147282,4925.009292616761
cell_84283,-10965.016035721505,5027.783505432719
cell_83368,-9816.15470647831,4216.140354490141
cell_90641,2689.1722970458486,-89.52657851874429
cell_62362,-11503.87529274257,-3267.1753166643994
cell_81767,-6211.127493191608,2480.064841796052
cell_62637,-9352.77923572802,-3459.579520696193
cell_83820,20417.518100342822,-5575.816310329903
cell_88141,-9252.303347481642,6414.2347655248
cell_77843,-9174.559844024106,4880.640485803742
cell_88748,19399.13802221929,-5083.469779907543
cell_88731,29916.336094293943,-10796.46814846179
cell_89653,-5909.774507677376,1973.6594399635167
cell_88139,13281.752334293162,-3760.0169841250886
cell_85890,24244.838999733456,-7365.125902133804
cell_89314,16296.484766900665,-4898.0829249604285
cell_86007,-11344.173224281318,3278.0521825536266
cell_83492,18975.34986207999,-5910.270396194945
cell_88045,-3964.057307552335,3173.374005217369
cell_81942,-6838.503938381777,4599.013955158636
cell_88397,-12266.785078540737,5088.9311067946965
cell_80855,11086.062945143478,-3118.5969546302777
cell_83329,-11598.203403766584,4467.035973224923
cell_81555,-10733.866400623618,1550.171603756961
cell_83794,-5434.607740132614,2791.818757987564
cell_85556,3926.300727608198,-951.1317622325339
cell_79841,-10699.89984312291,4107.417817910961
cell_62547,-7865.93979287509,-2851.08336218931
cell_62337,-3795.6504682080954,-2669.124540094322
cell_89270,2933.366081409814,-240.23405449572067
cell_78631,-12681.457334081813,4922.32957611652
cell_62714,-11496.902950740616,-2920.8301404662557
cell_78286,-11187.859883989982,6092.265619188501
cell_62193,-9256.700207857546,-2768.7096670855676
cell_89322,-2147.32834705423,1265.9900903623773
cell_81754,8934.141414882695,-3281.986155282406
cell_81739,20479.970348740622,-5829.588173177724
cell_80328,-10869.409339698233,5799.680513483421
cell_80198,-9698.603675529648,4324.596155270783
cell_83244,14756.007070468848,-3834.8606277773256
cell_88260,-7942.96031165839,3692.8591727830494
cell_62878,-8533.432445891376,-3340.457936263513
cell_87323,-8930.712973614804,3765.2828493743914
cell_63068,10829.793473221625,-3923.770176919287
cell_90601,-4782.62608157544,3234.0782762930658
cell_62387,-10393.294498222196,-3531.317253635503
cell_80686,-2829.498929821136,1599.869674256749
cell_83164,-11398.684380180159,5588.129288955387
cell_87664,-4517.239480173938,2873.6377664783395
cell_87588,-11728.39084149399,4399.6446026141775
cell_88508,-4574.03505777593,3242.3346670557416
cell_81594,-8617.921074793006,3275.5187208202774
cell_82310,-2666.8122693693067,1819.682403447766
cell_82562,-6362.197788522936,2385.834759178751
cell_85942,20850.57916327767,-6317.834142825214
cell_79795,-7357.306936594062,4389.094066411622
cell_81414,-11865.888804360331,5104.282766501681
cell_83140,-9753.673456329007,5561.210971180781
cell_82437,-5621.506392499315,2844.589664770751
cell_90183,-3849.15819790163,2171.729495448169
cell_82115,-5389.049372607732,3223.7338267659943
cell_78305,-2887.5410686282494,2035.482739636685
cell_89235,-7919.014740114072,3817.795461071951
cell_85521,-4505.169372297753,3125.3025879718098
cell_79516,17629.363546523306,-6117.78610985091
cell_81947,4051.177488335479,-1278.9416125155576
cell_84105,-10379.611449158932,4525.421372899319
cell_81525,-5207.205174923609,2375.269848476741
cell_82459,16781.150258618603,-4640.710273328802
cell_79757,9697.343864371238,-2766.1114578001225
cell_83246,6998.474800248483,-1688.555692704014
cell_88853,17511.23192638381,-5462.919732640199
cell_85933,-4653.419456755809,2938.430575264574
cell_78983,-10474.26155783069,5757.495346735807
cell_78596,-11696.24499851014,4039.3254105639976
cell_85941,-3050.221824962086,1104.4681997230682
cell_86218,-1568.4986918772815,3146.9145131936307
cell_63060,-10294.595826380277,-2821.074276411977
cell_80432,-4854.57854963765,3520.8822881673645
cell_79301,-11362.449769899667,4731.4352254423575
cell_85084,23630.34163216174,-6570.467438431369
cell_62754,-10484.79762425666,496.972200113158
cell_85791,-8663.545960322357,4546.073656592256
cell_85000,12673.719754343267,-3351.032179641468
cell_82102,-2183.0674109191623,2852.3668844850104
cell_85374,30642.827775295198,-5330.408816383646
cell_80636,-2443.453783328333,1200.9757244975017
cell_80320,14352.842599216474,-3989.8762391434993
cell_88779,12063.875352771085,-3536.51921412277
cell_80425,8180.5474281438765,-2222.3240826109595
cell_79176,-10653.47917208256,5249.1677430941145
cell_82305,-1061.1690677297424,823.4545900159984
cell_85726,27880.33888144383,-6014.624148415626
cell_81663,-11304.869593657846,4961.033081162676
cell_86504,24085.468033931906,-7351.886509847544
cell_88268,-7627.430232656146,3727.0893269099215
cell_84243,1238.2086966723014,621.8713331325966
cell_82045,17485.513860518015,-6078.699969712594
cell_90566,-5694.492252436091,3516.648195672366
cell_78531,24219.908566352038,-7427.532257882358
cell_80447,-4705.953551353474,3028.7559465266067
cell_62236,10200.39534193532,-3815.9588100155297
cell_62225,-11761.054563823891,-2296.4280958380027
cell_80751,-12532.765506264532,5332.328482055284
cell_78097,13391.089924860276,-3861.9013257286815
cell_87229,-9992.432971122582,6558.719891171711
cell_61966,13245.789972167744,-4493.027333854021
cell_80608,7044.387769009561,-2042.1285012755718
cell_87211,-12358.575123068953,4548.928563656156
cell_79492,-7957.633640504827,4198.143309025088
cell_88031,9758.132720776812,-2874.1565696936905
cell_80195,16450.62389925778,-4688.594838749235
cell_77826,-9996.107615616087,5502.672776286511
cell_86299,19938.591154355152,-6350.540675321798
cell_90195,-6731.48375541129,2640.966327305209
cell_62553,-10750.057810144093,-3460.465993739352
cell_79690,18498.79541670793,-5866.097674817089
cell_87641,-10601.66717331942,4414.471374354873
cell_82038,-5911.017218381261,3701.6570440740466
cell_82753,23644.044179775756,-7020.376756691861
cell_90092,-4460.582087735103,2099.1701118680685
cell_80296,-1030.4753879179102,632.8007525736789
cell_84594,2283.7567796079566,-651.4588280457585
cell_62964,6838.220277536684,-2931.3433758694227
cell_86006,-7844.862344079428,5219.9434425406025
cell_79627,-12671.395624378409,5005.218984946817
cell_85077,-717.9836049503728,763.767595660809
cell_89454,12448.697935644132,-3512.933031159399
cell_85943,19264.315597681605,-6073.062786625395
cell_78490,2264.961259228796,-90.81631904277704
cell_62055,-5721.592678699027,-2969.6807406472667
cell_83652,26706.31300935374,-7943.147431729426
cell_79849,-5902.716279117398,4131.586561793532
cell_78282,-3269.7579863259684,1633.2505992391882
cell_62700,-9382.90604456012,-3150.8331467362864
cell_82717,10995.752389291838,-2972.041320897823
cell_62261,-2264.2490619246732,-2462.9827426014085
cell_83119,-7320.068871799494,2250.041375394012
cell_63065,4184.0067229737115,-2619.216750481852
cell_83632,-11416.8353678941,4647.118409524763
cell_83761,-2703.3817160501435,1220.2171276894207
cell_81010,-10862.487274353292,5065.702470363859
cell_81723,-11170.198390577396,5912.988632105142
cell_79995,-6073.244877202288,2683.6609246722514
cell_87505,-12698.559981447057,5204.068147092695
cell_62059,-11088.286773867825,-3696.3528688028237
cell_90747,8006.253080269467,-2736.0119681969895
cell_85198,-3653.1309066103563,2255.5011294824444
cell_83175,-3345.4362109097524,2607.8491022475837
cell_79592,-9463.388565710373,6373.545516167477
cell_78832,485.83134928563345,851.3806826719137
cell_90935,-9773.283207583047,5318.809675875374
cell_88337,-3317.5462511250958,2080.0944878615487
cell_89686,-3414.089350190536,2429.948197637572
cell_86549,-2815.7519914898526,2911.260589319872
cell_83974,-10262.592233610307,3779.3310261938623
cell_87556,-2105.5892410900356,1816.16987443499
cell_82090,-12095.475447745232,4339.301705988041
cell_80272,-1466.1590798076988,825.875980616122
cell_77236,25160.370262064167,-6559.927780305315
cell_85831,-10238.505468302605,6063.437416067776
cell_83378,3205.4263277960545,-951.3582739481161
cell_77368,-11988.408448649723,5208.661652592632
cell_79908,15837.69765073469,-3897.811929480313
cell_80619,115.88560758414256,4409.284978619774
cell_81288,-12643.153791306007,4978.161298267814
cell_89376,-8791.521987195421,4892.493086657794
cell_87842,14612.37303633782,-4318.55020710964
cell_78647,20084.05067449319,-4606.231205472534
cell_88289,11647.132467018691,-3408.415525368503
cell_80583,24500.80903907707,-7442.675129921788
cell_79891,-10243.018366591958,6331.259141704102
cell_90892,9164.879814377375,-3844.842839502449
cell_90939,-3648.786725380564,2385.3866413584465
cell_79880,-4555.831683522295,3386.582167451803
cell_88120,-11997.489524638977,5034.266490152001
cell_79324,1629.5487842393763,-324.44481911071205
cell_63121,-8446.929593954297,-3393.4060465347943
cell_83735,-8025.598313902205,3946.57498736556
cell_80456,-9175.951631704718,4346.231485122844
cell_62379,2128.353653412548,-2559.352783252779
cell_63100,4096.830560740603,-2513.6673874456305
cell_89821,-9600.801963272019,3412.3090616392715
cell_84496,-8207.019804552105,4142.948082523212
cell_78728,-11131.914132454396,5609.7439468540315
cell_90595,-7896.529713412464,3563.720195275579
cell_88329,-6006.675233845699,3376.1567602511786
cell_90379,14999.726533863042,-4443.55469124332
cell_89122,-9150.183298394713,4165.066681709839
cell_62751,12708.361628155417,-4367.433398133971
cell_88183,-288.70350050517055,855.5393473381115
cell_79567,-12737.575996517284,5197.001970858614
cell_80693,-11222.650089802199,5294.400414810183
cell_86740,-12164.123048675885,5134.682563144157
cell_79132,-9964.158053703457,3160.52565034009
cell_80164,-7759.71032856019,1814.4331927538549
cell_78649,-11364.420573981579,3847.5588656773243
cell_83908,-10405.63099613059,6163.2214940665945
cell_90908,-4871.983911041365,3277.7758665975243
cell_90439,-7124.236039595055,2694.181351818117
cell_82193,-3101.8076863677597,2646.163323771665
cell_81369,-583.8380767338404,1067.533590286578
cell_81076,-2034.3257089692936,2710.6995161596847
cell_80453,8579.46388953648,-2390.444361416327
cell_82897,-10626.591391440756,3430.0931030543215
cell_83637,7172.920945233598,-2086.489500722605
cell_78778,19524.928398056454,-4826.042576867784
cell_78576,-12405.93809600965,5040.417718959085
cell_83222,12916.42316034195,-3570.4307228412695
cell_77446,18780.906925422496,-5006.0944509562105
cell_80623,18050.598941853936,-5288.006154123824
cell_81798,-8975.043144186206,2613.1514942487443
cell_82467,-10283.578892230638,5840.230762322883
cell_63144,-8693.821171685291,-3530.4551083351716
cell_88002,-6884.0677389640805,2945.5003842782794
cell_87080,-7243.880435126166,3657.993904983849
cell_80407,-12054.742995864734,5062.445773805172
cell_88833,7867.369598218758,-2790.1888410754464
cell_77860,19277.976849983817,-6522.140603205881
cell_84790,996.420361077433,717.3415040910579
cell_81694,-12253.803979255,4733.197493391772
cell_83283,19232.417014394105,-5108.90962155175
cell_85215,26093.788876864062,-8212.77258092355
cell_81577,-4626.2742541551115,3471.3037483924936
cell_62614,13230.076614228867,-4466.097046656147
cell_81931,-5667.629163743588,2332.142151125527
cell_81733,19868.982972186594,-6292.6018347801
cell_82292,-4043.6993438057934,2205.385890313579
cell_79010,19420.574848817367,-5153.303595454457
cell_79182,17577.036169646228,-5158.706144203552
cell_86126,35021.62375473388,-2974.7877482717204
cell_62148,-8995.215451784125,-3566.8481383070925
cell_62064,22820.639712578242,-7490.616965611701
cell_89570,22721.92953254411,-7094.350776089926
cell_82670,-10552.101686916414,5708.346831666813
cell_84179,-11957.400165900819,4143.246690865301
cell_82522,-7515.64268283406,3703.999590257132
cell_81503,21779.784258825443,-6191.812256590717
cell_79155,-10079.137909998892,2116.125260211372
cell_79165,35977.83929346693,-2082.428599467087
cell_78727,7866.2483192363225,-2247.641366881291
cell_79154,16073.452572649667,-3931.039444478018
cell_79069,18422.372780155543,-4374.534175949814
cell_79882,18585.990920373206,-5291.021067105485
cell_86600,19423.598362780875,-4525.246606788947
cell_86768,-589.6253912895628,985.2211222923625
cell_78757,-12701.97522475805,5345.4172341215035
cell_81822,-11749.260173104227,4229.210845994943
cell_87201,-8649.097125847931,5648.16323272829
cell_77269,-10893.307099136462,4663.792763739027
cell_83631,11419.540168964555,-3972.0054753367945
cell_81987,12951.57063427136,-4955.490134891199
cell_79679,-2200.7627789064227,597.0371229882139
cell_82774,20404.844212052318,-5881.481720494429
cell_88230,-1739.54095433759,498.35147652882654
cell_89390,-5926.842802769341,3296.7588953463874
cell_81526,-11271.750257119722,3455.974029026317
cell_82434,2324.7361764807847,-48.765840727975274
cell_87274,28912.29411494002,-9771.900046774646
cell_85285,-10914.903662570263,6027.1110249392805
cell_88006,17977.149735758616,-6295.432889322744
cell_82320,-7644.268552389372,2883.0210308792316
cell_79565,-1218.5874832603383,1320.5875325236248
cell_88580,-4831.914396612824,1513.3576920675946
cell_63209,1092.230074038396,-2310.2755558093495
cell_84447,-9843.926682887963,5640.5919013062085
cell_81353,491.89977646402883,400.309310274934
cell_81218,-2157.5224548558976,1735.0353347844377
cell_87244,-9258.77999337557,4854.150534668302
cell_82192,-12091.116745169376,998.422743538708
cell_88885,18894.36902033811,-3992.551598661046
cell_62818,-11278.052837632893,-3620.3209249912097
cell_88249,18826.318207447912,-6469.1732859738795
cell_79425,-8704.543122280522,4521.4620312335755
cell_87351,-622.656405003831,495.8678869101525
cell_61981,-4652.315934389097,-2802.7345040264217
cell_62264,18131.55760198722,-5238.418736974014
cell_83017,-7866.854955799076,4276.520377651571
cell_62126,12412.17563125497,-4089.0376314850705
cell_77507,-9820.85230675515,5216.588875669935
cell_78157,19483.742082803932,-4709.988852007603
cell_89212,-11355.435795692792,4314.383757120042
cell_89319,-2240.0419699188283,1189.2498520467614
cell_81379,2024.5247900163686,-220.86736495585757
cell_88291,-9932.418270770519,3604.100797372806
cell_62434,-9803.6050628432,-3152.2070972985866
cell_80974,-9895.367222788205,3150.577417756775
cell_90672,14746.748438777635,-5241.01305157923
cell_84752,-1477.5952068303438,734.2072440824489
cell_88496,-11747.353983326382,5139.262965025227
cell_78711,19263.633492265304,-4112.5065270472915
cell_85589,1800.4401934069658,239.1006807102643
cell_87808,-11350.930784496664,5931.366689271186
cell_89776,-5920.79469744888,2326.8332470379296
cell_62039,-11131.036123040882,-2443.2717342096294
cell_61986,-11337.14178139958,-3171.644126521527
cell_88694,861.6373369777099,1400.0885602624621
cell_62590,16713.714539126267,-5512.037657313274
cell_90491,18119.712635945434,-6740.573819387564
cell_83827,-9663.119239469675,6117.0514070263835
cell_80112,18122.88851721249,-5445.822938533684
cell_82347,-1990.8713113396657,-254.36973053023743
cell_82557,24312.768646293473,-7406.666022013461
cell_90369,-1380.4051223612032,861.5517080337006
cell_61906,-10505.09517103617,-3537.3811988151715
cell_82174,-11733.014527466277,5272.236661928851
cell_77224,-5098.894195127588,1684.2080775974118
cell_82429,8611.804245277612,-2484.948864617916
cell_78000,-3248.400611172718,1968.6858933660708
cell_85731,21075.10633000212,-6141.37126758358
cell_84321,-2473.22781101552,1591.969668470212
cell_62660,-10227.63817073184,-3363.1217885284705
cell_87349,10180.025970267387,-3089.978955389906
cell_78099,-866.9437078990477,-104.05634025066048
cell_81951,-3983.0373953927096,3117.0798119371407
cell_82715,24136.40969919246,-7562.956104247238
cell_81810,20790.15051870038,-6834.102540736065
cell_82148,3774.1909745434637,-987.4484962754224
cell_85503,-109.21836701980274,1337.6726222201403
cell_86141,25019.645016416547,-6265.994592708716
cell_81588,18953.217664484364,-5587.58669073755
cell_77633,21379.313267352325,-6906.50389335555
cell_62198,-9558.819189533297,-3110.3141649081276
cell_82455,23921.486363743723,-7467.032507363385
cell_80472,19255.3350477189,-5761.741996079848
cell_84521,8699.868037930004,-2838.6501300061773
cell_87647,-7735.867086236053,3929.508566521859
cell_90249,16939.476820565047,-6448.575989834381
cell_87558,19384.59071102385,-4148.83702721499
cell_80529,-10780.778469688164,4979.91025903322
cell_89642,-9308.994302408233,6176.643927977015
cell_79233,-10056.606242100444,2746.9105063482652
cell_78829,24196.628341002473,-7475.053126043539
cell_62309,-10544.853639836145,-3548.622556800002
cell_77232,-6061.51422650893,2264.4491306190107
cell_78325,-4268.629180253777,2505.113367222707
cell_79965,-11702.05143421267,4160.165369255125
cell_90541,13468.695651453185,-3697.0455957886593
cell_82356,-12099.982699532295,4746.838005924501
cell_84703,13217.76302337768,-3896.5515396318397
cell_62605,7704.3851212369555,-3051.671893546992
cell_90171,7168.200828822824,-1978.8450741806453
cell_84248,27571.90495723634,-5944.034296184043
cell_62747,-11103.494721076648,-3042.759971806263
cell_88029,-8246.204724334311,5231.119522836228
cell_85735,3321.1044586535386,-443.98542267402445
cell_80903,-4766.465830740538,1712.3845374232167
cell_77485,-10280.651458697883,5558.940011982693
cell_62592,10688.842876860726,-3895.5566075113165
cell_88874,-11274.077068718856,4511.258247938759
cell_87500,27465.356748275943,-8425.858074068048
cell_89178,618.1110673385499,1359.4555852371655
cell_88259,17401.47086433525,-5329.647113549988
cell_78404,16155.653568623908,-4564.111265402829
cell_90250,9267.883418578094,-3203.3091092420136
cell_83741,15993.783879928591,-5024.755689306324
cell_62629,-8513.421481885354,-3433.6049640737792
cell_81623,2896.5223688461706,-898.4344036086488
cell_91067,-11944.683518257649,5358.366040282474
cell_62481,10827.424851535447,-3777.3691471945967
cell_84537,-11277.810962793606,6162.590391570887
cell_83975,17043.235590882236,-4577.690820077634
cell_79359,-11713.278799902186,3577.9026109176766
cell_80618,15715.990772053403,-3691.700662450076
cell_81628,-7413.634068791274,3883.126356252371
cell_82768,-9296.375733906938,4034.1359503159233
cell_81966,-7592.521892984788,2948.5979278632312
cell_89188,-4288.848145946852,1633.927454066527
cell_90423,-6197.664785614566,3322.796074033375
cell_88087,-7154.050411580354,4158.464115707517
cell_90914,34525.19776446762,-3393.36449279574
cell_85372,-7739.970733595249,4088.943837597752
cell_62839,-6805.874858295261,-2889.9943771725684
cell_87122,-8918.73211294693,5878.468381221443
cell_86847,-7138.175044708556,2926.3482104343607
cell_87886,-5140.764768030753,3095.2634187853087
cell_85353,17939.274997710054,-4659.680245699966
cell_62184,-8864.58326314467,-3099.514370390329
cell_79956,18947.914310756143,-5234.185516369609
cell_78936,-8674.407396656181,4860.644471485495
cell_84276,-939.7146001037462,1123.9161909201557
cell_79806,-11319.57259204622,4564.505937754633
cell_81093,-12155.094155299712,4425.406681705869
cell_62382,-2923.240577629691,-2458.7464985453917
cell_62302,15928.34116578211,-4475.899976396158
cell_77589,-12674.827958080134,4883.64935156302
cell_84649,7457.479416072664,-2696.588887633452
cell_79517,-2878.3118831536303,1919.619080828967
cell_88149,761.8590874334408,1452.8025691716946
cell_63064,23504.734189671293,-6974.32320033076
cell_81707,13363.00721806148,-3758.340797446353
cell_82588,1165.977719283477,476.19905437588864
cell_85464,-11252.23367842658,3978.561700489561
cell_85110,-11526.985354995191,5340.792123921815
cell_79545,28366.049623826308,-8390.578384895549
cell_83300,-4440.1988002908165,1880.9756309494378
cell_83517,22264.29096793086,-7298.118073600571
cell_88864,-8720.051669935647,5711.887370334079
cell_77330,-2459.97281648195,2105.602716333388
cell_85678,-3063.2588493355,729.6147790096863
cell_85920,-3385.3640579538865,2845.8284745333394
cell_87160,-8933.145282903723,4572.313280993586
cell_78791,-10428.768221338983,5383.3190575570225
cell_62678,-8668.187130306686,-3541.455069294385
cell_83056,15532.529442416902,-4418.613560782234
cell_79270,-3944.537000057565,1269.025647458286
cell_80580,-2585.200052517197,1821.4362386864445
cell_79230,10467.350699032231,-2995.949405834563
cell_86610,18488.97949684374,-5070.40415182738
cell_88739,19082.64392124583,-4734.251914564601
cell_91058,-417.493471135109,545.7931199900811
cell_62046,20759.172805023405,-5972.873752957981
cell_77471,7558.623370302836,-2593.3758289832876
cell_88649,-9050.466531793889,5877.229835405642
cell_79595,11660.536164492754,-3223.1513425193048
cell_78944,-11493.138629243149,3422.911812952381
cell_89716,18341.202532781597,-4787.545922866901
cell_77474,-11656.784588585599,4953.118331311593
cell_80127,-8966.206826742096,4784.532160217147
cell_82795,33931.74161215079,-4210.9106350234415
cell_81949,24085.797522962777,-7624.412348618009
cell_86711,-8118.2517391390575,5341.6882702233
cell_88027,-8589.922740655984,5196.958876411767
cell_77412,-12045.590723822768,4139.01742397669
cell_90742,-662.6394177434225,1674.0190812991675
cell_81502,12835.192278886121,-3422.0973350427093
cell_88998,-877.9020999123428,1058.0643004698954
cell_62392,-11570.82300980884,-3427.7623801845266
cell_81205,6468.072649618932,-2676.7025876053785
cell_63054,-8109.652046122414,-2769.0612610220637
cell_82146,2673.9958426784124,-507.01154540836757
cell_85541,14918.596297748394,-4283.913761561109
cell_81080,-8921.373548528456,4059.1371870654234
cell_87828,-6683.951435609626,2953.8419816991345
cell_89373,19354.846895252125,-4419.619605097883
cell_88776,-11143.487388941176,5779.615762086167
cell_84677,-7801.9747772193505,2345.3565730229325
cell_86221,8195.117723068528,-2295.133340397431
cell_62116,5419.04098110604,-2921.4266268982647
cell_88623,20565.07322400919,-4887.554523940995
cell_86583,-9963.629953674836,5934.823204147494
cell_80477,-12334.769628146234,5395.843667399366
cell_90829,-5643.650237817702,2927.1389290222155
cell_83700,-10684.61665660304,882.5778869423659
cell_90824,-10980.554002203411,4356.6676312856725
cell_84096,-8983.740906066023,3092.1850213633816
cell_80923,-8285.796725648579,3110.6297852894804
cell_89640,-10444.455363027597,4120.858843574594
cell_90429,-6832.848850771072,3111.692279038169
cell_87792,-9104.303538553633,5754.751207864353
cell_63043,-7506.822018413576,-3114.88781665719
cell_90492,-4812.555001535235,3746.271548525833
cell_63108,-6850.251586149201,-3048.2868109282576
cell_80840,-9311.776689912584,5203.565463014059
cell_90622,-5473.968286139214,2490.5935310583877
cell_86930,-8974.389913864836,5671.434150342807
cell_81875,-9833.68680603671,4336.799695218677
cell_86493,743.0814157454636,869.0951230717894
cell_84581,-7987.18330437237,3691.7472101392746
cell_62507,-10384.911005184986,-3764.3433010064023
cell_82493,-1504.3653009202228,1121.5830605156816
cell_62482,-9865.662799948246,-3465.9285003167047
cell_82628,-12469.930323931563,3566.668556214224
cell_83558,10901.259059492384,-3285.876892827994
cell_62645,-9691.72259590384,-3397.756076859886
cell_78972,-8815.674612248105,3358.4809497430088
cell_82617,-10740.009166803233,5189.016077657134
cell_86626,-1137.1620922752163,1177.4992673633712
cell_79358,26906.94248163132,-7429.618820825444
cell_85395,-9748.031972897266,6624.063547290052
cell_88191,-1367.7882839113452,1704.15642067951
cell_80480,-10350.883441411854,5276.989140777689
cell_89293,22222.08846128637,-6846.605838475095
cell_81204,-8213.959130998908,1611.294570170774
cell_82567,-1477.0970771233588,1950.6636144837516
cell_89204,-11470.182716491567,4874.664909914544
cell_62877,-5332.004448455059,-2837.5251060481787
cell_84525,-3989.527973418005,1740.6900333230203
cell_82950,-10977.428819383547,5813.210347864038
cell_82769,-11980.367690142488,4747.765347028253
cell_85061,-10218.066484662542,5233.208561025539
cell_81974,16678.289979422523,-4086.075693729143
cell_82797,-12403.201600442497,4695.654809359838
cell_83973,7569.562944752581,-2826.503303215845
cell_61958,-10655.18793805634,-2048.6934584629357
cell_79226,-1027.7760883200174,548.053895502828
cell_77492,-10186.8195142109,5186.128690716996
cell_90038,-4270.641820718485,2432.4051025807225
cell_85686,32953.508746736414,-4558.808184638475
cell_80036,-45.273857627974664,833.9374426074965
cell_62329,-10922.198139285854,-3211.0944857610407
cell_89300,19799.28267045362,-4700.874793406207
cell_78370,-8501.005008369102,5381.331388412971
cell_84617,2422.660530088842,-12.531878729017668
cell_83522,25853.513672878446,-7789.319881342642
cell_61952,-10888.845165099397,-3649.455832106106
cell_84429,-4813.641256132437,2471.551559893682
cell_87393,18381.06163834733,-4880.601690052163
cell_90246,-8644.484845626052,5434.069093506946
cell_79136,-7680.960855050211,2932.5048071579754
cell_85212,-11211.738419896055,5918.927291808755
cell_89562,2052.703899927722,-1591.950428390684
cell_89208,17192.210861757158,-4846.18681117364
cell_482,-11026.412102226896,4934.335196912871
cell_48910,6799.13338918584,-2339.2445256633946
cell_43652,10227.724438302714,-2916.3498906180466
cell_47353,30967.342488229144,-11806.098866882821
cell_52427,7450.635890521689,-2758.648672372847
cell_51801,18938.7337324561,-4257.905679147657
cell_44949,-7098.538474424585,939.9623480773248
cell_5323,-9498.739444758936,821.818498275798
cell_4899,31334.868104698497,-12348.163604808302
cell_51474,21571.509455145304,-3657.1970073323396
cell_44430,-11648.230201385537,311.3467345953598
cell_3821,31148.12888581172,-11762.628402695675
cell_48193,-7987.631292340482,1712.0214239822437
cell_4312,19934.948762224605,-3822.0210023547356
cell_3308,-12198.217494778128,-170.32321009078214
cell_44307,20276.772994161194,-3685.1198700077866
cell_49952,30577.211061249545,-11326.345448799599
cell_5097,31244.463898481197,-11970.144644891336
cell_52014,29153.613103009273,-9184.056592096873
cell_3188,23623.395783795808,-7175.813777102725
cell_46458,23561.466256806434,-7052.017618693796
cell_3601,38157.67037243943,358.17198631520995
cell_52145,13723.034002834836,-3603.1829288273134
cell_698,39015.83686550827,2734.6254778376906
cell_50274,30725.879895482492,-11571.173773583607
cell_49019,31079.473127917798,-11918.143075685539
cell_4063,-100.13515822707292,-2162.727177999985
cell_43687,36826.275076538375,-1154.0345482286923
cell_45515,28805.396759410523,-9906.90477548851
cell_5137,35490.36988758945,-2654.991200618143
cell_49288,10998.075123766475,-4417.970014852059
cell_49842,30303.003345590474,-10912.917232733727
cell_45237,-10444.618542233953,298.59749191663974
cell_4688,33599.834360888686,-4282.112000987641
cell_3580,247.76867453577816,-1783.0547928747756
cell_3540,13429.551222211683,-3588.9024902978285
cell_47642,38874.66278033529,1819.828233573849
cell_51312,-9198.813339121147,-1512.7212062564847
cell_51946,-1722.4644351064774,-2025.814971507075
cell_47365,-12380.801735399195,723.6370550840148
cell_51967,-11538.401949630974,-1310.7823012552512
cell_43894,30636.37449115553,-11407.222219198653
cell_2837,-7512.639496558098,125.73092471785502
cell_50415,13342.619408674069,-3683.8671344527024
cell_5228,-12173.103546346032,1272.767628861332
cell_45536,-10710.656291337811,1116.831644038248
cell_51471,30844.04307142909,-11688.982502068162
cell_47493,31129.65865233206,-11973.525420098193
cell_5045,19142.90735825605,-5470.110236755299
cell_50987,38725.0421646818,1930.02889578217
cell_44252,29051.53965797164,-7198.685852840631
cell_45186,38289.81715259804,1159.5962807027854
cell_51037,21268.941540716267,-6372.293287965503
cell_45597,-2100.642831628927,-890.0590127833652
cell_4045,-9432.041896977486,-347.287372556513
cell_48936,22037.487765980968,-5253.922532232209
cell_3948,36772.2780590959,-1349.3861124963703
cell_4431,-12640.23418952976,-80.61598823146116
cell_46452,734.6550997127348,-2438.3563506722044
cell_48303,-12554.394706530831,-353.0220400202841
cell_3624,22519.37120106293,-5902.898540184784
cell_51824,30030.520531378508,-10635.731993489224
cell_50670,7005.723127396884,-2540.0162543470124
cell_1321,33626.89042137321,-4222.780757493027
cell_51929,34115.21211321151,-4138.760987972425
cell_45846,-10981.91173699303,115.87312898822074
cell_4427,-12442.937019231951,142.44205522757042
cell_3126,21977.278151760896,-4381.05115805097
cell_5299,22746.19112883704,-5998.874322790474
cell_44852,38920.3647793885,2453.816621557407
cell_52035,12492.522197709843,-3348.7745803918683
cell_44793,28748.92293508659,-9953.359607434617
cell_49688,20481.850867854064,-7387.098513488264
cell_50023,21237.917390107235,-3649.5839666939755
cell_50990,39248.01594194624,2806.1525057474573
cell_46765,36400.28224552603,-1556.6412131039892
cell_46798,29861.872808649958,-7793.401420540012
cell_46231,-5488.011954198861,187.78115410449098
cell_49143,7657.300771563228,-2507.8375652533086
cell_46826,25440.679683613285,-7758.57117759658
cell_45693,11881.824715958777,-3248.329248668586
cell_50596,2168.185911876404,-1932.5097533050111
cell_46995,20686.678378097222,-5037.471029252097
cell_49926,32737.492146063076,-4747.818208937583
cell_47975,36573.0104585093,-1762.2991276928453
cell_45247,31428.900881552876,-5204.807085887616
cell_47361,37591.3718287469,-201.76828762580482
cell_45519,20324.30753678409,-3644.652981727693
cell_811,38413.41430686005,933.8830452000234
cell_45153,31175.818778873156,-11839.674670162349
cell_44129,31284.01874440724,-12212.881751178082
cell_44748,14843.80677798628,-5067.1314603502
cell_45161,29349.138052673214,-10316.69934703608
cell_47093,38701.879851441896,1953.3695278807247
cell_44856,39097.59718074252,2770.50877824602
cell_50278,22203.23230375303,-7475.846605610162
cell_49921,28079.55766786646,-9387.623909104088
cell_2883,28480.754908390063,-9682.218271476699
cell_49033,38096.0782339681,362.8202176235319
cell_1304,19573.792826959358,-4769.460432421118
cell_3698,29580.638478679466,-5821.388642075086
cell_3733,-12042.595507216623,-586.908367221477
cell_5112,18852.777534286055,-3669.9484483142573
cell_46940,-10026.980047782323,855.4143396989882
cell_50182,1582.6169265605508,-1993.5409014898837
cell_43748,-771.0482878266363,3326.6672075001693
cell_49904,10157.121345077501,-3369.930218795181
cell_48737,19728.314525736307,-3767.4605304859865
cell_52415,-1412.256238784861,-2183.2218316994686
cell_4778,29870.938797211053,-10720.509550282422
cell_52386,-11359.3851144291,-1729.896753952347
cell_45757,-9565.718510662882,-77.83170218950588
cell_1142,20568.73227797281,-5644.8135620062585
cell_3061,-8877.832905562584,-914.3776731490923
cell_2775,34908.561297304885,-3807.6548082851414
cell_45621,-11106.188844276961,50.83903291800807
cell_45512,37992.679939934074,619.984223855842
cell_47003,38094.6568254676,624.8278139451126
cell_46349,15126.413776770976,-4096.240865253035
cell_49765,30831.273623191344,-11497.808599476552
cell_4771,19530.218987531924,-3421.408039415698
cell_47458,215.18803773190203,-2923.983943455437
cell_51150,-10807.9601328102,-53.858992842523776
cell_1061,19483.358532470473,-3500.9052345640935
cell_909,31113.382997513927,-12137.559086948497
cell_44162,34325.88427065248,-4529.424045768177
cell_2814,17269.721090767296,-3498.2849249198466
cell_1203,-11526.1579928147,4665.886917199645
cell_43523,39258.951218373346,2857.1217258552456
cell_813,19604.45112069785,-3371.569834552251
cell_51260,36630.10573464841,-1868.320576214732
cell_46337,36965.63660753235,-789.1141606743246
cell_4353,25781.422227566203,-8074.192030452475
cell_45999,-10040.449030955697,1374.432144925967
cell_46602,10238.423053336097,-2949.593888895727
cell_50575,39201.39052556298,2779.233584879017
cell_50171,20479.639603028536,-5463.549586090082
cell_5327,-9582.730731996375,818.9198588004451
cell_3121,5371.051291298352,-2702.9927152879213
cell_47637,-11094.434812795547,2089.398359864981
cell_48942,31421.980805377963,-12154.595135711768
cell_48476,-1599.7924017720616,-1851.183277196268
cell_1446,28683.40607086124,-9908.093125968238
cell_51224,-2734.632648634775,-1485.5880095376938
cell_45697,17676.499548270844,-6273.798586065578
cell_4132,30729.839628101083,-11401.783940605897
cell_50193,14955.282287125856,-4493.86994764621
cell_48779,-231.60572020350966,-2178.3019803828456
cell_47650,20744.305071986182,-3786.8291746909467
cell_50162,38924.01697936849,2403.1371730939773
cell_46047,38364.41480428724,730.3513637168948
cell_50595,-10938.551543907553,-1850.7173663490692
cell_52075,-11533.32841395912,-1438.647745867843
cell_46451,10450.740769636097,-2900.8400036114153
cell_1369,35386.26968047932,-2984.1259679550717
cell_46219,-702.4379134069341,-1138.5046902521065
cell_45283,-4576.793799400203,-493.707783350721
cell_49138,39207.88385310293,2816.954795531847
cell_4276,-131.17708721592533,30.072277389312006
cell_51788,-10984.043778399811,-1458.0908540289975
cell_48998,34792.582898253946,-3835.228602345636
cell_5373,20387.34842259406,-3607.380220775685
cell_44439,36689.72967512683,-1698.4997997696341
cell_50285,39246.6084900635,2968.362015833999
cell_48902,-1258.2688423075751,-808.265840082311
cell_3918,7661.305013722566,-3317.160209618957
cell_407,33835.39259323319,-4071.6999129020496
cell_50646,-11374.818727219927,-1372.320466271415
cell_50964,38446.376318324335,1221.65164058426
cell_49872,-546.5365295381544,4125.796197922511
cell_46090,38754.4455354737,1740.8049762074631
cell_2854,-9897.680755189931,840.5593002678341
cell_2896,38103.20706151845,323.2968121598997
cell_46367,-12080.555273682829,-518.5988207702937
cell_44643,-7952.07455393642,479.2644622920434
cell_45750,20469.75964160627,-7489.179764684492
cell_44078,36181.96242893463,-2068.5822201100937
cell_45192,-3351.3881390324723,-668.9528573627179
cell_48806,18857.418880241134,-3298.2415253112645
cell_4917,-12247.508566698245,-25.613154961172686
cell_5028,28960.8270100948,-9864.794559941962
cell_684,30493.229463795393,-11443.281324647252
cell_47495,-3476.6335210086095,1421.8756101274228
cell_44864,28127.751917661528,-9328.380429100229
cell_4284,34294.42220892472,-4107.39692136471
cell_52166,36044.08115765055,-2291.283030679607
cell_48027,-5188.893591230156,-206.9827901041281
cell_48991,-10879.535152398134,-120.91540619838067
cell_48256,17364.070957352895,-5817.494233243469
cell_43487,33165.35001108759,-4458.89768457502
cell_1115,1012.17835879103,-2226.948067534117
cell_4880,19152.41321153021,-3647.1000870371035
cell_3217,-10543.335593486812,857.3659862011818
cell_47854,25099.393850872795,-7553.197010757517
cell_52464,-11353.829491962668,-1695.8060286007485
cell_47297,30963.24718794986,-11831.243616715288
cell_4928,-10290.480621350624,220.47641397404698
cell_45251,36978.68390341124,-1056.875597480732
cell_45162,-8888.10069816682,-45.20162302155567
cell_1315,3811.99547066506,-2355.2367918608734
cell_44661,37994.08075207812,380.92906718225504
cell_2967,-5129.600952909017,-133.2838569997187
cell_45616,29224.396662094365,-5886.3123209537025
cell_52220,17067.092472601515,-4304.2775269947
cell_46572,32982.18445122837,-4472.544370836246
cell_50536,-11105.208780354156,-1685.9843094664946
cell_50975,15072.289234799096,-4718.3192104012505
cell_5152,-8256.317623459867,928.7358890227235
cell_2903,1305.2895041425716,-1464.24974500432
cell_45876,4911.180246258462,-2875.9284902889276
cell_44938,33420.36206811659,-5365.2644337043275
cell_44933,38969.338198518424,2129.132673052653
cell_50687,16035.965356507708,-4309.23105892132
cell_45992,-11733.483931699258,430.30851801518054
cell_49930,-10744.944824821268,490.0973687479549
cell_47840,-12950.323326316195,1204.66954433928
cell_44094,-755.9866353782962,-1127.1987207118316
cell_49569,-4991.297979249081,-489.8819313339631
cell_45737,19647.899091548323,-7327.388471168658
cell_48597,-12019.383455636129,1316.5386848204907
cell_775,20721.55544551429,-3848.8431866908604
cell_44667,-12770.001175078321,137.63232606606988
cell_840,-9461.216634687235,4379.1146668153915
cell_3942,20328.201761199914,-3359.836897558528
cell_4440,36821.53235813831,-1419.645836709016
cell_48034,36492.69463047519,-1856.0206642625806
cell_5196,388.6486372784063,2483.2273262066265
cell_43479,30379.142452433265,-10960.08759277536
cell_44088,10631.791583479897,-3050.3517815582322
cell_52172,-1496.2677163844676,-2151.526604128812
cell_49757,27439.661362001953,-6502.319517393188
cell_45474,23893.043816088277,-7334.571837244956
cell_46473,-3691.9649997838105,-1461.8911027055071
cell_46965,20684.550440866165,-3559.5399349957243
cell_50365,34908.561919511274,-3367.4549295368256
cell_47463,12369.201705831932,-3829.3828977697076
cell_4729,-8961.641747112559,503.71268802890796
cell_51489,13257.747348770092,-3461.3410144304257
cell_971,19829.61728331911,-6324.159904533117
cell_3214,31397.87567654503,-12279.494893046387
cell_4155,35117.49067684332,-2974.3106733280338
cell_2806,-11297.769049103958,-129.59888175656047
cell_48030,31341.501397547585,-11977.949267183862
cell_43495,604.800846048785,-2490.6140512474544
cell_2880,37580.27930695214,-364.07502157655915
cell_46145,-12994.13330897922,862.0525848072782
cell_49884,-11991.410571031478,696.0053896922303
cell_45306,-10811.327655185301,83.7746809233442
cell_4662,28871.01965058621,-9943.767762404523
cell_43898,18165.485904934267,-3415.8244195462626
cell_3433,18477.8379378536,-3667.662036147275
cell_50855,38405.27159373755,1137.4784911116385
cell_46190,-11704.16760789595,90.36945561611695
cell_44799,-13114.59829121865,347.93151575216365
cell_43669,29788.98885189748,-10641.69408007965
cell_3505,29986.432764444475,-10826.091906340092
cell_821,36868.04814619858,-1276.177793594019
cell_48337,-13020.74779994788,191.64008816702417
cell_46380,-11825.498021893878,776.4394681285138
cell_51581,-11157.39015797373,-1933.7021445938142
cell_47403,25033.640380399047,-8092.565846245599
cell_43496,35377.06201015366,-2818.888484920769
cell_48397,13334.013196452392,-3351.4895313497286
cell_45708,-7477.582409962563,-216.42753249232769
cell_4024,-12302.615192064886,35.08729001644781
cell_50761,-1791.422916178387,2935.5278850864543
cell_48731,37601.07368434821,-439.58078666242494
cell_5455,-8011.521883475312,-483.07401979028765
cell_48871,18997.03888524137,-5546.158523403379
cell_50275,13284.137269316652,-3371.6006650844506
cell_51775,-11696.016098922873,-1501.6855703031922
cell_47462,21618.29075594506,-5434.878617000838
cell_46951,38890.149369932835,2466.6060424345665
cell_52389,28142.02791954407,-6285.722252652259
cell_46989,5514.1565234590125,-2413.5227783489036
cell_47509,38806.46810206064,2320.47256485787
cell_5139,-10714.711784735715,3269.072029754151
cell_52130,-2678.224971105518,-1362.2592017164925
cell_46230,-10751.67757566002,411.23886131108253
cell_1149,-4569.44934398974,1177.0473280634587
cell_495,36851.73294652523,-1506.7648359576592
cell_45124,-8317.917972113275,683.8692450435395
cell_3429,18775.969980310372,-6221.630437552044
cell_49629,-9656.49377159189,-170.76380329698014
cell_51076,-11096.926462084402,-1615.9180753832256
cell_51653,-8686.03137292708,31.52395270382298
cell_50217,20846.82425379603,-6384.150742389927
cell_992,-9165.239701379916,2873.333932493612
cell_4877,36102.563895427724,-2396.792104940496
cell_43890,-4247.95294456144,-442.66275167632676
cell_45864,34575.301271523684,-3856.2366111306605
cell_47279,17408.31308074267,-5758.478625401236
cell_50649,31069.485474512385,-11764.069832043704
cell_44340,39074.30088977974,2180.311353318434
cell_48429,37527.98365583157,-689.0305257771803
cell_46171,18896.464266866,-3918.011822935755
cell_50220,16486.063210741424,-4051.214394837163
cell_43497,29971.002044538167,-10776.168663923896
cell_43773,-9375.301126410506,37.02418337278806
cell_51927,36461.98384532073,-1961.0644899995832
cell_45664,-5104.150417540901,-358.10116559251594
cell_49434,27817.89445969953,-9095.03529632224
cell_3169,-6925.3430956370785,-119.26320192761082
cell_48404,19505.941558798288,-3965.3135460944586
cell_44047,18412.573428198066,-3373.081393347594
cell_50266,38305.169759548364,848.6999825324056
cell_45561,39043.58790114378,2501.6266622943717
cell_49348,-10533.993734646534,2466.476449234226
cell_926,-9768.987911062546,1705.454736068737
cell_46562,21039.217521092993,-3336.3198753145575
cell_49443,-4053.488032488055,-251.71866559894337
cell_50710,-5341.649181056318,-1158.1950066620736
cell_48232,27052.777778950072,-8803.514056786704
cell_47838,31406.741900623387,-12200.290988193763
cell_419,34869.443912762705,-3435.473324271546
cell_45097,10776.089072827015,-3210.343126530726
cell_43620,28893.53661527734,-8668.633272302446
cell_48320,19201.71433667851,-3797.4931131347344
cell_1064,-11904.076705865555,5253.145674890601
cell_48081,-11237.151647757877,1457.200789968302
cell_51362,29541.84566567515,-10498.664021798611
cell_2756,-11120.056569714203,291.139184360962
cell_52179,-7897.543154145012,-1254.9729906877674
cell_49894,22127.885731161605,-5164.432495555552
cell_4287,-10341.111129751498,60.159187287830754
cell_43905,-11611.757611788602,315.1895352431386
cell_49335,20913.759723105803,-3404.0204841742852
cell_49501,17229.91346357722,-5227.5933879945405
cell_49328,18377.644032970882,-3704.3555667693167
cell_43552,17593.571238448407,-5887.009902127157
cell_44917,33452.93914979656,-4751.436032943766
cell_4473,13455.801839787737,-3624.125686733405
cell_47679,795.339211825682,-722.0158841291714
cell_50466,-1499.613963727705,3761.5619116296994
cell_1363,37852.12536938631,112.46958870717046
cell_1223,24486.259881297978,-7946.705972088153
cell_43793,2494.670076471892,-1651.4211705125483
cell_44342,37699.34427371507,-270.93080931647614
cell_49615,-12520.172115397212,-127.36084497732112
cell_44497,37426.67947099655,-271.44539163649733
cell_46273,20850.52992295072,-7456.595115875825
cell_50477,36424.263279325976,-2029.2541298628921
cell_52044,37495.534467975194,-491.29011511105
cell_45665,9136.654241516826,-2793.7182439077214
cell_45805,33621.05970115017,-4771.697507384019
cell_51183,12708.003636516201,-3615.5838291778705
cell_51928,39212.59783741688,2772.9323323544736
cell_45224,16288.850131625297,-5145.607877013707
cell_44098,36306.45572147648,-1888.6682965661994
cell_44666,13461.242077192053,-4326.1648965691875
cell_4456,24277.911339215116,-7700.341685323403
cell_48186,-11670.971089953757,123.92138482157995
cell_3622,448.8705797105839,-1854.7955039742944
cell_49768,-10366.007153182301,684.4501579329876
cell_47205,39049.58352875105,2607.1887011537765
cell_5308,18039.98218743612,-5671.33349814281
cell_49398,20836.20034782931,-3331.283276149726
cell_46774,17149.232649529662,-6371.989374924782
cell_44030,39010.75475958591,2595.9249162621873
cell_43498,19158.58925227609,-3764.128561746969
cell_45151,31063.6086595259,-11666.013861171064
cell_47134,-9021.544730774249,556.6241344625804
cell_44373,30475.122185345957,-5794.194614062833
cell_46670,20383.689424486132,-6131.539557869827
cell_48970,-10437.612831466926,1713.4216420225002
cell_4225,30817.507386532452,-11440.04503798487
cell_4680,-1436.588554556888,-1006.9062233324523
cell_46638,20470.257389922193,-3796.3607068585334
cell_51124,38981.55836876233,2209.9359701268913
cell_51697,18637.465468951897,-6223.731729665803
cell_48019,24073.652848756876,-7274.442219185303
cell_44436,19406.329513436573,-6753.884225636246
cell_46155,-12936.592308159255,1415.6698676037136
cell_52422,30930.069211398888,-11653.917544939533
cell_50213,8608.33354593394,-2686.3726034778756
cell_48915,-10967.503432580872,1384.0088767177692
cell_5397,24160.267676847998,-7140.745374522492
cell_48681,36459.207408611976,-1624.9427556102075
cell_43778,39055.928768345984,2474.8342987380756
cell_5231,15296.491603527435,-3595.9388213901316
cell_44333,36651.470861392474,-1747.6248513676717
cell_48219,-1284.5589769602977,-729.5809265940545
cell_711,31272.36029068049,-12328.657338534289
cell_47741,19147.68657788017,-3893.345286902849
cell_49493,30690.62682737454,-11272.940054348785
cell_44143,29389.10275473664,-9782.612609783526
cell_3858,-9707.718026242212,880.2772454355427
cell_44695,-5712.513573278052,-242.10215246147385
cell_44884,19510.58240614303,-4510.146776273592
cell_47351,18264.915241166036,-4836.5532536853
cell_45520,-478.4231034807543,-1527.5232433092995
cell_1163,21480.96021892282,-3322.9845237734576
cell_1410,30794.470260530485,-11891.167880434192
cell_49741,-10992.080107294734,212.05088627508042
cell_49795,20513.356912717492,-7171.783967257509
cell_45891,36254.00830301017,-1859.439769732164
cell_960,25026.094253925123,-7680.713504405968
cell_50071,-12642.405969789139,463.9032542237444
cell_50031,38599.01179209106,1760.8379725235588
cell_45601,19769.296128810078,-3728.3850326541515
cell_52306,19893.632879191817,-6173.376498060075
cell_51572,-7974.322226580635,-665.2184103780503
cell_44072,31195.82802382587,-12061.11785166815
cell_45983,30406.656000185394,-11129.6909387955
cell_1433,37452.02545608552,-363.1584667459683
cell_46979,38939.54872705506,2414.668497205808
cell_48345,14690.23204790288,-3465.4540783462994
cell_50234,-7682.9927035530245,-385.5560198724854
cell_5249,-11772.34879957165,2425.7735412502216
cell_46403,1022.77665238501,-1429.1418309552018
cell_48985,-5334.055721302217,-342.91408512962124
cell_48021,10549.225735229938,-3038.2643090809784
cell_48937,30312.454089498333,-10973.205737422742
cell_5321,-723.0494613795445,-55.23271854818178
cell_51696,-11117.106047548836,-1774.3246037603524
cell_5337,-12076.237748840216,-418.076419213313
cell_3361,-12856.588077181794,-35.88565290819731
cell_48878,-2428.695007560938,-658.6802397333194
cell_50393,20499.103296335277,-3985.291514662529
cell_45936,32128.96269585795,-5155.553296701397
cell_3393,-9162.770326524196,889.3522204654464
cell_51313,-9790.496505417539,-1597.5194151290038
cell_4127,19599.593345172703,-4007.08664692601
cell_50613,30734.334112546956,-11611.949197171125
cell_679,31192.250100314104,-12260.666057448103
cell_48467,21047.015722696924,-3475.8482376675106
cell_5035,21026.42736333827,-3417.3344858266264
cell_48507,12798.357877634417,-3376.4754504384523
cell_5089,38136.88624624713,271.8468710055257
cell_4836,-10175.89638981181,1744.3601240294963
cell_51153,14082.102298120884,-4132.866862267974
cell_44473,26911.445136325994,-8387.851980733385
cell_49528,17588.043456446587,-3579.5432040709775
cell_48064,-6642.4694081382095,-28.012285792978076
cell_4799,-6247.483809878789,100.69362866787095
cell_44382,-12090.818452642034,347.57135448843746
cell_49108,-11394.129154391396,-35.01113868545861
cell_44500,17627.837400303593,-3911.6270016356293
cell_50208,-10895.073499650114,525.3560436515953
cell_46565,24836.678219007175,-7577.085366454313
cell_50004,-10095.194600316521,935.1214615200739
cell_4129,34378.9096556256,-4033.671657824638
cell_49242,18534.41299735996,-3870.503069969798
cell_50801,-9816.513083850796,-1398.1121985599082
cell_49614,16566.282392253077,-4148.179270723116
cell_50401,21808.127249999114,-4210.784678088977
cell_45268,-7192.112992326477,-82.59777328393866
cell_44374,20026.54705673527,-3432.0519880857432
cell_51954,-11054.142776160466,-1617.7189920058036
cell_44250,25183.914869601602,-7676.530161752115
cell_49659,-2364.341186266933,-578.9894220832999
cell_44191,-2572.1104904271333,-861.6905767398856
cell_46866,8817.277059614044,-2800.797642317863
cell_49802,-10115.12941050069,427.88206214514605
cell_45362,12951.649994434556,-3370.899177893183
cell_49646,-12689.492709042855,447.2432455190574
cell_48077,-11965.002833401091,330.0614713313408
cell_51317,-5231.837912941783,-1524.2217846445587
cell_49497,13491.130485882979,-3438.6311934541463
cell_52433,36525.62061764622,-2009.285706577105
cell_47549,-10855.757059216041,1725.946216728359
cell_52254,34740.68330027358,-3779.6712263750646
cell_2950,-529.0306821810792,-1458.166405489149
cell_4165,37592.19162400974,-629.749751023516
cell_48960,19991.23598207108,-3559.2190028371365
cell_49587,16162.389671835885,-5056.415437540158
cell_48260,16794.105910268416,-3254.3035625054445
cell_51251,99.18612995974173,-1350.3566859430784
cell_47442,21249.07486769248,-3327.9918926406244
cell_4989,-11604.128262148213,512.1827431788123
cell_4327,20111.050001718162,-3952.9471430419662
cell_46023,39121.11874729315,2870.615562677249
cell_52023,39122.15849808866,2608.85171154226
cell_47465,39016.04359039597,2675.222285743194
cell_50486,38764.891842721154,1859.496369544182
cell_49084,-9423.811363298046,2724.6522893134793
cell_48706,6732.905118755331,-2335.6861740836603
cell_45929,-7742.415620645139,-302.0082939928918
cell_1171,38094.70274152854,188.8898294712094
cell_51230,31310.397781491323,-12041.780710614987
cell_52417,31058.707980399147,-11861.307396521548
cell_4868,9719.807732164394,-2909.5901369939934
cell_46796,18036.23990423102,-4892.248050055711
cell_50295,-2479.4509084128877,-220.07040724407665
cell_2908,29306.02703622439,-10285.713042781254
cell_2874,1510.9940765340668,-1450.6073387750148
cell_2897,18012.34049202163,-5984.2368061873
cell_51104,13313.5386423279,-3552.3691989128424
cell_3409,1331.7070583011282,-1418.071596100287
cell_45397,29207.41058683705,-10113.966119443992
cell_3591,-12202.619690132291,-36.94934366077419
cell_49668,-3659.254972333074,-1010.7819683008382
cell_51842,16394.560862155915,-5583.09023310382
cell_1301,24439.757327376643,-7403.592351954188
cell_47038,-2955.7800101552452,-367.0477776643448
cell_45133,7414.068012744596,-2865.9048180332247
cell_3186,36651.61778416121,-1213.959265211857
cell_52076,29380.890083743405,-10186.748866145706
cell_2805,-9894.296701056719,966.9361618733476
cell_45257,-12998.764520760951,464.49898796335714
cell_44025,20877.65262058348,-3619.4696656618894
cell_52120,39098.539852582915,2352.433578311062
cell_49390,-12409.966060187631,277.3567171457121
cell_46679,-7043.001940866628,502.369370421256
cell_45638,34005.010361693196,-3786.6275752991687
cell_832,14084.75601276197,-3929.442748443549
cell_49858,-7897.974554014449,-12.880042627826558
cell_45617,36508.58723989333,-1414.4679968706052
cell_45439,-10972.255565515561,2139.7459508862544
cell_369,22525.224519597537,-6527.039537216145
cell_44359,21201.843313821635,-3303.028859513318
cell_48125,-12324.011381579672,181.83353595148736
cell_1391,-10521.311571148392,5651.3274551377635
cell_49233,-11468.49477249695,396.5242577703491
cell_44710,17764.804923229454,-5277.718872193858
cell_45181,19803.562742833587,-3778.2851171423567
cell_45548,-8439.381097351454,760.729082482436
cell_48315,-10716.475608307248,721.949242350468
cell_49848,38275.05660905585,981.5176702189916
cell_45946,22350.916637076178,-6742.5825611232385
cell_5453,-710.2620467399104,-690.9314086311771
cell_44187,30237.329103170094,-10922.409139239011
cell_1445,31130.157626290522,-12239.631328046318
cell_46402,-5204.535551207731,-369.6337384467726
cell_48828,-5565.045261082601,313.02522463353586
cell_4530,23331.1701614848,-6663.551351735812
cell_43653,24605.643296796778,-7539.4510489753675
cell_52167,36877.41458499402,-1227.8251845907766
cell_50658,36611.50552079838,-1374.8025822368484
cell_46362,-4654.652277024677,-271.94973486452375
cell_632,20380.259381684868,-4943.270180818976
cell_51731,34367.759627190695,-4006.432489357611
cell_44685,7358.247989956109,-2261.1974210162957
cell_47708,21407.395817107074,-6071.7070422801535
cell_3212,31204.058382982814,-11814.512752790572
cell_50324,-6433.335416985046,287.7120707805508
cell_4403,-402.7985992251202,-854.3731773396278
cell_3522,16175.09375072231,-4086.899913412746
cell_50778,-6359.101837082787,-1011.2040575880261
cell_3226,29676.475049596706,-10608.77008985597
cell_635,20983.569913282805,-4112.5412297487655
cell_50529,18686.767030098472,-3314.2970864307927
cell_48723,20340.90560931929,-4126.259419059091
cell_48946,18916.97641010399,-3382.988536906223
cell_2773,21729.774762307476,-6478.312118453565
cell_48438,-2795.2872895044047,-501.55987183585495
cell_2726,14677.444408521671,-5057.69250974722
cell_52026,-65.14152744679164,-1761.6056808827839
cell_52232,19947.028164787767,-4443.9429423144065
cell_52109,-9824.829588764303,762.3350187515641
cell_3358,38223.00803480238,335.18591406846247
cell_1101,21370.975174883824,-3424.226772005788
cell_1063,-12111.114834080156,2470.986780890197
cell_45574,20993.862579283963,-3310.076828713986
cell_52434,-4528.093000869965,-831.676343458275
cell_48089,-9832.663170760678,-717.0943333387863
cell_2800,-9575.071998170639,378.3205282360139
cell_49272,38626.227135615925,1494.3201639636973
cell_4906,20051.986908970746,-5126.1955005060345
cell_1009,30521.402582161765,-11534.714103583969
cell_45781,31223.026363307312,-12031.373199407415
cell_46887,26317.06209654519,-8275.678724002788
cell_52384,19542.250702649195,-6180.80676407331
cell_44769,-9113.714328150094,1431.4363063782132
cell_823,30984.753596094793,-12065.161038264228
cell_4334,30462.186393088075,-10562.947940374934
cell_447,38234.77512700044,531.9011584401716
cell_46447,10754.328010380807,-3083.9780508866993
cell_4317,23833.951026084185,-6865.421198357016
cell_4475,13472.094185610194,-4172.498455940608
cell_47410,-10550.499225221112,686.9474820950925
cell_44773,12262.659623250014,-3146.78610409534
cell_4682,22704.89252717461,-5941.15680196083
cell_46902,-5376.092952419135,-56.09993905408969
cell_45449,-6141.988186581553,1427.3998337388198
cell_3922,-3389.598644345432,649.099235778136
cell_3204,20008.96545189151,-6325.286373914112
cell_45086,36492.10697872522,-1598.421207194942
cell_564,21393.496920961243,-3427.2548275823974
cell_48357,20574.464537203676,-3354.404454035693
cell_51650,31370.33781577022,-12193.718098854291
cell_382,38548.219466242466,1178.1806226014912
cell_3741,38420.04564722736,947.2520784796959
cell_51822,-6772.425934309033,-956.0610345563381
cell_45090,-12912.452228360753,285.53363585419004
cell_46056,31428.083499350738,-12385.75236433562
cell_51478,-11218.667814480657,-1411.4103548481712
cell_44387,19611.21453234754,-6017.495493446489
cell_50368,19646.152140124126,-7461.259781014199
cell_47908,39239.96115799727,2956.586604500831
cell_46462,30868.427622815107,-11446.790032846046
cell_44165,17742.00900146039,-3427.387500245956
cell_49006,-10471.162794302416,1495.7827759880543
cell_3339,21713.997584736404,-4118.592253180628
cell_50828,37198.86627935784,-535.1943448059546
cell_958,30853.876939252288,-11936.652023815635
cell_48836,21920.141690225617,-4660.7962745446275
cell_3152,22159.509364548856,-5099.463687833306
cell_50675,-11618.439892987451,-780.9539499574463
cell_49347,21564.168274484735,-6471.899446437023
cell_47955,-9123.792723741684,-668.2005648531883
cell_45765,30352.96334710607,-10866.461223699023
cell_44514,-8964.628294099573,-1092.6666699327266
cell_44017,29496.999843436548,-7845.621446462299
cell_46494,-723.5895637774669,-1491.5307468966582
cell_3630,-1594.2060645526954,-1687.7227199592194
cell_4777,30622.42670502535,-11495.727101736473
cell_43927,2592.1247480758584,-1610.7302873092015
cell_3556,20415.314674695943,-6473.807185214487
cell_4604,31147.344892991234,-11726.079775060049
cell_51917,27780.98606009792,-8866.377856032872
cell_50305,29856.2250488359,-10519.919974536575
cell_44112,24080.466102478276,-7537.098525964432
cell_46088,10701.866260967237,-3011.299621491756
cell_49120,-6116.279974641179,-38.72548590092273
cell_44785,38837.41210170152,1708.0759874348787
cell_46120,31405.731071606195,-12313.9882996608
cell_4804,20124.90710017398,-4425.598446492829
cell_49122,20063.625355569173,-4559.128119543906
cell_45886,-11751.202393342412,248.00201665898445
cell_47555,-10158.614802875429,323.79383939371894
cell_47675,37094.84366401747,-1053.169017329629
cell_1158,20124.185502378205,-7494.22272957671
cell_48336,-2998.2353287796655,-1401.0012017427314
cell_48223,-10410.945989274735,330.99286164271797
cell_46417,-13103.070097681728,461.0592079735038
cell_3535,-12353.9023520026,1297.3308321981633
cell_1378,35047.56117928727,-3350.950804418564
cell_49972,18512.73742044571,-3680.2873443885846
cell_44532,-11793.061516628839,2622.0406713838333
cell_1243,27843.455764164595,-9269.202656886417
cell_3256,-10398.936445801155,134.49429526973347
cell_46625,30428.80642936964,-11087.910832860352
cell_712,38777.92213016804,1702.0192847688324
cell_4952,28356.705785464936,-9662.982812297309
cell_790,18568.568643328235,-4054.834782806187
cell_46840,-12149.345193124125,-632.8986583097515
cell_46511,17065.559967044406,-4179.991321368791
cell_46643,-12909.847891870942,176.18743685196105
cell_3478,-9714.844488241197,752.4945457726708
cell_44300,16426.250438990588,-3731.908461634795
cell_49449,-12569.474757675174,2526.704707218067
cell_47301,18646.50968831712,-3636.9823486552127
cell_49796,-12501.310641471578,-73.0532057372488
cell_45244,-10968.54771561508,63.90858363980833
cell_4630,490.40812553105263,-2242.51106856872
cell_47044,-13023.89702641457,642.2518449263921
cell_5001,-4184.831863756789,302.1843949223119
cell_4321,37300.712533755475,-1027.580551225657
cell_49764,-8593.088370062937,570.8431741137465
cell_49071,22113.700233709227,-5143.134624255469
cell_49979,-1798.1079950752471,-962.3262747459369
cell_997,30753.132992677343,-11816.408162942056
cell_50550,37311.88989481216,-943.6693262310806
cell_46794,30063.17003987029,-10774.036191813204
cell_48585,-9994.69712672228,1129.0928979959244
cell_50277,37080.71255690258,-1017.556947249516
cell_3650,-10190.665335876205,-272.00278385179143
cell_45670,-10736.757463971568,164.80368613457108
cell_3398,-10553.187470033094,563.9890688825963
cell_46220,-12396.08188829823,-95.43250551805528
cell_2901,-9914.453941627953,504.10653249858194
cell_1221,6005.073298153667,-2762.982394862069
cell_48437,21843.804133449,-5931.945600941297
cell_51425,19132.499715874055,-5960.790200711346
cell_49592,-9023.742867147575,969.4233866881107
cell_48498,19432.599264970388,-6152.782784559223
cell_47894,20402.614506972717,-3766.5602120587937
cell_4710,29191.91169714467,-10207.87267517652
cell_50194,-10619.594768771725,1118.8264156373393
cell_47444,28825.607583901412,-8295.757497188853
cell_3062,-641.5305325229639,-1276.0765472295573
cell_3071,-10186.894092528832,1539.312077533381
cell_50219,-8008.872753456265,568.9865892538746
cell_4465,31377.3977759598,-12128.684914892696
cell_48456,-5310.049341561793,-1783.8694758444294
cell_44892,-9488.722092320788,245.24313141246083
cell_45904,1202.3226848412237,-1504.367630808865
cell_1080,4436.224957024316,-974.1380791765122
cell_4478,12887.392197414843,-3737.083471625114
cell_47104,-6569.1635789169395,-1572.7451533603282
cell_46850,29932.214078115045,-8542.47497713673
cell_44842,38527.62750765656,1279.0042622506705
cell_3784,-4425.918374783029,-788.9614426564589
cell_3314,-3383.975327713847,-530.3520044469599
cell_45800,2557.6647508241163,-1623.5165539811526
cell_1264,12270.337594600767,-4109.33625776125
cell_48343,20484.28482560106,-3362.000546026137
cell_44154,30751.350221284338,-11505.619994121556
cell_46113,19243.065299591733,-3668.1007093389217
cell_51608,-6080.382926116686,-1199.8114711045253
cell_51564,-3023.905495553914,1390.637631601477
cell_48621,37147.90865623539,-1188.3819744820628
cell_46592,27894.8781319354,-6589.97822010426
cell_3646,-2601.491251757723,-521.885344332304
cell_51913,18899.90314791442,-4150.273156994145
cell_46274,-575.1199426466791,3362.664448344408
cell_1167,38467.928109326094,1022.136072157043
cell_2912,-9328.967158017222,248.2120950829751
cell_48922,39281.97589991386,2995.1472591604484
cell_45377,36863.01004193908,-1419.4536799286525
cell_5125,30982.558231732768,-11585.322166389422
cell_47539,14981.903560045217,-5148.890046052953
cell_48888,37149.717699527646,-716.0538522541722
cell_51525,-5890.174268158153,-890.2226632266302
cell_1020,30721.555943041545,-11787.076700980026
cell_44249,21398.762671926976,-3308.497154149009
cell_49578,15615.436109994864,-4306.588080436591
cell_51637,20361.077841507613,-7255.390495758653
cell_48469,29441.1161112889,-10416.012940076962
cell_45549,37437.73818352587,-708.1686007321584
cell_49804,-11621.668927603436,157.4766862615325
cell_1250,-11251.106671205276,5368.662480406948
cell_44158,37464.901937909475,-742.8324093686499
cell_3921,20350.00055483873,-7326.34862263678
cell_4996,16698.92893465595,-3942.0861158376338
cell_51084,-11196.325028841087,-1983.2817568304727
cell_44750,31045.34273246901,-11819.091367922441
cell_48776,-12697.018911314708,50.41463319858469
cell_3132,-12204.57313640332,607.6500743419949
cell_1042,27203.126058531216,-8916.727232161933
cell_3726,34925.75161325883,-3743.915143200531
cell_51851,-7780.92645831577,-2814.895882076273
cell_46087,-11479.938862323263,2774.003550825461
cell_50632,-2501.1702617445194,-1708.1690196127015
cell_51330,-8517.128630321577,-907.1631738828885
cell_46476,-2669.1964292525886,-1261.4721942514236
cell_52391,19858.578747223066,-7492.185138952804
cell_45641,-10474.575736122772,734.874860071822
cell_50588,31327.529008819216,-12130.063098409744
cell_5235,30772.591392978495,-11709.743438041403
cell_4738,1089.9110950874647,-1872.5357359905722
cell_4955,-216.93531098017306,-1113.1721838274277
cell_47160,27541.193270173553,-8915.286694098655
cell_50447,20996.635872858613,-5300.415581213185
cell_52404,21861.580350355467,-6406.806402885752
cell_47824,25548.56491990688,-6269.735293567312
cell_46170,38812.676818090025,2139.110506811422
cell_46753,38947.8062403416,2463.0608832425164
cell_49675,20511.320214451644,-3305.528471981854
cell_3049,-10709.14106665564,1659.74048779809
cell_1440,30700.773501561347,-11816.579706954564
cell_1337,29397.590525667114,-10085.672988553613
cell_4424,-12496.489425236763,336.0296281599479
cell_44741,24220.19721130987,-7280.777077552753
cell_51640,-10343.789165448974,-1465.3013924872844
cell_49652,-11521.525354903872,373.83304579356775
cell_5287,38329.004035038924,558.2869637671499
cell_4970,16187.557222017062,-3600.3631157393474
cell_48820,28965.623743725624,-9998.707633558326
cell_52205,-3860.246573586716,-42.955809448610864
cell_426,20742.51435945559,-3563.3245870527676
cell_45463,-11902.067250067452,833.7518384468201
cell_50653,18503.250561624915,-4653.077576721242
cell_49689,-11826.221092246315,15.338780234174523
cell_787,-8781.534256688938,3274.4001742428113
cell_48669,7554.096355618311,-3256.7673955869213
cell_43727,-11809.357129907869,-34.658409928042126
cell_46954,36435.72223020985,-1980.6264344494243
cell_44831,-2221.21408355335,2352.171499403958
cell_3225,23608.543608718563,-7737.550867845527
cell_49065,33401.854129096304,-5772.017574852841
cell_43672,30939.291743618356,-11525.128674261252
cell_3424,38945.267533369435,1894.5635318820484
cell_925,23959.257858310957,-6866.181752630082
cell_5426,31353.124458637078,-12107.514050901962
cell_49898,-12886.630925179543,-145.7106738167287
cell_47169,-12742.084295119994,221.79761820126654
cell_5205,9171.369746995473,-3275.5272338814166
cell_51447,30301.515859120867,-10826.25784681246
cell_899,30502.134915999064,-11542.518047943919
cell_45287,23525.737436164414,-7204.496236234084
cell_43972,15333.30305666211,-4182.459983941321
cell_4281,28278.805548161126,-9649.55873031975
cell_46039,36943.12782514733,-1195.1754888759394
cell_4779,18311.081700793904,-5400.128091693618
cell_51643,28554.583265903817,-9455.913841300033
cell_46188,17003.08070229309,-3978.681117475374
cell_51233,-10837.769996791605,-1634.8694010365864
cell_50809,8101.733057236124,-2753.832870145329
cell_3844,709.6114155194031,-812.0887966516086
cell_51901,-7462.919239538295,-1311.944674353432
cell_48124,18866.09183030037,-4289.4132400711
cell_52359,-9904.177289767464,-2515.207293066231
cell_51528,17760.658768232974,-4724.0364760720395
cell_51853,38746.76127352277,2131.386840814215
cell_47510,28187.649167887233,-9284.824529467483
cell_48276,20759.426686636605,-3489.9634897113983
cell_1302,38039.499991006596,143.33083276974358
cell_47878,-6837.726378999799,-107.41812850672103
cell_46579,38927.91079508392,2365.0973646129046
cell_4476,-8913.66507931618,1367.160432998654
cell_47244,30633.118382037253,-11213.962562555522
cell_50093,-8137.235461374116,527.6415775067256
cell_44737,35462.5854331349,-2542.4029878596484
cell_45832,18142.183180317952,-5536.3897330079135
cell_3263,30325.5300112546,-11079.966383078736
cell_45963,30304.410641520863,-11180.473921419933
cell_4352,-8918.938427219678,1157.9439631459904
cell_806,29449.417999139838,-10489.892725496184
cell_45391,15393.496081233085,-3993.9717110296538
cell_44953,-1844.2714360348764,-729.4293254350137
cell_50783,21547.004774016146,-3346.509144041669
cell_48347,33702.749693743885,-5245.725767120082
cell_45530,30920.834520248947,-11767.508922530902
cell_48180,12828.915504255441,-3625.2785823542376
cell_4288,-12243.353762018196,-552.9030313259351
cell_52300,38065.24044118673,388.49450269289326
cell_44628,35429.65131058316,-2521.192591547657
cell_45065,16588.542074155273,-3901.344372232593
cell_5345,11732.168840427152,-3264.597487898314
cell_46247,-9070.351528526364,161.31793641755544
cell_3856,-4188.432028480756,803.6803535462022
cell_3329,-5909.256217358484,-686.9142312395512
cell_50802,406.6263155288089,-1414.5660903275714
cell_3118,29687.519804675976,-10544.593341765856
cell_3809,25045.28643970702,-7732.836948730773
cell_52334,21118.030662486075,-7342.022896291178
cell_44287,13925.847602139254,-3505.6951980406816
cell_51852,20160.36046427629,-3782.8339785201224
cell_50578,-10956.774488322813,-1578.0292476794293
cell_47409,39082.430203478914,2207.5300844359354
cell_50521,27812.20841189554,-8856.334147738973
cell_51379,275.613907692409,-1363.0083777259256
cell_2733,-10228.90117376972,197.79425664235526
cell_47012,36347.19512725238,-1995.3601780357897
cell_886,17034.878309902342,-4699.577820429939
cell_606,20400.441310179893,-4300.913092082165
cell_52065,12977.078158935266,-3346.3803251212034
cell_45173,-4421.983785095385,-606.9331176266694
cell_1065,30330.54717099643,-11346.231775029362
cell_3976,-11508.114890218589,616.8602803751461
cell_47175,21102.273843785297,-4480.767286305303
cell_46302,30480.939230771626,-11117.476140929208
cell_878,21478.745223461032,-3350.737843434281
cell_45879,26525.776211552282,-8430.190816822136
cell_625,31921.046084024023,-4863.223139115221
cell_5393,28347.213055021053,-9794.513532543759
cell_4726,3328.251049503544,-1463.4709732134363
cell_52242,17497.79617695572,-5522.596903337207
cell_46222,33333.41062894538,-6310.014344047308
cell_50528,-11189.143419945613,-1570.84612782839
cell_52398,39273.26697626393,2828.7621180978044
cell_50352,16442.143329146773,-3775.158140906162
cell_2796,21214.612037691964,-3359.6772201196027
cell_52430,18303.97666704489,-4109.98251298013
cell_48080,33657.61181159053,-5025.509986434528
cell_51662,-4614.09171054603,-1505.4043450374322
cell_4368,21344.84509009958,-3287.0489997149593
cell_49792,21006.81439127847,-3482.7413184160014
cell_50255,-12301.079743754575,1172.2984349161948
cell_2720,13729.941756936489,-3486.0844312771537
cell_51406,1529.6672642588376,-1700.5816969314778
cell_4097,36701.46886290025,-1739.528588380611
cell_4675,21152.296286591678,-3340.193295438425
cell_44461,38521.36367675896,1354.076811573893
cell_5203,26424.296187134383,-8464.532665977202
cell_51576,20203.203558006993,-3722.8395777548512
cell_49785,-6736.8840154512045,922.8847407271551
cell_49642,-2370.8154403141702,-1210.7049832805283
cell_3295,14277.529511600658,-4600.679035186602
cell_52287,-10015.593794210175,-1014.9831200249037
cell_48390,32296.594041511726,-5001.267096109743
cell_2717,27261.322208147827,-8955.83192742669
cell_4907,-12058.661910699971,1220.2915975448027
cell_48616,38038.809952797266,567.5507437621355
cell_2925,28974.346728675006,-9919.55486577383
cell_3928,-9808.755699722202,572.8236621295118
cell_51171,29122.800063919156,-7306.2692009358325
cell_5120,18245.441329978374,-5775.766218276613
cell_3303,-8538.220553375748,838.4911449624934
cell_47794,14517.35429521462,-3513.582163468
cell_48110,17638.79539706882,-6241.226964737271
cell_2965,-9584.55836378961,1132.6340210834203
cell_47320,5993.3773906838605,-2168.1231194527268
cell_1161,18554.853045142252,-3615.914147030553
cell_48611,8041.326693550297,-2658.7538756876966
cell_1162,18941.81120057,-7195.242296750317
cell_46723,-12844.183089305365,486.9377180074795
cell_50513,21269.199932608728,-4336.023755422604
cell_3543,21074.675667849344,-7449.758997229878
cell_50782,13654.34518421556,-3796.9645230214724
cell_3488,-11931.620996487227,-209.8394002451595
cell_3396,26034.452511560394,-8150.541968225076
cell_47713,39237.37810414218,2620.370143435131
cell_47393,30082.40373429856,-10866.678120942135
cell_720,19261.931216265784,-6311.666613628854
cell_51667,-11731.207081041479,-1013.3415901197105
cell_52263,1928.2171716366681,-980.0753874021096
cell_737,38558.71412323517,1057.9757607110257
cell_1254,38657.949476739195,1193.1299252280871
cell_46490,-12331.3099565649,108.05645258298657
cell_47430,39086.38287937741,2752.625406707653
cell_46433,-4359.773583000763,222.08681333080526
cell_44068,21116.430194441007,-3504.0889094836148
cell_5172,33832.33521598797,-5424.836624375276
cell_5110,-11965.636096467777,770.8008102946391
cell_2969,21313.26507561218,-7119.414167274983
cell_46093,30108.987278817793,-10967.890002719476
cell_46513,24334.67152329893,-7893.3799333112
cell_45045,11891.027515370462,-3880.2246442933056
cell_2923,21605.44355865967,-4445.362657442989
cell_5336,-12681.610329455632,85.77070380893255
cell_43825,21100.418688343245,-3538.5203622952813
cell_46105,-13035.333791642643,109.26641362407325
cell_50813,11864.789135012514,-2908.3905223455376
cell_50518,33729.71527374349,-4691.451549987498
cell_3903,30745.570590811883,-11442.729863768598
cell_48199,-9815.790871034747,1493.6286751782175
cell_48055,28677.679511480157,-9679.729939697338
cell_1057,20293.765532512127,-6743.026972531095
cell_52382,-5428.278672558302,-1301.654319831922
cell_51411,-10672.388430216984,-1665.5049374860148
cell_3022,27466.989992244053,-9058.026731616004
cell_52056,28489.268374020754,-9595.355989521368
cell_45604,-10541.698735739252,1102.00490277846
cell_50015,-11016.314455065989,1477.3374879750638
cell_47842,-11681.390939058416,1609.8139654961158
cell_47494,34898.69030624884,-3435.6888846976462
cell_1098,29204.110688257453,-10316.064376883854
cell_50022,15457.322242593325,-5096.828624218424
cell_43989,-5888.519607828073,-352.8976291600686
cell_48463,-6679.077541523594,-1337.9586702361134
cell_939,31065.925560984844,-12102.105289261415
cell_45577,20675.211123378507,-3477.7302623598025
cell_47972,-12174.660549314083,-194.26384079443469
cell_50098,38852.25504156776,2389.6690876963025
cell_52465,-11676.45583411451,-1708.5436441460452
cell_52324,17458.386138751404,-5443.514155922522
cell_47831,25295.104868859016,-7781.900264938772
cell_43642,20797.9383325025,-3472.7091400699205
cell_50018,20566.094200523818,-3324.793207874228
cell_44991,-1757.9095020684276,-1067.5931812909519
cell_47522,36785.473615115836,-1209.7634523753484
cell_2725,-10945.665651569198,547.0310099968473
cell_43702,31288.4908569936,-12267.536384222256
cell_49779,22119.07363896105,-5281.1728275806945
cell_3484,-9819.580790455442,3501.319918907778
cell_44897,13522.604460111837,-3479.5939174001765
cell_45820,38035.057197579146,416.0418075124639
cell_51007,21518.574236891203,-3376.848482372988
cell_51779,-9544.24468224394,-202.55647166060248
cell_51344,-6599.594988079297,-1031.458354660671
cell_45188,-8398.350646393372,951.3573147292032
cell_50428,27695.165266952474,-9228.447318847167
cell_47498,13040.20317742938,-3683.308815117007
cell_3927,28778.96955475741,-10009.620648367498
cell_3658,-12213.251453486531,-195.7031860199795
cell_48791,-11681.28167626333,1102.3908762198334
cell_44862,-2580.413056638674,2280.4515209426495
cell_3700,-3009.9861754920234,-1935.8259022381094
cell_49775,21851.033520479414,-6289.6457922288855
cell_4150,33951.24864385528,-4827.202916717303
cell_44543,-6491.2113198121915,-1050.6132010595759
cell_51941,-11517.718613295767,-399.2687099579808
cell_48683,38169.54285878668,688.7146785282828
cell_46192,29484.05059726986,-8889.212921566383
cell_48531,31113.142745443685,-11786.429965578707
cell_43730,29971.810721640264,-10724.519748879527
cell_47455,-8399.484566586572,-201.64305028433486
cell_3411,12371.585692334977,-3977.528126727412
cell_47544,31212.313879658723,-12123.537872234658
cell_50659,-5079.501900963239,453.3070491542257
cell_4084,-11666.007524662558,-168.60788747005896
cell_46013,8918.245220687297,-2885.825889495889
cell_51327,31215.502185474703,-12070.315150030503
cell_605,21373.869279247752,-3606.106335815061
cell_44522,9430.6083300091,-2731.070752062466
cell_1306,-10729.762601156526,3882.295927005669
cell_47815,30457.804879523454,-11237.46622245588
cell_48849,36595.75134812956,-1915.8329718447114
cell_44562,-7750.935035317456,1040.5656312390183
cell_5244,17497.537139980373,-5397.633664629348
cell_48874,-11296.634332053569,256.73305233992977
cell_45468,20031.63560506155,-3683.5683344141025
cell_48133,20120.365923254205,-3669.5394360669543
cell_45839,21331.995870676736,-3810.4514294766054
cell_46073,31199.67903339793,-11894.26222762398
cell_814,29778.830098046652,-10727.98218334804
cell_44084,-12137.646830977792,484.0360020162281
cell_44463,-9461.787576783468,459.17938237909596
cell_4898,218.72694271482408,-2310.3787369382453
cell_4983,18997.133457939843,-6019.150840126197
cell_50363,39152.51427969027,2526.5046861423048
cell_2694,31427.41588976641,-12271.70031417979
cell_4593,23519.816786244563,-6646.820700142201
cell_1345,-11377.276789049798,4047.949848308208
cell_48563,19337.026643327707,-6226.5450835158745
cell_43562,-3869.9846641972667,-466.52456167327097
cell_49754,31131.274983655312,-5406.229016838665
cell_44997,18574.131501396234,-3858.70782410304
cell_44009,34143.60464559566,-4181.831271556241
cell_52208,33731.58231005491,-4301.339610722054
cell_45957,-10499.934592592192,40.2207675681058
cell_48518,-10306.857581966995,1159.4445440604413
cell_50582,-586.401007313228,-1464.8460219553738
cell_3394,18391.102457285117,-4163.602961068375
cell_5003,16195.482253912194,-5391.125367125253
cell_403,30733.94925335656,-11700.836612164536
cell_48160,37344.94765435249,-668.311164936329
cell_44879,-8362.22489853573,1104.6005342131818
cell_50590,-5943.760499820284,-637.8141479533822
cell_51992,19785.318842715493,-4563.768216410961
cell_4987,36015.25257813144,-2407.370396466258
cell_4076,-11783.220247514017,-416.7539355702102
cell_50599,-10937.915753311248,-2723.1187843975886
cell_48917,-4113.15602623241,1335.6110128661594
cell_48565,-11851.150600354984,92.16001194470698
cell_49091,31602.11777518775,-5297.462633850161
cell_45779,30719.659368774734,-11338.41268108578
cell_46634,-1709.527409927348,822.6510266289202
cell_45862,19825.65154715515,-6113.396372176274
cell_47592,39136.15693462358,2651.713866426253
cell_47376,37300.6496835975,-514.134579447518
cell_45535,-12357.954746449392,2419.0540034751557
cell_4703,-4509.333402659621,-287.9642368810854
cell_45113,30120.371135442907,-10804.61227017463
cell_51374,36346.09063020019,-2183.406460885883
cell_48644,-9480.829462779127,2431.947658053063
cell_44780,30431.73545720325,-10687.802572994817
cell_3490,30939.995009290877,-11876.310063045088
cell_46338,25347.49290340046,-7775.168283114701
cell_51819,-11444.412319072555,-1957.5525586798
cell_4380,-3064.9932572931875,-235.4788136432869
cell_3144,28326.832454871164,-9490.419576504959
cell_52294,12326.82925063441,-4477.704350004491
cell_2850,-11301.769754623343,292.04038492765727
cell_51787,31258.585316087414,-12104.66364866149
cell_4628,13939.495671033532,-3705.32428070553
cell_49995,30496.769442695244,-11095.219719464882
cell_45319,-10530.37863510079,969.7581651189545
cell_45994,29039.188124163866,-9146.100487991167
cell_45214,-10791.601775754445,580.6950609584583
cell_47346,-2167.2825815519204,-1519.8049156338793
cell_43617,10728.716727884937,-3063.827648581613
cell_47618,19688.212754258337,-3907.304197480791
cell_49797,28235.58744123837,-9190.880511764432
cell_45981,-3728.2770015825145,-1439.8526928758436
cell_46263,565.1965518734794,-1351.384165324845
cell_3977,19642.83285255795,-3617.5305913974225
cell_2745,26659.652293974425,-6506.8595680460585
cell_47810,30924.00946368309,-11533.054203234937
cell_45184,21166.83519016917,-3631.097762751758
cell_2821,-12515.442783252729,743.2743784001306
cell_46726,30313.74972709809,-10883.440515955961
cell_50042,27370.39595920384,-8947.003024381327
cell_3286,37782.17728887067,105.53007403693438
cell_51466,28459.606898955626,-6305.581568679561
cell_48574,-12613.403696264466,959.0423586545049
cell_48305,37979.80306570142,768.8942755228605
cell_43484,31026.341965814307,-11759.172601910053
cell_49525,20118.457202472062,-3754.6365183483845
cell_50076,20803.414811357714,-7397.501397988688
cell_5298,38223.68459141381,370.6331386029665
cell_4450,-10410.178966767067,580.4114407183592
cell_46271,-13118.356082231663,130.27852592931646
cell_46497,26165.891175182987,-8214.01726337562
cell_43856,20648.959591317827,-5294.019044566633
cell_3524,-10659.086311234054,1013.7914481495561
cell_3649,-11492.594725598596,445.6397775343964
cell_44330,20241.669438327754,-6187.696932914174
cell_50398,30254.437529732542,-6029.916061124786
cell_4128,37142.49384636897,-986.8606107934928
cell_508,31103.42106105183,-12065.405309428468
cell_43758,16957.489917483093,-5679.244473423683
cell_49733,37099.488844195934,-845.1645108356645
cell_955,18177.19551755031,-3645.2639038962166
cell_46147,-1903.2216277091263,93.77554003803915
cell_48595,-11839.770762062763,1035.5449552595744
cell_45855,31367.766447492235,-12034.193794041385
cell_45278,-6447.140242252945,66.6161785606027
cell_43493,13484.853055372321,-3545.5608131795175
cell_45314,29423.51107585618,-10356.613826115226
cell_4625,37975.79159937061,-93.3870185026905
cell_47075,23902.926908558795,-6838.6542371775795
cell_1231,20028.793295747604,-6448.598300721961
cell_3063,20549.30480071055,-7410.493124850272
cell_47897,26547.909641146358,-6429.263364662257
cell_45885,15367.609624502498,-3789.2350663759244
cell_48446,-6858.027835460561,-455.4183075428005
cell_49175,-10474.710603633592,2615.780416357396
cell_46409,-3405.552120290138,-1767.5972511231691
cell_51454,30080.90119556972,-10833.335936289028
cell_49647,36581.97400068423,-1498.6459902617662
cell_46559,1722.633884073741,-1414.0194362769237
cell_51678,5131.414286608634,-2243.961839662392
cell_48630,36404.5296573717,-2013.7467544486233
cell_50203,-6989.79336918173,-281.65051690107214
cell_3783,-9880.403541856096,808.0263595398998
cell_1130,29712.938505910417,-10581.657046711363
cell_48558,-1274.706757551237,-950.0338867572184
cell_4723,20590.077404284166,-3393.0258968764792
cell_427,33909.37954125736,-4017.5368890180785
cell_44577,-11238.860827449276,482.7100976243304
cell_415,30610.25888667306,-11641.974440618285
cell_49269,21459.111148732703,-3625.6833315976405
cell_3404,-11529.828642037402,743.5975009248721
cell_51316,-3372.443626407122,-932.4747776005911
cell_46310,19318.69369084402,-3790.677364761728
cell_43641,-5482.025591068647,-407.42125507377494
cell_50342,-12474.954815463876,104.88852209353205
cell_845,29986.312109141232,-10658.461926481927
cell_46763,1636.9132130632597,-1685.3518942993503
cell_5067,-12458.297074966946,-767.5222566722438
cell_43966,20547.38327365343,-3443.609650467367
cell_48727,30924.58977716908,-11697.247011433647
cell_2743,26559.772309059033,-6879.5714051920695
cell_46425,15001.421541523803,-4592.296180600922
cell_47382,910.3128669731523,-1149.4989740012807
cell_52385,17987.593834005413,-3424.789389939262
cell_48229,-2706.4000351840064,-1631.0819710727835
cell_3492,-12202.000800366797,1247.0019771271984
cell_715,19791.945058792266,-4428.992166875456
cell_49641,21182.953382596235,-4643.856599235133
cell_44060,8405.431783436823,-2644.2158165761043
cell_50921,21175.08728509169,-3911.3140403173984
cell_45446,-11792.979225741597,121.06688103742717
cell_3923,12918.070536662766,-3510.979179732449
cell_48584,30782.78401100575,-5587.343031879202
cell_48275,39074.993054082064,2546.457285737352
cell_48540,23372.8921294239,-6579.590667835222
cell_44837,19097.365626435087,-3727.30323389455
cell_51234,-11139.222038629583,-1315.6852005914814
cell_2740,-8369.730752748988,-807.6478970525815
cell_48482,31362.7608244625,-12322.38489080154
cell_52134,-9083.52053319007,-848.0596489291329
cell_49788,-5079.606634281701,-1752.1617309123833
cell_49920,13596.907847252802,-3598.379891734214
cell_50152,-12863.456404663702,766.8246764009428
cell_48718,28031.304750852247,-9298.842433599646
cell_45585,37342.508078344195,-782.0774720828263
cell_45812,17282.424794708197,-4659.017184700387
cell_51759,15814.97439508919,-4280.3441561011905
cell_5026,529.986028864496,-1632.0456179098283
cell_43996,-10902.180266452722,1719.485923557541
cell_46196,36653.07711719266,-1442.4672191449708
cell_47065,20452.64275493534,-5035.031372788135
cell_45628,20151.779797064213,-7487.6101213153
cell_45931,36635.11360920479,-1816.1679913717749
cell_46051,28947.924583696225,-9953.100999602042
cell_44994,21813.759224797286,-5628.546636210808
cell_46700,-7342.788717648837,425.7104269492305
cell_2731,38700.07630023612,1616.957029070674
cell_51632,28343.209083159156,-9362.447867443223
cell_3203,-2470.733563664656,-1242.072511561507
cell_51345,-11514.443846915754,-1642.8093143570438
cell_51939,-3084.363813380493,-1706.2534308741258
cell_3091,-3720.5845523546845,-306.3221020348929
cell_49344,706.4357055752558,-1096.6183802957241
cell_52264,-9979.058923152963,-1681.7258369926658
cell_47856,32485.50280701863,-5706.700039250071
cell_51125,-11360.994717368872,-1894.007692142616
cell_856,18501.118550135056,-3446.2483983397024
cell_50185,37321.478479382036,-915.995146433029
cell_3873,29336.4602663287,-10277.393813542705
cell_46669,-12363.356112486736,-308.0120344157557
cell_51071,14101.836643161829,-3036.310216232421
cell_4382,19993.617574711476,-6879.076958425704
cell_51774,31080.283452087107,-11890.03904650389
cell_3681,27038.242346830502,-8480.784297459179
cell_51376,-10399.655727205974,-478.60103954175787
cell_47051,37370.14447364073,-471.86067486304495
cell_48432,38363.12015525025,951.927594327323
cell_52084,21736.55324706331,-4178.9887006716435
cell_4180,-9655.800834501832,1220.0663076304968
cell_4896,20102.157588073747,-6274.933884266961
cell_4028,29481.79479918513,-10431.97443536798
cell_48106,18734.327297674423,-3487.051924513632
cell_50007,29649.887864881028,-10447.996578341455
cell_45922,-12683.948901957576,1600.096907369972
cell_4273,24416.72504794333,-7439.733464192634
cell_3333,27534.547818290583,-9077.142717983468
cell_46993,27882.88579155277,-8891.195239467266
cell_48729,7389.581914934093,-2910.078180142454
cell_3224,-11698.249230417288,-57.11999122329898
cell_3284,15891.042291722666,-4377.750321412431
cell_44053,36905.7998501952,-1255.941873135034
cell_49630,37971.30503630251,453.31071114243474
cell_49923,19307.492361886707,-3701.6058512013565
cell_49448,29131.06936785925,-8708.194293221799
cell_43878,23522.059121305258,-6777.623054350334
cell_50207,-10132.972581160962,593.2236944259857
cell_4734,22252.699304111233,-6005.470900211785
cell_4379,-8464.044051937155,29.81942113045942
cell_46258,39082.728233340174,2722.061316264931
cell_44491,-6676.712663510264,87.30083304272297
cell_48304,18630.230767017933,-4832.173888188277
cell_47163,-4203.489025726763,-734.6718955849026
cell_47287,-3386.2843652463494,-986.5530415330784
cell_4058,17666.663369149188,-5321.257978859389
cell_52374,-5132.483693715036,-1194.4110063451058
cell_51621,21516.17890467289,-3487.5634222496747
cell_47648,21231.710948668162,-7304.82355812382
cell_44503,-7199.765453768878,167.39853320577524
cell_52451,446.34960435584435,-1389.6765482496103
cell_48273,33833.45518027231,-4489.867833281904
cell_51925,-10557.845994015948,-658.7266152885898
cell_50803,-10212.17504880048,-436.319837864194
cell_45914,30732.42675583615,-11294.898705191972
cell_49113,-11085.403450893073,-846.9797213528676
cell_48439,-1644.9835707705085,-620.0325966059985
cell_52380,29868.195573387544,-10474.732555489263
cell_48758,20610.492971896263,-4973.934159831209
cell_43920,19934.755496493617,-4640.245141930002
cell_44835,6056.856839756869,-2009.1472426761877
cell_51229,-4216.592210402818,-485.11479252704606
cell_46152,-12694.593800814147,395.3502631662292
cell_825,26748.634783434114,-8701.367085193931
cell_45002,22334.141327358295,-5354.908646358528
cell_44960,38670.71230897947,1622.3988875070334
cell_51538,33892.23460277409,-4264.289637912815
cell_44279,-11482.985964002799,519.8256353965766
cell_3131,-4363.0742617511905,971.9750370101311
cell_45252,37296.210942904414,-385.4477740422539
cell_46976,-12116.33535150778,1085.1950833112624
cell_50206,31019.46452249253,-11687.850185888503
cell_50753,37400.13883651851,-809.4509934077456
cell_3753,28455.40401832133,-9791.822771370684
cell_580,29741.891730418407,-10754.265855979509
cell_45441,16195.65885183651,-3845.8338722864005
cell_51361,-4877.500965632733,-1907.1923552249027
cell_46089,-10705.906483904373,296.98619483110963
cell_47579,37413.27182091899,-426.2275994187414
cell_3885,17745.36011670456,-4672.8796693859795
cell_1421,-10793.213031225736,5645.071081373955
cell_51638,24963.956792175006,-5890.826755273873
cell_498,39046.94927559722,2335.6600198640917
cell_45358,36780.83942412722,-1684.84111189209
cell_45026,-12079.792424689227,-718.8701695790012
cell_50046,18562.363519436658,-3378.947772830207
cell_4114,25755.90654987587,-6663.598533384158
cell_3779,30670.97494485932,-11380.91440248983
cell_2689,-10065.026221157988,748.6651293119437
cell_4750,29603.913725987906,-10527.114534851631
cell_45432,7282.666280631424,-2502.814418960897
cell_44696,31386.183623456727,-12223.54009458381
cell_3843,-9206.578498371315,562.9765073491675
cell_51291,36563.807297621344,-1529.4978488004865
cell_51264,1321.9544986284359,-1493.362249070414
cell_4886,28813.921701438754,-9872.193008416507
cell_49691,29201.07429732968,-9240.438509922624
cell_50204,39124.700227598936,2758.8665870620234
cell_44132,30627.293904751055,-11275.913534663512
cell_43698,18826.878717034426,-5827.752665794693
cell_49789,21764.279787855867,-4701.393098141455
cell_4571,29934.35667338186,-10736.545819551684
cell_46261,38929.6772561908,2538.8031396004026
cell_45418,38297.018239615834,818.0386494263738
cell_47548,30872.21184668585,-11624.852800268001
cell_3941,807.9392372649826,-1728.9077579990667
cell_45299,-6347.825418456385,-119.02698545698985
cell_44472,24765.164242629595,-7281.960691204867
cell_50881,18830.755796378515,-4582.159340457279
cell_49742,2517.4326966304784,-1270.5126628795701
cell_3691,12939.568885976723,-3791.937801939649
cell_756,31144.370005215103,-12213.939445261998
cell_44133,2076.2164713077414,-1567.5024395456405
cell_4002,18865.576727965166,-3872.780149602592
cell_51196,21336.777544326505,-3368.8599830997623
cell_49119,31085.489830458657,-11854.293687494952
cell_46627,24110.28147962799,-7202.177942744386
cell_46540,19822.862293834132,-3684.1327896519965
cell_994,37930.39268802221,-146.89069245490307
cell_3311,-11230.209596352814,966.5793681165346
cell_3974,-10660.040838603276,522.6326809931373
cell_46309,-10359.810045765938,378.5959089950044
cell_4377,-12068.096659972574,815.6374367182935
cell_49137,-3559.212833373921,-730.5513304347448
cell_4559,-2536.0554835882276,-949.1860184805023
cell_4031,28772.140453743217,-9911.935873176488
cell_2808,-12794.163973916333,71.90917149582718
cell_49634,-453.9448144180856,4261.721462445925
cell_50413,17916.59202244076,-4018.5175664152007
cell_3850,-5759.8841077867555,3.1486467326171113
cell_45119,-13097.765746190784,30.439492409894434
cell_50826,-13018.283146923899,582.0522061621887
cell_47643,38891.887012500745,2028.6888441848996
cell_51170,19972.402204562284,-3955.330991342023
cell_50716,34796.529521026525,-3940.4940637647783
cell_52262,20693.259428290854,-7308.477828918452
cell_4541,-11242.01943032325,779.3671250095516
cell_46905,13956.951600588032,-3505.7981530329193
cell_4191,-9953.668166614343,930.5248509286203
cell_45989,-12841.133340241384,149.84756129168852
cell_51629,36254.812636347524,-2270.7102339022717
cell_47961,-10516.477806934327,-428.5482576760574
cell_51320,22708.440505014616,-6937.358435563902
cell_2834,19972.047106269438,-3624.4781408278623
cell_3963,-11232.837673396403,124.56493124399078
cell_48480,32119.686747100317,-4997.515722426427
cell_43660,-13174.53695033811,511.01305358941505
cell_3296,-85.40293195351589,-1082.1894072852908
cell_549,34671.03947162045,-3604.68905754211
cell_1082,-9474.952660158664,5234.529059749196
cell_47515,-4924.332875743876,811.9569940730797
cell_5024,-11521.991236374852,2430.3301226204303
cell_2838,38598.2508479499,1394.283563185045
cell_49678,15351.506011195865,-3681.8481609860805
cell_45003,17983.967702532555,-6002.519042557817
cell_46379,30350.392767426234,-11024.05922213886
cell_50209,-12742.157638455634,71.60094371868492
cell_43977,-12224.97286327601,429.59623038079695
cell_3588,29749.17911258636,-10602.1965391306
cell_45649,39287.41874281954,2921.912880961868
cell_46214,-6153.527320855042,866.9650651983684
cell_46742,39001.71130860593,2484.2883358537274
cell_4320,18718.38684163588,-3452.853075266501
cell_47489,-7134.896399327302,881.6924481124576
cell_45831,19716.548685256068,-6742.664469528945
cell_49005,14288.497394150923,-4383.362023494603
cell_760,-10646.531317611805,2343.817906324917
cell_47730,31004.710108520754,-11891.440838032577
cell_50619,-10828.263449412032,-913.5548274926533
cell_48999,-12136.04783335522,220.71997339507692
cell_45236,580.6145951199989,-1488.9260408939601
cell_50100,-3932.4195154615563,-379.0943077081036
cell_44001,-5793.843121681417,-739.2327070706564
cell_48845,-12980.862446298095,403.38841416002816
cell_49179,29398.650526704314,-5886.218395105847
cell_48908,32615.22281718476,-4725.252390293926
cell_45033,32364.764705322774,-4899.315461259607
cell_1333,-11879.24260535916,2445.7619960327115
cell_49472,20469.25153611649,-5094.104888564393
cell_46729,34602.40242175386,-4052.5929358045933
cell_47916,30769.706506521576,-11354.233414289944
cell_47412,-3109.573891292188,50.831418071564194
cell_48086,17494.339608424438,-6495.279859257521
cell_46021,28219.057340701016,-9478.429685502337
cell_46142,26598.9882293975,-8335.858754514224
cell_50999,20158.506871770056,-5398.741110647515
cell_50106,-12341.357132356148,1682.6874656492819
cell_45599,461.8408850320022,-1335.2789983333828
cell_2794,-5588.818795593185,182.01729138743875
cell_709,38578.199717896874,1243.8624099641593
cell_46694,-4410.594259188919,-653.069993456308
cell_44863,30967.3441176095,-11634.381535991613
cell_46112,-12947.630866441292,-25.261475265542572
cell_494,20070.948773242908,-3928.7790856528663
cell_50566,-11723.530553782131,-1228.065274668055
cell_4720,-3749.1114774621,-45.693123760390066
cell_50602,-1888.549557229395,2597.7136190676797
cell_47940,38384.00013589903,1027.7283404215616
cell_4346,37841.609041885866,234.24183093059744
cell_49088,-12446.124396925648,419.60689013688096
cell_44125,20814.381891162004,-3379.764520364449
cell_44518,29613.924556619895,-10549.761300635839
cell_51575,17374.772592883855,-6154.228604251391
cell_3086,-9874.088520626312,861.6075691275356
cell_462,-9587.819194212974,4212.599084258021
cell_5302,18941.01102201904,-3666.7924234255697
cell_817,29823.03812730078,-10602.669211748609
cell_5266,36407.85265961351,-1811.4079166879708
cell_48222,21949.211606371497,-5635.715519335894
cell_50750,21592.131999553316,-3843.2713650569735
cell_2713,24444.68664087911,-7548.474595165172
cell_49948,12551.018911046449,-3305.787270954454
cell_51197,36371.24596378167,-2112.491099750942
cell_46358,-11185.7539812488,278.4420313427765
cell_3218,1606.1547257518512,-1670.0480971867169
cell_44845,30920.31631199482,-11619.707287904392
cell_1125,29111.95381562444,-10109.291882164094
cell_4419,37258.5412554812,-874.0618954202204
cell_44223,22640.135027104207,-5476.187313290023
cell_4993,-10383.373047711346,921.9701668170788
cell_44867,-12827.221569683506,71.55136168295448
cell_2758,20049.95263443188,-3479.6814313089826
cell_48695,15898.297693226605,-4948.519870645145
cell_50492,30835.940679075236,-11661.317729936403
cell_50129,-11644.809882782725,633.0198758342199
cell_5194,17799.70348782034,-4747.477223871266
cell_4130,21099.528536846086,-4179.380344716358
cell_48701,21090.440085056332,-3440.6596948632205
cell_4111,20297.00474354798,-3527.088536613876
cell_45821,12180.007432274535,-3885.784178977945
cell_45998,-11288.11270727108,732.8524380844051
cell_46517,20680.660724049245,-3817.1513510086925
cell_48262,-11878.43347579709,173.54190905475994
cell_2938,-3233.1992564864827,1347.103121508535
cell_1240,37970.53257492365,296.81286202131633
cell_1176,-9272.929560516912,4153.300630121084
cell_3620,-12331.27301654085,238.76446534860557
cell_43875,17168.359101490838,-4137.906578692946
cell_3764,39074.0214691241,2114.0882357110495
cell_4147,-123.92498617136499,3968.6979371611433
cell_43772,-12393.793175001272,1100.0242049311876
cell_50691,-9116.212364761117,-3069.5831207102497
cell_44660,-12710.809450034774,346.0476586673236
cell_3109,20340.508838404217,-7267.674700888148
cell_4749,-11621.139394456635,783.8086471815253
cell_2729,-11168.059520176123,762.799739681663
cell_50156,32844.28582927715,-4696.7557012419165
cell_49248,-5487.750338613091,979.3226466665121
cell_46467,22291.971030900808,-5114.87022994018
cell_3879,28507.452735944513,-9618.145188222328
cell_930,30915.644274138795,-12004.909533442857
cell_46460,39129.82580697011,2838.076488706967
cell_44768,4517.769022333795,-1740.5486626027941
cell_3781,27371.794994229553,-6510.481834287881
cell_48011,-9945.495660046035,2175.539952797597
cell_2679,-9851.224208861973,742.3447304820123
cell_2875,-10784.301866631495,912.6143624937794
cell_47316,-12395.279555882262,-386.1189774322399
cell_5428,26443.942149797105,-8778.227522646948
cell_44425,26312.39522723996,-8302.799145030947
cell_50253,20683.517351593306,-3981.354180341436
cell_44175,-12145.392013016022,11.991204938547877
cell_46139,38019.00327378657,365.6596304945937
cell_44055,-264.55322983386736,-952.5187292537688
cell_49557,-9874.94329719509,454.5409957406357
cell_47152,22225.03328589954,-5003.875271157919
cell_49287,-12662.934604125976,496.8253000060217
cell_50910,31351.493564988683,-5290.278074575598
cell_49980,27470.938045742092,-7714.937341784813
cell_4370,22574.52990857881,-5811.060252500139
cell_48307,31384.996085071434,-12374.355097041247
cell_2664,31080.284307642443,-11979.685884704308
cell_48622,18615.042592364684,-6391.503356464609
cell_4075,17317.749487823745,-3802.7422538051114
cell_46751,-9979.588736592754,-736.3232231262884
cell_46316,38787.56177309684,1549.52484949676
cell_49721,31746.04032202784,-5230.722270705529
cell_44742,20966.718105966633,-3408.620040493273
cell_50861,36444.6105784281,-2081.91660074432
cell_52283,-10562.652348445237,-905.4265345050949
cell_4362,-9869.086532208074,2829.5328384571835
cell_48489,38814.28782255417,2294.987538737172
cell_46178,30806.53797295563,-11384.019865572516
cell_3030,23785.10413858815,-7706.528308248532
cell_1012,-746.1137507095222,-1687.9151616386443
cell_47683,39181.245696270285,2910.62888196536
cell_4731,23503.039628819522,-6733.987773551184
cell_3207,1757.6721988304967,-1537.4326746471852
cell_50731,-10757.152332037766,-1946.019861383573
cell_47374,36612.53199080493,-1624.498684286682
cell_432,30760.379028275704,-11788.054601848124
cell_45049,-12613.734659734204,208.97681349252397
cell_51349,31124.897117596443,-5522.588929278061
cell_4943,-8934.38611850441,905.705910789214
cell_46616,16612.448337442987,-4881.660689432849
cell_51305,36459.44417113962,-2035.036279506937
cell_48076,21681.131158055017,-3779.1531911153675
cell_43945,30254.90159747709,-10859.381283564997
cell_49215,-13045.547307651646,59.73248263719813
cell_3044,36359.341697766795,-2019.7992599989361
cell_49790,-3699.117387603965,-574.6619473669008
cell_48282,31417.65751132889,-12224.057187014418
cell_1156,29844.06946337232,-10818.994706861726
cell_47502,36329.91038164956,-1936.177161822805
cell_4849,31338.785302299042,-12082.528774158724
cell_44638,29912.307564192415,-10677.653497454981
cell_50445,24080.401194752092,-6732.145830364053
cell_48717,-11020.66675975581,-400.19715277058606
cell_44743,43.83761037075873,-1245.9830143688896
cell_51059,-4849.912488926217,-274.82952172569316
cell_43794,22305.201467535553,-5222.291073455942
cell_44045,-5459.0906630775125,-375.3561938163361
cell_46657,-13216.837896709325,570.3920481900157
cell_47119,-10785.430807590847,2914.206331446903
cell_45780,19854.798408568113,-3807.2607084663396
cell_47274,31279.936812868007,-11999.350505767246
cell_43812,-10619.241268669011,1343.9195541552426
cell_43602,30671.259711388393,-11503.098434958449
cell_2872,31257.239517433532,-12035.85100566826
cell_47162,38701.453584248506,1543.2431827281894
cell_44434,37567.86075472025,-284.11308238481035
cell_849,19095.498013203276,-4177.379612991302
cell_50414,29583.875595952584,-10431.531814876786
cell_44020,-5796.269502455051,-420.6811124302378
cell_3042,38807.32123389878,1634.5158139569978
cell_3158,19624.375483962107,-3772.7770986778555
cell_47921,18584.479544196056,-3496.411303088697
cell_50453,-11642.009356209119,901.9355276529591
cell_4410,30139.07252354063,-10914.433502788988
cell_43639,13716.126767645084,-3460.9710403733347
cell_4275,28495.098484440867,-6196.04502069966
cell_49820,-11671.739777494984,21.92372296803497
cell_50567,39209.81067188858,2691.7837840756383
cell_972,-10110.894471169717,4660.4118466810605
cell_45345,-12987.952827192981,77.41920905060103
cell_4484,5125.321492540859,-2466.4802300524466
cell_50137,-10741.067424631025,662.2397827360766
cell_50520,38893.146716834584,2101.6176409894747
cell_1343,30860.094841486633,-11910.234007053508
cell_50320,6504.013301034714,-2379.6807329268713
cell_5303,-10183.768504120495,530.7446667881453
cell_47624,-2123.087974102138,-719.1172751260269
cell_50549,31103.764642691604,-11745.917491793056
cell_48958,19849.16731839494,-7545.625215941422
cell_44248,36152.820254869905,-1963.7849208465718
cell_49104,-12730.974447057331,509.5852457305543
cell_4534,30513.786087329605,-5979.101750229307
cell_4344,38001.7531099811,11.870684184211731
cell_45797,-10761.538904951121,-527.3219350204428
cell_47636,29821.739190184322,-10538.535708291703
cell_48530,-7539.381430062528,-190.87122312165738
cell_45798,-2881.660281356661,-291.86417012260176
cell_642,38868.394591325196,1606.038227309365
cell_50053,18849.10689426779,-3372.4844498762523
cell_1099,30614.884911132558,-11582.276023879691
cell_46542,36714.62494206271,-1385.7276502069913
cell_5325,27209.479881412964,-8850.10962006593
cell_3134,13804.146009311698,-3668.7201205991078
cell_4692,17018.89930835487,-4054.6865295292987
cell_728,20375.17979172601,-5562.531180076908
cell_47902,-1727.6634254203716,-746.2666859529483
cell_47188,30561.950308589563,-11187.771427983784
cell_4901,-10759.402573043719,58.203482974033285
cell_50874,-2340.639578798219,-1371.6192704579742
cell_43630,36944.46004318026,-1136.3034134677562
cell_5411,37378.84074714425,-919.4214191061583
cell_50332,-10749.900037578664,146.5899458148138
cell_47325,-3240.4049614435276,-1082.2773055147436
cell_5301,19171.49700218714,-3707.7873930438755
cell_45170,16997.811864791303,-4330.693060514851
cell_48774,22738.11502167713,-6094.331536635101
cell_5141,-580.5933233286737,3766.278982060143
cell_48927,6419.813909942768,-2414.5677580914075
cell_49262,29259.083667609433,-9908.70718214086
cell_3291,31237.340943217616,-11919.653049715296
cell_43979,12778.031198763963,-3599.297985859738
cell_47357,19839.860470865944,-4500.000835800957
cell_45689,25630.90985926758,-7810.795682693563
cell_51286,30539.1609680023,-11149.53978184928
cell_616,30377.770790864495,-11330.198325050196
cell_557,29302.524148971544,-10315.656372442192
cell_1193,24582.35267294782,-7631.414186345895
cell_47954,-12439.779794376947,-354.82702047048997
cell_45995,30478.92587351224,-11150.022393651914
cell_45225,-4732.429537301618,643.9907898101493
cell_1263,22446.53608770513,-6353.898105373555
cell_49185,17674.175945131003,-6240.054758325204
cell_788,-11216.159401150495,1301.2897311242057
cell_50816,8416.215940319651,-2924.102133193682
cell_902,19986.03096815753,-4075.196120940845
cell_4094,-8702.591064847451,987.0446798427278
cell_1207,30432.133474028098,-11436.523551581739
cell_52353,3616.797305347859,-1845.3629939982284
cell_3265,32497.002179014926,-5317.442370996117
cell_48351,39048.149482873574,2154.556778879742
cell_48165,11764.838805217067,-3167.4420363454456
cell_48590,-11542.934886076286,-6.64892276456024
cell_49622,38169.493531366745,487.5007946670437
cell_45382,36811.71038490273,-1332.5685285609302
cell_1330,30577.96832041413,-11403.140763657062
cell_46361,31925.638177040142,-5151.097758207246
cell_46397,30640.025628722502,-11375.481764384236
cell_1437,-11853.047161388951,4927.680359523029
cell_52219,-11261.202074708906,-2723.2059542284906
cell_51907,-11274.0844008148,-1301.9964183614109
cell_3965,20187.290215869853,-7140.265737654974
cell_43558,-9452.871725081277,323.04322183417855
cell_896,38135.845837366025,229.20610108096002
cell_47609,37676.7028955081,40.2308888896749
cell_44431,-10874.887922977561,1210.5858350882886
cell_50092,6631.121158487051,-2430.078940341411
cell_46213,20412.088465050896,-7176.589169548611
cell_45028,39171.034517454995,2647.484415092253
cell_1278,19846.287654879467,-4893.240406424326
cell_3925,-3542.8116790375584,-384.55074418631506
cell_5018,-1758.887245055789,-358.3541960443586
cell_46557,20245.507941468575,-3614.5798169512
cell_51987,24632.96512120289,-7249.535826384705
cell_3252,9950.21475949,-2900.7080793256528
cell_52038,37898.68972670685,23.613643159760123
cell_50651,3273.9851074970497,-1772.7046292913421
cell_43885,37394.84067353401,-229.1241513026171
cell_3007,19605.82175498717,-3843.075977588995
cell_52163,38948.1214128891,2189.7629475708113
cell_49205,32649.2034401215,-4454.250593789344
cell_45185,-12705.298278209124,280.6611950290451
cell_43634,-2547.976515294707,-1365.2928252937863
cell_46971,-2071.5543667351094,3479.9685187995397
cell_45424,36883.8473174523,-1390.7777559566575
cell_48483,19205.392092579237,-4106.83281745156
cell_695,20574.408417230366,-3899.9972320148777
cell_50240,39206.49174845228,2927.5526932336065
cell_44241,1219.2576614484296,-1257.1715560009873
cell_50920,28615.28165967968,-6057.634001287504
cell_45210,36194.773841384376,-2123.958450207733
cell_46284,26198.30116801356,-8146.1452460410865
cell_2914,23843.506691786126,-7051.609878028748
cell_48173,-3218.799143978516,-1513.6511903994829
cell_52061,13498.025047298057,-3788.231636014393
cell_48635,-10489.031776673071,1429.3464021539023
cell_45412,21747.476524465033,-3450.1192242226734
cell_1085,4064.5851214848144,-2346.6169187379496
cell_43754,-13244.887442722602,821.4263334602031
cell_44351,31118.22463028161,-11835.128449725138
cell_48464,19986.075595862603,-7514.275781879206
cell_5106,14412.299873431355,-3804.7336869793385
cell_47528,-8371.130578919176,125.33487169350741
cell_4774,-4317.626588619246,1925.423919567729
cell_48461,11836.06147537776,-3299.6809312172786
cell_2678,30551.87720478172,-11366.126607733579
cell_47420,20215.23670334946,-3820.6267241934834
cell_51309,38835.98595626214,1979.1805857880677
cell_44982,11112.261212243522,-3502.4795795481036
cell_47008,30952.126397415523,-5864.338447234825
cell_4977,-12369.875577786952,-360.5685562180731
cell_43789,-10656.46080682237,628.3876777861972
cell_921,17709.314769664128,-3853.0650763182516
cell_4134,30537.13498001365,-11241.62713307797
cell_49610,27872.623719116225,-9343.257159203893
cell_46443,37576.62855146844,6.99368796089828
cell_4748,17645.117309517376,-3498.317955903137
cell_47706,34561.957946057824,-4346.004189360195
cell_44846,-5803.036926526569,194.3724256401573
cell_44183,22376.779656590454,-6057.248196035116
cell_44255,9276.449603600999,-3368.4032754891105
cell_45787,37631.024283320825,226.80482058733497
cell_45949,-8364.31434162748,748.8525215463188
cell_44199,-2722.746579574821,-224.86945622112015
cell_3915,38150.74481892755,393.7070381390066
cell_49356,10483.488014783887,-3402.6189717339175
cell_45269,-8481.260033755869,91.90263766581684
cell_5058,-10378.39042731368,-237.8702208967625
cell_4477,-11553.26899142922,-77.76988870098569
cell_51051,-11361.082876859366,-1164.6195943115342
cell_2905,-2591.0734096289702,-228.29536801744487
cell_49263,-5443.077034464751,-409.00194491375817
cell_3920,23888.480076939708,-6876.6639726908215
cell_45943,11447.266341734383,-3444.057723678952
cell_47343,1288.2139274487654,-1400.339303441424
cell_48957,21282.85658982056,-3321.809224407402
cell_51198,-1053.8508891350925,4558.347257228996
cell_976,17709.185308945478,-3451.9832660062602
cell_49322,30799.345788506882,-11566.589374090132
cell_4385,-7370.867700853342,209.0646205694884
cell_855,29883.158495952932,-10784.418273026386
cell_50799,34627.17264786246,-3109.773817867654
cell_52354,-11069.576170158281,-1909.2685809854006
cell_962,34885.93088771554,-3516.877656933759
cell_46889,-8978.828077438102,-628.911203022594
cell_43974,14798.72317528685,-5072.62747326931
cell_50032,21930.553072947012,-4463.085880987096
cell_49210,19741.841462561995,-6168.589030743818
cell_45482,21730.618039720168,-3465.3466469806494
cell_48519,31288.785036580513,-12159.490161374471
cell_3679,-11711.611023541138,1418.1146533059018
cell_2827,-8356.889521350484,256.8449991849095
cell_4354,-12559.749941537866,540.8023024806322
cell_50877,21661.953495043414,-4000.072051672163
cell_3027,37039.11201213244,-1386.3012751415588
cell_49300,30378.244157304794,-10930.69162920078
cell_4278,20338.760149234804,-5233.562924409933
cell_44686,-12963.272929291192,183.85247947021247
cell_43569,38795.647277714,1497.988197464178
cell_43755,30146.164269814133,-10861.662838961249
cell_51465,36382.293812133714,-2079.3696126420714
cell_47456,30307.748110205066,-10937.441869761751
cell_47001,17697.607258476182,-3412.34389161052
cell_45894,-11293.2225509082,26.165569406270695
cell_5179,-10508.804152629733,700.9511774216793
cell_49738,3499.068806961557,-2009.0229930770927
cell_3574,24468.75845398819,-7492.116364455212
cell_50672,30897.900163195933,-11670.001943637571
cell_44701,31198.310097231748,-12004.927510865595
cell_45427,11836.948938854872,-3543.4896918034083
cell_52070,33179.87520447795,-4803.968881470979
cell_47998,-4758.256119988376,1052.3795582844848
cell_48356,-13235.937129476753,470.4139717798482
cell_841,20356.653033783346,-6375.846998163523
cell_44366,-10847.806940051578,913.8699942863607
cell_47399,29678.57427138588,-10396.71695590805
cell_613,29311.12333220139,-10410.527866592378
cell_51298,21310.287973952272,-3522.6580133326534
cell_46918,38818.28075819762,2211.190505883888
cell_46594,31137.03031560304,-11925.237045256172
cell_4011,372.52244914817646,-2150.96858713825
cell_46518,18279.078294944702,-3487.684657303913
cell_45695,-1303.5811596113485,-703.4541884445441
cell_50900,30230.304188756,-10807.686095876992
cell_48213,-11204.097227198812,-130.07297421934334
cell_44918,17838.15541934427,-3514.1586878750477
cell_45318,20447.21377667609,-3612.8532564460825
cell_49940,20164.84861271083,-3820.9836814116575
cell_47236,39140.07305609837,2449.7260661955543
cell_46990,-12436.037524184565,686.7007995292956
cell_45374,-12266.738375623294,312.0119974892143
cell_47064,-9311.706411924659,-157.7230021795578
cell_49413,25626.743711725754,-8101.617965913515
cell_49897,38999.83325028686,2443.75493107387
cell_4493,30583.857624335153,-5507.475146576968
cell_50703,-1416.518212000566,-1384.1930930447763
cell_44795,16146.525841894098,-4168.631129039902
cell_45483,34415.678981469246,-3981.0974068256596
cell_51698,28558.564995358895,-9561.882700744149
cell_51074,14008.300929153233,-3973.7816344822772
cell_4387,-8149.841281297331,-433.84292334199324
cell_2710,18533.51402219648,-3643.3559388460135
cell_3719,-5049.026814689975,-138.2541134227832
cell_757,23185.0738762387,-6196.76760906249
cell_46243,39032.40167154226,2700.570713468307
cell_43635,38924.36684237045,2349.9851492297844
cell_47716,20536.46503806307,-3831.0410683991277
cell_48389,32850.32666413094,-4506.90959867355
cell_4813,13373.716744258441,-3607.1602357669803
cell_44634,19228.843371377447,-6358.5386486800635
cell_3050,-11231.461616630231,381.4584274562524
cell_51599,-11369.518374978707,-1792.8994654475796
cell_45938,-7074.763079866659,-44.66654951106352
cell_50082,16283.120452868063,-4265.322842308564
cell_3125,17165.513813941718,-4975.181505420775
cell_4065,19145.156212270762,-3800.6180809503708
cell_4467,-519.9282902398608,-1077.8681189316942
cell_45898,15111.828198296247,-5393.929811996207
cell_45635,20631.359264128983,-3668.5086544243277
cell_49289,39105.2446294246,2177.676357594542
cell_52048,18596.93997738944,-3352.1555362256854
cell_47711,36257.51004476788,-2103.652562663024
cell_46620,27445.416659007413,-8967.323038560135
cell_47254,38378.619920899095,1425.1606892101074
cell_49649,-10303.313357776511,819.2354985878062
cell_5380,26068.88702102133,-6822.053045189676
cell_45069,2126.4456701260924,-1815.682664431576
cell_44755,-11033.78507452594,595.8605583606432
cell_51418,-4593.787202085482,-1282.0264131777612
cell_2716,-9949.58956528499,551.0788566755997
cell_48688,12898.912677761946,-3373.984001681309
cell_44417,30103.92450063608,-10908.31543222733
cell_3233,13553.727870548331,-4279.02733910422
cell_51702,-11253.23631542459,-1627.099683438663
cell_51372,30170.773256496013,-10760.22138996847
cell_51165,-1364.9014315452573,-1459.4796116861594
cell_50251,22764.990166026826,-6700.675549842983
cell_1359,3690.6078917358077,-2196.2519069924665
cell_4805,17660.615050666045,-5479.963874645983
cell_44847,-8179.943041275867,-645.1277765810605
cell_51703,-4616.0029859732285,-1464.3479202750143
cell_45025,38942.01949555605,2019.5178903197339
cell_1260,20195.977506019208,-3462.125539686632
cell_45147,31255.447653008436,-12157.436478203233
cell_4050,-12815.157104604485,0.358507431935819
cell_47693,-10023.271059824277,3423.9043310954125
cell_50606,35948.10581644952,-2553.6854633346197
cell_50019,-6988.725727812369,-88.11546637381177
cell_44123,8819.233074736387,-3077.796635091959
cell_977,23922.261968035833,-6871.706850352951
cell_46532,-8029.88562808304,950.2136358002832
cell_47222,39131.64119601825,2699.0513480278446
cell_4126,-4670.489413976495,-763.3526351313177
cell_44872,38925.49768484495,2052.5807526959984
cell_5169,-12257.317404351443,1495.94160571919
cell_4413,15697.648602048414,-3518.7579954549697
cell_1248,20503.5585663787,-7254.531504928328
cell_48573,31334.962379650224,-12327.090138914002
cell_48582,30540.406065772982,-11183.526319664132
cell_5192,-10858.649792410508,199.3777179359823
cell_47334,-10279.625095339154,381.079472370113
cell_48264,19360.75879115524,-4330.208367984122
cell_903,2811.9790872644408,-2338.098330534039
cell_45444,-12563.75184586506,215.64132674521915
cell_46674,-7637.702390614512,1051.6818227120239
cell_2719,36752.4821439685,-1411.3975210816702
cell_51511,-1176.771874478302,-1582.2140149090033
cell_749,22841.06940430606,-6531.3146159732205
cell_47181,-13085.3840502178,157.68922426267991
cell_44003,38786.793502022454,2199.744512370368
cell_4753,16907.555869455588,-3881.3254761877024
cell_44766,33867.98332347229,-3711.1963690233806
cell_51343,30119.924032507628,-10686.914897802642
cell_46218,-7151.872330990277,785.9862646147429
cell_46203,35831.72692590417,-2275.0580778667018
cell_44039,29717.68953239785,-9481.08769544894
cell_44322,37171.714443675475,-1019.0520912816412
cell_51290,34026.98504317677,-4204.676266815702
cell_47853,36251.92485482781,-1665.4266498950194
cell_45528,31085.9738320927,-11683.8404704037
cell_49003,38395.96572419392,878.34250196541
cell_51206,15292.98945668446,-5279.066408919601
cell_4746,13314.105953470907,-3772.2999282908168
cell_3416,-10013.391299966235,989.747535980512
cell_1370,21139.736134275474,-3531.772643004789
cell_691,38966.52282009384,1934.7551423408481
cell_44201,38786.385696758945,2237.140232725992
cell_45614,37218.85528426869,-755.4693085919416
cell_393,39108.84249991276,2820.663785284141
cell_51777,-9610.39077314056,103.54666953906373
cell_47685,30992.36990776454,-11804.282067547943
cell_46740,30803.091665289205,-11585.720875081177
cell_1129,38236.54978249651,614.8535878205706
cell_5056,21541.60506445366,-5508.089666219833
cell_50063,-8579.237974469892,243.13397522208442
cell_43489,29954.376543767718,-6026.561355655787
cell_52228,19562.857389100554,-7083.80160568176
cell_2881,22222.543510180752,-5455.996347392274
cell_45856,-11159.993592063924,400.2468338906906
cell_44923,-434.9586698052337,-1020.75449442625
cell_3905,24375.34405498066,-7534.25328744407
cell_50677,-11191.63062030439,619.3619382230453
cell_44235,30998.15190158958,-11713.741517478305
cell_49180,-12691.570745260564,-26.965722119820516
cell_4752,760.6808312884779,-1456.2883616208424
cell_44669,38310.12678973796,765.5924015617767
cell_43924,19177.304056258672,-3953.355314152842
cell_51134,-11209.231656149686,304.95579708300727
cell_4812,-9482.525830339702,979.5952406687583
cell_47475,19319.874945309948,-6990.7728272043905
cell_3749,-11920.725794619373,800.0587823517759
cell_43798,17378.39494185037,-3701.7218361080727
cell_45818,-13208.275997379149,377.55754275691504
cell_45532,9606.955787348976,-2867.7433070388233
cell_44969,-12119.045930732425,0.12704745356739444
cell_45686,31183.658853603236,-11971.087945876507
cell_44584,-12241.480698181536,1191.4451055731788
cell_48895,-12955.423263514036,245.2378696654601
cell_44176,36834.34461017531,-1578.7386847611858
cell_47993,30070.632538057504,-10891.934062379498
cell_920,17414.602736462737,-4883.022233971867
cell_45286,20642.504120146365,-3610.451652922195
cell_49310,-10459.289775544243,3628.0669890244367
cell_46766,-10670.760091162074,1240.1748309449895
cell_51005,39268.01984490948,2743.097193432154
cell_49549,12495.808934756886,-3511.3098049279342
cell_718,23678.57685213186,-6800.103912247909
cell_3811,28526.72999483741,-9681.573209660992
cell_1276,3607.3405855573055,-2123.1179859516806
cell_51352,-10251.499683015916,-1577.7442048188348
cell_2769,-11374.446589457748,1333.6203783258982
cell_4029,19085.584129926603,-6644.000321141381
cell_51267,-4979.450650674461,-1937.6456338407124
cell_51732,-7384.68144527243,-1131.9487818213559
cell_5170,18422.259888608023,-3563.97851081307
cell_3165,-9606.265531578123,247.3279273793726
cell_50468,-12008.39623433455,-446.038062806528
cell_48817,37329.735529128106,-379.7275596665131
cell_45768,38309.293872410046,1015.1482645760719
cell_4125,-11823.42582011197,124.3234653346635
cell_3166,-4811.172592194348,-299.3335755576947
cell_49441,-5191.548785337061,48.807957067427715
cell_44410,36087.015644733525,-2369.81293425029
cell_1303,18906.332039219844,-7273.727125817784
cell_48499,39002.11060107613,2382.520043408169
cell_4980,-10619.922426020188,-623.5951144779925
cell_50570,37923.20569216595,223.29476925801603
cell_48989,-11818.910628500547,447.8420881002832
cell_49903,38648.85806448069,1450.4184786028152
cell_4521,31306.866115268058,-12240.840230664784
cell_43548,30541.424909010042,-11395.195483941465
cell_400,30518.94837491507,-11581.497364540599
cell_4214,18681.944368216304,-3646.046150653687
cell_47599,18271.93676659973,-4353.047874272778
cell_3969,-10223.536411328869,1488.0992927154948
cell_47380,38122.858936343524,690.2003045988274
cell_48629,25902.89500355695,-6054.845839454824
cell_5445,18999.297786946707,-3706.141251895956
cell_51847,31475.93882128067,-12281.108914035485
cell_51728,-11511.853070402953,-1598.265713887719
cell_45683,20795.237186095772,-3814.318865850161
cell_48833,-2322.5014892050813,-1869.1933387039583
cell_5164,30429.278523489815,-11020.9168270747
cell_46157,-5120.1927676131745,-92.92276055377226
cell_3980,-353.12812322657095,-57.92327358023267
cell_50103,36410.05423296274,-1992.8964946865337
cell_46816,-11944.625680507583,-119.58494396585311
cell_50713,-5358.58373267794,-1926.3693939002414
cell_2855,-9427.470228137016,1391.0412376884558
cell_50287,-915.1175624456974,-1522.6445415151816
cell_3530,36454.16993514539,-1557.4576746961145
cell_52019,-4384.085073897831,-571.2440296425506
cell_47368,36294.255480352425,-2021.163963225662
cell_3267,28578.300928980527,-9719.601856594221
cell_46848,36420.696695694794,-1661.9801885395677
cell_48405,39046.77478243173,2127.659034270642
cell_48127,-10124.7780806639,-808.2848433583861
cell_48708,-4730.807944567688,-599.2911773600845
cell_44443,-12648.443552559373,689.5347074608939
cell_51435,-11935.299991147327,-490.0693541296614
cell_48959,9888.494984790623,-2880.91541897504
cell_45730,-12457.45478480604,-55.287042070890635
cell_45942,-13262.09061819062,639.4291841352326
cell_45602,695.4187703724805,-1622.6987967081873
cell_43838,37878.485430567634,333.8452982838765
cell_3911,21699.536460197727,-6476.915023809815
cell_48116,20964.721571588438,-3533.043616454781
cell_46450,-10805.916216805072,495.62119129191893
cell_1119,19926.724716611792,-4814.681064953962
cell_45109,-12252.776998422962,-115.79635839255963
cell_44595,33167.005408789046,-4058.442361871231
cell_44908,-12608.189249230101,417.2775806378448
cell_2894,36121.93785472262,-2277.6614393857312
cell_43787,36358.63821923804,-1879.024218272704
cell_932,23450.184635010974,-6678.995755050379
cell_48968,-11608.921713228421,-70.44068004581209
cell_3520,1026.2325212336525,-1905.5239561925623
cell_46843,-11194.633101692802,8.833502177141217
cell_49949,-10499.012734578728,-514.635173359567
cell_1259,-11400.47996437938,5214.985606455018
cell_4199,18331.86147714627,-5836.703802213056
cell_4691,-10306.429582489089,765.1732476280662
cell_1251,29609.935435035848,-10495.032331448805
cell_44449,36988.29618937517,-1303.1934518092658
cell_48632,33078.19836173669,-4523.872335237316
cell_3675,20185.667724394,-3329.7249471195933
cell_46618,-8683.402412727455,504.63707786078294
cell_3654,37276.15839917185,-849.9647872649439
cell_48250,21124.423770793084,-3412.3657811097137
cell_44525,16368.051663127888,-3842.041376357326
cell_47061,20676.076850691323,-5506.913748881749
cell_3187,-3532.9073630270377,773.3601151546637
cell_48274,-2169.231538240294,-487.40844312724585
cell_4717,-9379.695067923272,1433.6028161051931
cell_52158,-10964.181403385257,-1882.8209252088545
cell_46768,-12351.4735901454,3470.298322436342
cell_48859,28248.35807722948,-9279.319664882127
cell_49352,29731.952048809515,-10525.30022910088
cell_46907,-12674.097723837229,914.5277711231338
cell_48158,36455.59855640815,-1513.1424032830914
cell_44066,5180.931514853119,-2846.561326173251
cell_46841,-12849.567603920623,1170.4220732620736
cell_51899,12569.68990897379,-3425.880015263581
cell_51573,19682.025352164917,-4196.848819873263
cell_3742,18653.125077927467,-3468.858098859611
cell_3891,37528.61247349605,-480.5951975848609
cell_45452,-10312.087029983748,2310.5449027337754
cell_48238,39220.597941688706,2957.80310378388
cell_1097,24218.519131743768,-7178.615786289403
cell_628,20768.49411141409,-3667.3134347654377
cell_47501,21510.307668145822,-5722.867074380469
cell_3382,21429.111024711252,-3588.9538325206895
cell_4612,20079.133031295383,-4297.273617091884
cell_49103,15521.65015280087,-3549.7988627819514
cell_44142,20278.25133931163,-3840.646702892078
cell_51870,39316.660215329684,2951.7056650110194
cell_49025,38980.327788894174,2585.9597667362364
cell_50131,-1911.5642508512872,-524.0740659741352
cell_45794,36541.963335241475,-1732.1341944344983
cell_44113,29503.851942122357,-10327.218831876973
cell_4637,27345.012038699533,-8990.357234649884
cell_46880,21442.54481800154,-6147.172451366846
cell_45127,30895.397739277425,-11472.578957233129
cell_43866,21344.194992131776,-3434.124193210325
cell_44708,19454.340764432633,-3656.8780456032905
cell_46788,30206.38434660592,-10827.491880354868
cell_51476,-4339.797390976579,-1864.4530362144787
cell_5118,-10532.355541913632,658.6841684955816
cell_50681,28894.76695070268,-9661.117010932014
cell_45281,-9519.19690332741,1214.276703274791
cell_51058,-11480.93741165063,-424.69736676999014
cell_2812,2929.2412455349895,-1037.4178995425664
cell_49710,39205.444522153135,2847.2171175782582
cell_45531,2458.1342689588187,-1904.5683058587001
cell_44529,30189.078896645417,-10970.77720032908
cell_4760,-5521.088296572346,-70.5223146411315
cell_43994,28899.301230130863,-9490.786235392
cell_49596,21628.15329203291,-6609.688600490103
cell_48988,30903.772246336877,-11720.902133762367
cell_49196,21167.436184224764,-3376.9360381027177
cell_51479,33484.100475222884,-4494.131864757048
cell_51510,31314.77901127827,-12296.849537650885
cell_44204,5812.093483527096,-2053.665908065536
cell_46977,-10417.778395655076,251.67775102879148
cell_45911,31146.75573772065,-11913.778776910198
cell_48479,-12726.762140855846,873.7790870031673
cell_49589,825.9004795568668,-1276.7134577648844
cell_45692,22440.330561677813,-6716.728868418602
cell_46644,21329.406608469824,-3777.784037033761
cell_44641,-2123.290933923668,-1963.2886024291754
cell_861,30930.98728701535,-11955.45695863533
cell_47582,-3569.5098866313797,-136.5127513483006
cell_45464,30777.639863238994,-11487.648653440148
cell_44914,20521.088650697468,-3275.8041714372894
cell_49713,13182.911339598311,-3366.411606488708
cell_50107,16771.231688017633,-3805.5061416425588
cell_48544,36195.63534582906,-1682.0182480057952
cell_4420,37665.73850863519,11.751449697575849
cell_46709,-2008.7176754999955,-146.4296036781679
cell_49394,19682.941640483637,-6008.516580639071
cell_716,38491.44654359986,820.529283323524
cell_49345,-4384.6117030546075,-395.49476239562927
cell_48626,-3795.9537989747237,-448.2371807215415
cell_1398,-12085.59557957901,5779.199763307067
cell_48105,-12171.208988574017,485.6175079522415
cell_52149,-10075.324088226047,-3125.094140433366
cell_46550,20308.57669312164,-3293.311844590473
cell_45579,-5533.57074582141,543.7575349771557
cell_3636,-11710.178209997608,485.7749274934874
